Actual Wavelengths,Predicted Wavelengths
656.1290436899292,664.933345032946
647.2583854153044,620.5276971455056
627.4196766298201,584.2168016716976
479.0964321215763,490.79847968160834
628.3419593131739,634.6213962612451
586.2749066373407,581.0383416159029
543.221784849254,506.74325689131786
446.7457013652693,452.78446062498784
830.7247157185855,659.3937545469404
757.700100136476,589.756227698253
690.5728477532277,548.9921798554897
600.9108578215097,483.72880549752483
703.0574020296224,629.9316575758529
580.9031557113021,584.9107062350303
541.6768565091862,553.9765383975513
484.1221023256675,483.9829939207518
584.2794944143261,599.5068961803536
563.8677964470476,553.6763507050339
524.6187189122548,509.2995017399478
462.3549764618555,465.91281440868374
596.2905675905635,643.4964593274572
551.6301017650296,600.9125117274923
532.3922616410109,567.9243254619853
469.7482625469141,486.2108283769916
753.1005291822447,643.7596158372444
717.7043943276791,589.0336052757003
595.5882682549858,561.8198520077141
471.386956858488,489.7717622278957
489.662931386531,625.9263612145674
466.9335638682227,573.1789097200098
458.8671942678071,543.1645761510064
457.65177620109154,482.77680768344163
753.174602017494,687.0812409629029
666.4484480610195,626.7155083006958
639.5619718641304,533.0594592748256
590.4467392385372,454.24938907056355
545.4034794009249,669.8321089732877
533.7014375594252,601.783907503269
441.13860889588346,566.2204713801708
440.76046783578727,492.1483901780338
618.8671914088792,655.0609769430707
564.1363784954237,587.1057110286126
476.1755096212767,548.0128005208303
451.7991712883813,484.222203675921
574.5465252401535,586.8024269735572
546.786302923824,551.0954841408554
506.62031199489616,533.6637440040863
452.6627833180645,480.24593152695127
612.656186770732,668.0242086481902
569.5468887178597,608.9920021332946
563.555621855562,519.7742889281295
528.9306849568111,451.4478173582522
590.8973822687532,625.6621562773104
567.0724655929229,579.8812230539734
554.8414215204972,532.5539481232333
449.46823066679326,469.825657697225
529.9384469988903,641.5067384999201
526.1780121526813,592.6254181487462
463.9538871989624,533.8472748523787
451.7062290751185,467.2250588489186
700.627275495785,622.2359793022167
595.4174258764446,577.0408856688143
533.6610553738483,549.5172509869327
467.97946618439687,483.83935416009086
499.29478078663095,666.4091708853712
447.1465610625411,582.8722742921638
446.56582682499766,529.2180232725887
418.1407471581099,475.95545446618377
604.5650117456447,655.9941013528805
582.2515573888973,614.1316562546632
474.1508404060144,591.7976009305447
470.36307484639593,498.04588503303944
602.6943258880774,629.0059792478846
572.8205117183716,581.1961141838359
555.0587327575885,526.6726875160773
454.3658736081916,465.2750494673316
735.3215978263087,665.9363144547727
668.8005889025259,608.2748084179077
645.2771666538749,521.437119157444
468.19235558327034,453.0090003950592
703.845243639987,658.722635598476
672.0142960922122,614.4234255820711
633.5596971505722,585.5852721279044
451.3859500277666,494.3413572877418
831.5215709029452,647.4780091919913
702.8279199121653,602.1680718612565
627.3304389588875,570.195272105821
620.4448021319861,488.84002715108795
601.3225399003157,661.968629807257
570.3468238354822,602.4784507045568
550.7279569202167,572.5679772282366
519.287461081475,493.29244655817826
810.2016234377421,655.6219042320083
743.825298279839,599.9965586277038
656.114776468272,520.0515351599515
605.537227430502,454.91376616411605
575.6112770814393,611.6643012661091
567.686595595164,566.3624555718868
497.41736818055807,520.5806110496559
468.0385960630664,468.89225212682015
585.7394020133004,639.399057526664
550.3632709993229,584.281100415761
517.5891078367027,554.4956412989554
448.2195600461519,486.9077642677963
627.5799880739429,653.8335571709918
601.4296172538308,608.149022400382
472.377445675868,578.8462992759877
457.766359273481,492.8532540564056
868.5557318269211,645.7048848919584
691.3860249854216,575.9028446128757
624.5338006506784,533.8305279665044
601.6365774605574,478.71301294983476
886.9439863131249,640.7108988592256
642.6408561991865,585.7507886061499
628.2031712590773,559.216147095687
463.27141934123927,489.00865243207994
578.7229577351712,643.8094198521088
517.3271771088082,587.6398237036684
487.00860013679886,505.0872212186852
476.2509659227542,449.35023423419597
561.2118046750935,649.8322345856968
507.2766454987986,604.1097880277957
441.9149706845173,560.0301976795644
435.3908346214956,480.1225892195446
652.5423789518237,636.9971853843052
598.9655803711697,594.9336649214409
579.9244365101151,566.7841758445536
466.9259554652359,487.7456785367931
532.0516958753386,621.9197263435951
522.9586521871431,577.6107439774163
515.2070367424781,543.3933702864141
439.77194905873495,478.901316180508
633.7378824024624,637.5759603378998
539.8244226081974,592.1651941734191
535.1941030202516,549.0625192440616
459.2618719271435,477.06073773680765
593.160646298201,683.4129337330604
558.0347101243617,637.1538920120449
539.7606634878863,590.7836201417932
444.9103924964266,488.13112738434586
567.7781364529212,642.3073770879646
561.8271549138334,596.796295206041
542.6117264100411,550.5840145470339
455.4330496358303,475.58954385273586
515.2235243375959,644.3686979840893
484.0151816302753,590.226834809655
475.31235348623653,562.02380651149
448.526131533754,489.56417544224166
883.9137013393809,649.9764813571328
670.2198203880475,580.858196330029
628.251506204233,539.4983990895221
607.0226160146337,480.4300083646148
897.7859053342904,644.3377061336824
703.6850127063283,576.6276476916695
628.7890620664117,536.1006830741967
617.50121530202,479.48462442215435
474.5193247730624,592.72132956584
456.7290686956979,542.7490685543347
450.0867751540775,509.97900932264827
437.6664699192188,470.776373009851
673.9644263075822,622.5927275133218
571.4607675281819,577.9028427451788
527.8911497559075,546.611285326076
452.4317897353498,481.3421916801868
585.3743432379556,601.5830014491903
531.8175069306365,555.8133023913998
526.2858934549797,507.5311042386069
454.6720658071067,464.0249674462858
577.4424206616455,612.429938576839
560.8128116474442,567.1029153193917
516.3654195668769,520.5115808794205
459.4562916962709,468.5548989263699
855.1238526305019,653.7433830285335
807.3029294437728,587.8357152632441
693.630585231437,550.6399134518753
622.8585413415191,484.79620854027087
543.6220750365958,644.9363473455431
523.5444258059472,602.2656720072354
513.3031714656393,572.7861706024997
439.8737608685761,489.37662922751633
797.2464124719116,642.9311457582031
626.3495502176121,590.1544485702273
590.7949413092078,563.4178238106795
468.8188247721748,490.11133278883517
544.6520790404546,668.2040757424561
541.3569862876044,591.1074350153066
470.0012086866222,549.4866293953202
421.44105516161386,487.4184490237445
676.8394403543999,658.0918703210779
629.3607458874646,614.166336318392
614.3525646559199,584.4677067002731
481.6278212224103,493.4225757777814
572.3824839989642,637.4597665134219
567.2599832537726,592.3581735230636
544.9593648872828,547.7629396893561
447.5078756284887,475.4734057715471
528.8204891980407,602.3663075863941
510.3625384901165,556.0081385585012
494.3328986406138,510.88808936524583
463.91949640449496,465.58022664697774
883.4891497336907,670.5360408790226
688.3234597943687,593.3091538960348
464.7465696015242,551.6474863187574
432.7524403852291,487.9767341074079
656.542117151021,627.2480464922858
622.4443186404698,580.9462737305521
570.1847305076353,532.9266446187464
529.5240133472662,470.02333509836456
768.8995068104871,668.018129095838
609.8527150971846,624.1069590427251
570.5677359592181,590.4867506234236
552.0152616569843,493.7095455324729
627.8152886079606,651.0559393580412
567.169174201136,582.7857804777212
547.6231064964916,548.1166793353995
483.55558564990014,488.1522457016688
538.6835163653345,673.5451085022517
520.2622832276276,616.6046880874225
512.2306759356334,579.576477104105
449.6579066436104,493.82299590212324
619.0827958036338,548.4707728103235
604.4872891406883,526.9028876824923
577.1910730047197,477.3929301992358
458.9132736009928,446.08651980471984
577.4424206616455,574.0683796944736
560.8128116474442,551.1749709671141
516.3654195668769,501.75380320659656
459.4562916962709,456.4184956529971
846.2989795017129,556.1378012890198
519.3340435775315,537.302691125198
476.0801284568726,485.9668395427622
472.4757093430973,448.99581680110214
628.3419593131739,627.8313898865595
586.2749066373407,581.0085941227045
543.221784849254,521.2962240427693
446.7457013652693,465.3746074141126
677.5111501863419,644.9247518494078
572.2867929089758,596.230951974291
553.126563660848,555.9793088473954
461.33128038202415,483.12700901681353
816.8647005799231,665.2000981977294
642.6166556645695,595.1879238043415
581.5734571327612,550.8085167658398
577.9376358918604,489.6580212292645
574.3081158369903,702.1240015800059
562.4919756701654,616.7444434789788
545.268890057187,573.973211814297
468.2588059440985,501.82646673879736
520.9625049252976,560.4936164831203
495.55159589650657,539.4782360769002
476.2101986300317,489.1902042729521
455.947918114199,450.8596129203922
577.9110993685471,625.2733986903479
568.4841471810776,573.2994272979997
558.335733396071,542.618616176405
454.5949914887845,480.2271304383806
718.8768641364126,662.5403280325977
663.635620780502,588.3593305440073
582.0955673810182,547.9710116408968
464.11249093948686,488.3729405927535
561.2118046750935,659.1303167202308
507.2766454987986,608.4474705844976
441.9149706845173,566.6512901807421
435.3908346214956,487.6033511002445
664.6014143673349,683.3131502690202
619.3985689213596,601.0334405849532
518.9311182718285,553.1996815876182
476.479471533738,492.92866389763077
683.4840680000094,547.5102154411101
588.9179303042077,532.60420860094
520.3435647859537,479.79096975295266
409.14876372677094,445.499066226566
574.83850578051,572.6343103174246
571.2346514934544,546.5849858760946
550.0238995615491,499.16643447389396
468.8073440328863,456.3616465928049
702.530986930159,663.4319136780715
563.8065338640872,588.3258716760818
530.0139019122432,543.5447375053868
444.08127459114854,487.0987571854579
618.195107495944,651.6375807297081
588.2131356102992,597.9337898377553
514.4387101205367,539.8868223299253
456.5515428264905,474.32748831551214
562.0019991124186,560.200509443699
551.2614191811948,538.3587009167792
475.1495220819696,489.7669288459485
466.2965617875934,451.71146647499
512.9833484117243,601.8413870542336
511.1288202377232,556.2087848420607
463.6488941380858,519.7754253646106
459.6820861700347,468.87100899549426
582.0455968504493,632.0233850342742
565.8365180204325,581.8016123163018
545.0623704781453,539.6376493461172
448.4534660173425,475.5528261560516
811.4085811188739,586.4303071746418
562.1979705080112,544.8138881900179
537.9662578714598,504.5506124809712
512.4270076990571,461.0931996514624
756.8871065276188,680.4711309863923
593.6332318004021,613.3402650580767
576.3863476427989,577.4417329607388
432.9465330789165,499.42008504601336
593.160646298201,714.9687560902557
558.0347101243617,651.4339261734872
539.7606634878863,610.9848750923463
444.9103924964266,507.67719708152634
581.0444280615988,671.9862240931154
573.2772425885129,614.5133263415172
573.2354095794708,572.6520361440801
451.3089575089877,490.3789136900244
551.7446645653912,666.5258648721871
520.0542634927892,584.6778069286047
464.21164970724425,525.9876356724058
448.8864072957066,483.0395514797185
783.9978111062393,662.1281434965134
645.949655038992,595.8895365517576
616.7397475313217,554.01934633972
477.71158091102063,489.91288033128114
821.9933564063326,672.2868706706208
729.9181171662959,619.6797314765562
702.8692286502011,584.2791214631196
604.4447867751416,496.99000470657415
541.0646069213947,684.118070525331
535.491750516534,613.3491945385036
487.4922070220345,580.1620476844746
433.0962101744829,500.9844381718105
567.7781364529212,661.0771589098393
561.8271549138334,605.213049818522
542.6117264100411,564.5258052386906
455.4330496358303,486.86188533192626
656.542117151021,631.7764099543433
622.4443186404698,583.3543160237261
570.1847305076353,539.738689095395
529.5240133472662,475.44029580864003
581.5200878205168,699.952142558585
547.0741931027135,638.7888138618632
545.1947702736596,586.3926074189883
462.64375263671224,495.6420416002256
886.0973914997287,537.8799735001173
673.5272544822762,508.2359144677921
587.5385119329312,458.2322323653125
508.1075038061588,443.79365816402304
607.989452701624,595.8903994491852
597.5454879324826,552.8240241112031
527.9232006227113,514.4117367737547
448.8796852188461,465.3461355577272
578.1348301689227,703.9832162931455
557.3629908126866,646.7025120858317
547.806739631287,604.641140583922
481.1148231652136,504.55682042736623
718.8566753468305,563.9720795703038
694.4020862534777,542.179145111389
607.0455847899506,492.7683561299014
596.7817564062373,452.5576917440468
561.3549338206711,565.2094952563716
539.5171489714845,542.26342533891
513.5404354169157,492.7632659817549
458.7352007178072,452.6380759902787
540.0563718886741,614.3725337609114
497.6145714241552,577.358012125835
481.29936025598886,523.0752657487374
451.71567832169274,465.87078220299054
599.9067437901979,661.222363634808
579.622843559374,606.2855932582164
530.752631532557,548.7736608788587
446.8294265717018,478.3376722602092
768.8995068104871,683.3992967800775
609.8527150971846,630.3220310940229
570.5677359592181,593.9556397403057
552.0152616569843,500.6231778069273
575.6112770814393,573.8002608171199
567.686595595164,550.5664691712465
497.41736818055807,501.6091313607969
468.0385960630664,456.5156487289436
702.9841813969207,677.1807224696738
667.6836915769329,599.3858466176702
605.5890594509863,558.4527208395739
476.88068303052614,493.6268600725647
671.8581231834347,683.3149618170311
643.7564184523649,598.372762835676
621.0629468009321,551.5744507778278
506.3518049542334,492.37390653657724
543.4020887360975,597.7991877813521
537.7181402118088,543.505132866537
516.530324335695,498.3637386326551
461.3252547412272,463.9684067655716
578.0479131695089,636.654045246788
568.0746795694313,583.8939937178334
557.6167432768373,541.7948999512796
455.8510265242718,476.554832130659
748.8183849762993,567.1621764835276
695.4413182313432,545.2724004667875
641.6897079914676,493.7981457696065
513.423598472593,452.4555461775086
673.1033773963994,633.1847732885865
602.4516648767809,583.9372236020737
588.3551751642307,539.9155668569543
520.5575255595601,475.6239303783812
586.826733870532,632.1858569388281
558.5088216848934,584.9595178212288
534.5227198449309,542.2024652108058
461.4655668837807,476.64376850729934
543.2492470654427,604.6893458754042
513.2446557791833,570.4641496024853
494.45204633491386,518.0577955727375
454.994391472549,463.76817605800727
627.5799880739429,657.6840516672704
601.4296172538308,608.9889869484555
472.377445675868,572.3013467736853
457.766359273481,492.13590028749877
673.0800100355472,669.5731974731555
614.0458037206637,611.3288297200953
553.8187322755293,581.3704168196857
466.21091669260466,498.1344979173781
520.7716623631878,611.8440391544282
491.4657762841836,569.362819368338
459.1061029507962,526.4922557303557
432.327197044576,469.7185461123452
558.3184920438251,560.1291381089816
538.9330996587646,537.3814143369827
495.65806695221414,488.9832440190722
458.4502207907911,451.3746692470265
588.1142801127593,635.7694634232455
563.2008353028251,583.8435232898055
547.33924104203,534.5930043575694
456.1659378459104,481.73512952200133
842.6916860042331,681.0438314295178
796.4037391842754,599.3851962131076
699.9965012999407,553.9970263866171
618.6272937304973,492.78171795346293
570.1884409927653,583.5373197171394
545.9290263916728,537.2753564733512
471.57757643981887,495.4713381377805
470.88472749278645,452.93304845002126
655.3756203496673,646.9809264581213
622.5483330307354,590.0008661932068
545.5066529648574,553.4053218673081
483.32506375321367,483.3722492108552
687.3039250038174,664.1068319175039
636.5563789528998,607.9873950380623
616.0569467227309,544.461653396751
440.2990519698755,471.08633766941193
667.2196459071486,620.4055965875801
612.0925607041158,559.913918597893
601.0785238321068,516.4766271396088
528.319509214999,469.59058838422476
602.6943258880774,628.1574969650109
572.8205117183716,581.518087078196
555.0587327575885,537.3081938482648
454.3658736081916,471.15970339458255
474.5193247730624,584.0353809606232
456.7290686956979,535.6336335767265
450.0867751540775,499.20198394058997
437.6664699192188,459.155015690551
890.6302904494659,644.3282841005938
692.9903111390408,576.509925210599
611.9395698712516,527.6928352401249
594.3445703388145,474.5259067463609
642.0375652712104,717.6490932891492
634.2051469157542,650.9883735344375
455.7816675912958,568.1160087323507
422.3969585258148,478.69398217405876
562.0019991124186,584.1849052187055
551.2614191811948,537.4795977591986
475.1495220819696,494.800307851251
466.2965617875934,451.75285138817884
664.6014143673349,662.354753161452
619.3985689213596,593.8330545014255
518.9311182718285,545.9671073406612
476.479471533738,481.88898832753324
752.3610982988511,718.4362168832588
614.3920808456768,658.6557479556978
574.5108091644089,595.3609055682969
436.0444400351601,491.0256378809797
673.1743843670963,718.5337139576243
601.9279607274094,652.7929315345984
498.2262426219892,572.4105935464125
375.85753466179426,479.94740215383257
575.0041270578758,595.7255183839036
563.3507622177636,548.7792672036506
516.0369192880318,505.17260407546235
458.9244135246659,455.2511301919188
703.0574020296224,627.3538423608777
580.9031557113021,580.0265618380972
541.6768565091862,545.6898379086022
484.1221023256675,475.70319728865013
577.9110993685471,613.5933119028309
568.4841471810776,568.6886865452637
558.335733396071,539.4797613102673
454.5949914887845,475.22929735946167
544.8264278932212,641.6732452067387
504.4586353696602,590.4848286207445
476.1808843449634,536.7533012628559
455.654678272116,469.62160024422167
684.8335589144109,652.9457849007457
639.2340997346352,589.0947487815804
540.7862787971517,545.5380551921265
463.993622474613,481.4464360429382
551.7446645653912,656.3981332069129
520.0542634927892,578.6318642328076
464.21164970724425,521.1937902747143
448.8864072957066,472.46915506948244
617.4932649416379,659.3059875682071
568.9349099759,603.5657599032912
457.9061712796709,539.8292445844443
444.5679197466184,468.91405273783033
837.6158926764983,652.7931515234243
763.2970831799763,598.1422195995327
644.8177243541897,536.6440093851331
550.1180683783448,468.198913931237
727.3940799567282,718.3331269841764
687.1031573287178,652.7410930825356
658.7577673398848,572.5179823585738
592.5923008331594,479.98244504829273
567.7781364529212,645.0519635349682
561.8271549138334,598.7446707907869
542.6117264100411,558.9890364348668
455.4330496358303,480.17810169628115
831.5215709029452,646.1631313321071
702.8279199121653,597.0671500223889
627.3304389588875,561.4796364931598
620.4448021319861,481.2392975875153
780.6987926209305,583.6178898281842
642.8986551252577,538.9698604425178
535.7046846205708,501.9330189445392
498.58275004623226,458.18695251709744
622.3418691115698,630.3387265960256
561.8216819589815,580.5695153285614
472.2113819267588,529.4815361447523
468.41237311769976,466.18022762159774
633.7378824024624,636.3591929142009
539.8244226081974,589.4437974795821
535.1941030202516,550.0267821855373
459.2618719271435,476.10104652666325
677.5111501863419,637.5455216363807
572.2867929089758,590.6995034384868
553.126563660848,552.3239651739927
461.33128038202415,477.1441553528468
762.3073484528429,664.7684894318484
699.0935473429431,608.3870312720645
661.3603080097016,543.9144765916512
611.9997376903796,470.8101012047721
561.2118046750935,650.2465678522574
507.2766454987986,602.2009516646693
441.9149706845173,562.0049702811538
435.3908346214956,480.5642831997774
544.6520790404546,658.3539077269871
541.3569862876044,580.5003437449442
470.0012086866222,525.322132780224
421.44105516161386,472.3000454205561
541.0646069213947,661.4632220515442
535.491750516534,605.8476622150382
487.4922070220345,572.3257817968988
433.0962101744829,490.4581804186144
543.4020887360975,597.3295389782925
537.7181402118088,540.63924300317
516.530324335695,498.45390815149455
461.3252547412272,460.23449123726084
810.2016234377421,651.3929039355282
743.825298279839,597.4205697467646
656.114776468272,537.3751877070497
605.537227430502,468.24945393212266
680.4300830922333,627.5342154797074
555.0957230304715,575.355679810196
533.9065683608693,539.7357516209067
472.8166178532291,475.0044170804746
815.4286371353267,636.8171552904065
656.9049422633925,573.5392794438579
605.3092397437212,528.6383284717448
580.3870997222236,474.0495752033774
578.1348301689227,689.3619713295285
557.3629908126866,638.1827199433662
547.806739631287,596.6446177769434
481.1148231652136,493.82359532995014
819.7561852527456,651.7183093386116
744.2625911368712,597.4198948378398
647.8911553488601,536.4084921593201
552.4887088495086,468.00243206723553
777.938865544766,592.358212461288
600.621012444145,547.6400477135819
542.186274381016,511.35962391510196
465.0502083970718,462.2026827446609
797.2464124719116,644.8376795414667
626.3495502176121,590.4123482555926
590.7949413092078,555.4789275298393
468.8188247721748,483.03042374251686
543.8669080185891,623.5078089441872
524.4265770276072,574.190746180298
521.6821745730539,523.8605065688463
455.0579206600038,463.3874307260445
670.0596517449959,624.2122455031595
612.7939587726802,577.8067704394438
588.7457955390164,536.0633316651903
524.9986463351058,470.4733520901401
527.0121877424567,583.0039399434309
521.0199339223939,538.4511194448826
491.99350066419214,508.1007768354095
436.9867045585649,464.0575480747816
695.983310594185,663.9497323276096
651.6939612965455,616.6376154144817
631.165102778726,579.4524778633664
593.8126480565809,488.3483959542622
748.8183849762993,590.7851721161159
695.4413182313432,544.0312266109128
641.6897079914676,498.43959506159996
513.423598472593,452.28736372363977
590.8973822687532,624.4832415124173
567.0724655929229,579.0239881371588
554.8414215204972,538.5547254345237
449.46823066679326,471.9244220517523
588.1142801127593,647.2988641288523
563.2008353028251,579.4351389585245
547.33924104203,533.6988620591103
456.1659378459104,473.09128255173715
623.6049869230419,635.164502339123
590.462502049809,583.9517971668145
526.0449080980346,528.6903173383699
450.2458708101062,465.90069815268004
718.8566753468305,587.6195904806108
694.4020862534777,541.0993670342833
607.0455847899506,497.5556175925858
596.7817564062373,452.44433499484654
505.7377145716787,728.9194794460333
497.19856329910266,663.2070921343371
444.3938252338676,584.955769927156
426.6980255518923,485.2516736751031
604.5650117456447,661.6951333526512
582.2515573888973,615.0089717598747
474.1508404060144,586.2158375953607
470.36307484639593,492.51489071795254
543.6220750365958,647.6775349758689
523.5444258059472,601.6330012256404
513.3031714656393,569.4570327521976
439.8737608685761,485.1476225047952
822.47233546907,646.0363912768271
640.0302252460112,590.2803975932046
480.5840589229429,523.6925075189573
469.66696091199265,462.30559801797585
619.0827958036338,572.2873434779414
604.4872891406883,526.5911388336326
577.1910730047197,483.15452159824844
458.9132736009928,447.31569519124275
492.34848299947487,618.8997159880895
490.1861035177276,573.8764043720897
461.0671408438447,538.8641782574161
433.9821062432427,472.7444854390869
523.6910141184651,623.3106625319821
515.9252531135904,574.7097340830161
474.0945959430484,538.0048557982782
437.3976525320684,473.644292111359
534.782207705619,654.5640608188072
528.9673451985138,591.0975390872693
490.3331783758491,551.8732757460889
452.6201538001583,487.1595101739984
883.9137013393809,673.2227148388604
670.2198203880475,599.5279469429287
628.251506204233,551.322875631462
607.0226160146337,494.5380825402017
886.9439863131249,664.6483760223315
642.6408561991865,600.2721401979196
628.2031712590773,564.5802509740914
463.27141934123927,491.3780502950117
577.4424206616455,578.6270520084944
560.8128116474442,541.799583451866
516.3654195668769,496.76662562497677
459.4562916962709,454.21992003321515
543.8669080185891,618.5309261942667
524.4265770276072,573.5988937094548
521.6821745730539,516.8217134297095
455.0579206600038,468.1784729988165
868.5557318269211,667.023441985062
691.3860249854216,593.6141252491043
624.5338006506784,545.1325209280068
601.6365774605574,492.32186287839727
557.1093329501916,611.7907429779008
554.9008187929567,562.4965284352396
486.57131045858114,526.2233883988328
446.1407118983799,470.12761495918187
529.9384469988903,622.9934049621475
526.1780121526813,579.4180404493286
463.9538871989624,524.0548079633281
451.7062290751185,469.46033570097455
673.1743843670963,699.4194796309924
601.9279607274094,644.9146887305528
498.2262426219892,545.9388305567129
375.85753466179426,491.5554110109559
578.0479131695089,638.4937395056387
568.0746795694313,587.4094321762333
557.6167432768373,540.4663051634552
455.8510265242718,478.08308595569963
740.6119263339035,641.4024974850672
554.1582209989137,578.3706067636936
535.9343041207514,539.5809708974525
458.84806274078306,482.76143792532815
822.47233546907,646.6499748128798
640.0302252460112,595.124084806164
480.5840589229429,516.2540144747051
469.66696091199265,476.1978974764227
527.0121877424567,615.3992554946456
521.0199339223939,558.6153691466096
491.99350066419214,528.8631749870765
436.9867045585649,474.15206449130994
792.9176014986932,694.4706206636324
720.0630712831514,645.1364734537943
392.46014294309293,555.9102606762501
289.52337896433556,489.8791375656142
537.15336537158,648.1106512688075
490.2480245716277,582.098175292264
452.46005007544727,542.7010116683455
445.389627165038,485.7126696083702
512.9833484117243,613.1283708810713
511.1288202377232,562.5828290293898
463.6488941380858,527.8189508936994
459.6820861700347,471.0050373182967
573.7649751736172,582.3596316560283
559.8733208533798,542.2776522743841
516.5917588149247,499.6884765861727
459.338777272405,456.67824279947126
586.826733870532,629.7586191429954
558.5088216848934,581.9951180199268
534.5227198449309,536.5516926726245
461.4655668837807,474.3489011026019
575.5486722407551,653.6394104257263
563.2357159535104,582.0510441507469
552.1882003404754,532.7087143629743
480.8285145314334,487.11903480162965
535.1522375163458,608.4662433060313
532.4600786561209,557.3744991588605
458.2712163936379,523.6307915998057
447.3815885391874,469.7554195697407
718.8566753468305,573.1207965811984
694.4020862534777,535.8549647090496
607.0455847899506,491.5853112677103
596.7817564062373,452.61876319976665
529.8512444414915,650.4076927971008
514.5006938092062,581.395238751205
485.17371169383694,530.6282864901923
468.92217672210353,484.6851629537064
577.7556677706319,645.2406517388808
535.2261037388306,595.1463660305376
534.5315618764889,551.2321885164605
460.4205357285212,480.4573770580441
687.3039250038174,660.9714811203348
636.5563789528998,608.9322733442592
616.0569467227309,532.9266987786626
440.2990519698755,481.4945672431871
752.3610982988511,698.3480988986292
614.3920808456768,646.4301139808774
574.5108091644089,568.2562103655877
436.0444400351601,493.51524686618507
545.8328204491643,569.0558771874881
531.9681442041639,531.2538945155958
491.66545020688056,486.05900341257103
473.5426782384917,451.29056293947804
719.1399891208458,636.9408609721353
696.6552261516447,588.7755100859235
691.4477200859143,524.9216231350952
508.9342663970776,474.2005328494701
667.7945674230559,675.3479110779175
639.4837868158477,622.5839514124228
586.0924764432956,536.7092712992564
439.68367672864383,485.0207036090854
748.8183849762993,575.204169352425
695.4413182313432,538.2987327403681
641.6897079914676,491.02012569681557
513.423598472593,452.81533399095065
808.9820195810361,650.5319660426727
737.6270040010118,603.5969220530226
718.5840110078352,565.2131092623165
587.0235374380363,481.8776744171834
819.7561852527456,650.29211010996
744.2625911368712,599.5172222023089
647.8911553488601,527.2264030360845
552.4887088495086,478.1479422797897
768.8995068104871,655.9137434276415
609.8527150971846,610.0196698969265
570.5677359592181,569.6183960171717
552.0152616569843,483.12951446141005
499.29478078663095,687.1143415764172
447.1465610625411,603.7835387502695
446.56582682499766,544.1059059741797
418.1407471581099,499.6482012714644
719.623737979524,644.0785247140268
716.7012037495248,576.7391080348676
641.1897872578048,526.8573776160935
539.265173593385,482.2520244992151
815.4286371353267,657.9417897651599
656.9049422633925,588.9016307979783
605.3092397437212,544.2261424274695
580.3870997222236,488.8138742239787
520.7716623631878,615.6622096798693
491.4657762841836,568.8817961119735
459.1061029507962,525.5588222325176
432.327197044576,469.6523637996179
683.664875887254,576.6791790092016
523.737727801765,538.5224051188609
483.8237270248905,496.19640605399593
476.76037337304007,454.2772333387075
532.0516958753386,624.4521557087297
522.9586521871431,576.1922555143967
515.2070367424781,538.6962994564528
439.77194905873495,473.7871119279927
575.0947767245403,643.8450704228941
540.7174152913079,596.8425605426014
515.3790723388717,553.4617967727842
465.6513964501861,479.073980866322
551.7446645653912,672.1980705306624
520.0542634927892,594.0264829892036
464.21164970724425,538.1025910328767
448.8864072957066,493.8406729607776
427.6756646341503,685.2867475097026
425.6165161082352,607.3603895198257
413.64894468625374,552.9514079225538
394.66014909392055,498.4498990307128
763.6971532386463,671.2542199490381
614.438065200578,600.8663979938534
602.8261380349064,557.6904314667604
485.63359502806384,493.90925071595063
574.83850578051,580.7901253807183
571.2346514934544,541.2097277585632
550.0238995615491,498.57063840905863
468.8073440328863,456.00817155543507
821.9933564063326,650.1681758458938
729.9181171662959,603.0859890121985
702.8692286502011,564.9709030358006
604.4447867751416,481.833391486762
607.7916391862393,665.4032226084919
598.5633302247654,614.5923934127021
573.0552368103438,542.1907784542145
448.385589624607,483.1417677534152
673.0800100355472,653.3507708558808
614.0458037206637,601.2817683643057
553.8187322755293,570.0663421078575
466.21091669260466,485.1573792564317
727.3940799567282,699.2668206091348
687.1031573287178,644.8536259733584
658.7577673398848,546.0366392249848
592.5923008331594,491.5079118181579
741.7765600746402,654.0122192723147
710.094898827844,580.1190011303057
332.24320577171915,527.514730488933
324.1278888269732,487.23083222011064
690.5706497394297,555.9017707034697
523.0915200206745,522.2715570735616
514.9557170623666,477.1491513232946
439.6166473876625,445.7732175884298
544.8264278932212,648.1446131583662
504.4586353696602,596.2155620939657
476.1808843449634,532.9228248474885
455.654678272116,479.0842440040435
594.8995052962509,583.250485110562
592.1930207205863,543.0825084709224
533.5683744987524,500.1006900386444
464.9006875214415,456.9502247294521
590.8529383009242,643.1247172080516
589.4404294373809,595.1093701243027
564.4612246536981,530.1880553868968
449.47111275655215,476.0486595199416
797.2464124719116,655.291546481166
626.3495502176121,595.8027414634261
590.7949413092078,560.1426249415172
468.8188247721748,486.9630769276362
687.3039250038174,680.6887610474513
636.5563789528998,620.8037236567894
616.0569467227309,540.021521776402
440.2990519698755,473.06561084604584
520.5013282168767,611.4069236758974
514.6631305360726,563.912750136681
502.05473773429605,531.5892062476454
452.5480436601496,473.9505168186691
540.4727163589555,641.1408946833868
506.1234968597247,592.816969185304
443.30030846637055,549.0530371215594
425.4037156178861,474.87639451052587
546.5412607481817,664.7113395567477
527.7291200234451,599.1866439783861
490.5235888006426,550.4905757700054
461.93768459841544,494.0921293939662
704.6186162201132,708.6742368093292
651.4513226105233,646.3531055895645
636.8467915059942,567.7379217764491
543.4121991432592,478.2069690687591
536.1063956409447,626.065870999644
519.9511170293137,577.4485524843701
510.36802665068893,542.8769871993328
438.56577751330695,475.8051773336927
656.542117151021,631.1108247340371
622.4443186404698,581.0134348466034
570.1847305076353,533.9819731057072
529.5240133472662,472.4796650680152
577.7556677706319,640.1018018090225
535.2261037388306,586.7910931931995
534.5315618764889,542.9430116575023
460.4205357285212,475.0744000246778
581.0444280615988,657.2893151303465
573.2772425885129,601.3153307230519
573.2354095794708,551.1359649945776
451.3089575089877,476.51059040131656
535.1522375163458,597.6753867069641
532.4600786561209,550.7914505867003
458.2712163936379,520.8720585835767
447.3815885391874,473.1469046895737
763.6971532386463,660.3298704099853
614.438065200578,589.3068264756529
602.8261380349064,550.4923335932607
485.63359502806384,491.8606218013747
596.2905675905635,641.6596808485378
551.6301017650296,590.5667590492835
532.3922616410109,552.5152254310817
469.7482625469141,476.78757449035476
573.7943117669732,591.0916098894754
565.8129079900003,560.5122032158858
517.0931507506743,516.5408739290972
458.7169576715217,463.5355748429367
539.2630035181747,646.5481199068824
538.9591736445121,583.9487417042162
494.0468783190701,546.4080424351856
453.0898359519887,487.34156830626966
702.530986930159,658.6936842254531
563.8065338640872,589.0183484029975
530.0139019122432,548.6268945931415
444.08127459114854,491.3559367760758
667.7945674230559,702.9066925863502
639.4837868158477,639.4313804774312
586.0924764432956,546.7162314254203
439.68367672864383,474.0017162103271
528.4408345778938,673.4818426366514
432.2186386578388,594.8344083865358
422.2832313764077,542.5581208712325
418.12812245621666,497.2993369933877
819.7561852527456,668.0169970779357
744.2625911368712,611.0874758766599
647.8911553488601,534.783421743053
552.4887088495086,471.5929135784887
633.4884334828556,683.6314978039322
595.4181261686513,625.6032889749448
504.0702553624982,557.1442410747734
452.4407751493582,476.2741053040168
690.5706497394297,575.6086225794853
523.0915200206745,550.2596805793202
514.9557170623666,504.2884030211087
439.6166473876625,459.0840435722704
880.4209657324252,654.7560317043768
723.639895856916,591.1617633812044
722.9494731819235,555.8298247305017
632.392256729312,488.61733317248627
572.3824839989642,641.9958801021152
567.2599832537726,589.1437083072364
544.9593648872828,543.5133269399272
447.5078756284887,474.86263101381616
520.9625049252976,586.6784662889291
495.55159589650657,556.167963076048
476.2101986300317,510.6832206328055
455.947918114199,462.3971387679201
602.8558096941915,648.982061292469
537.8163313736185,597.7483927564019
529.7152287926846,531.7889154343618
497.8348305978821,470.17611396520863
673.1743843670963,736.9979956572554
601.9279607274094,667.4134693813833
498.2262426219892,558.7859594164893
375.85753466179426,476.38866456878304
575.6112770814393,594.5064453196453
567.686595595164,562.8679320792867
497.41736818055807,517.4416433843078
468.0385960630664,463.7547809898181
543.8669080185891,631.5788807273827
524.4265770276072,585.8280782036317
521.6821745730539,526.9858523933852
455.0579206600038,468.3066733479327
683.664875887254,590.421464088793
523.737727801765,558.5992389553439
483.8237270248905,516.0241403632258
476.76037337304007,464.44744303233375
673.9644263075822,619.1955984784644
571.4607675281819,571.8483282063511
527.8911497559075,537.6669318806903
452.4317897353498,474.9633388107211
871.8903709476441,650.2975041020582
808.6992940453625,599.7108997528753
789.1294533825247,561.379521331449
625.6326029029589,478.82916835238535
727.5555322066733,663.3523844172861
691.9425182055923,592.1290810383376
621.1149307573604,553.516664395358
488.7959546557436,492.4456626445325
739.8655657728997,631.0977144781709
614.0837079121808,581.184292835566
544.5777363049323,534.147543841034
519.7895359357627,472.4597399175001
528.3165074233303,604.6853898088216
497.3431993846251,546.8037992891076
457.7556894064108,521.3418006426441
454.0423109175739,480.51800954226235
808.9820195810361,651.4792630464881
737.6270040010118,601.3007027144946
718.5840110078352,561.7359862402399
587.0235374380363,478.5328547044836
574.83850578051,592.7006319060218
571.2346514934544,558.9971108701374
550.0238995615491,516.3559736343617
468.8073440328863,465.2285676159372
846.2989795017129,584.4838300034587
519.3340435775315,555.4366607763285
476.0801284568726,508.91797261814565
472.4757093430973,461.2909622325691
562.0019991124186,584.9993967246464
551.2614191811948,554.1668381170787
475.1495220819696,511.46930669856715
466.2965617875934,463.3373071725161
585.7394020133004,641.828161155443
550.3632709993229,582.8982197980552
517.5891078367027,548.1485503082591
448.2195600461519,485.06875323694675
741.7765600746402,657.4505050165737
710.094898827844,587.1104324040348
332.24320577171915,539.0135781439086
324.1278888269732,492.99269258153646
797.2464124719116,645.8675185843114
626.3495502176121,586.0168594283414
590.7949413092078,553.2516159198784
468.8188247721748,485.7215726693966
577.4424206616455,595.0788509227492
560.8128116474442,563.639961397337
516.3654195668769,517.4648744556835
459.4562916962709,463.50928355034716
702.4096850860385,653.8207418748405
635.7295689687116,598.1173470857499
473.0274494217064,530.7953947698722
433.1207890010415,471.61051897554535
590.8973822687532,631.9968816753119
567.0724655929229,580.3386384352657
554.8414215204972,534.3166636826971
449.46823066679326,473.054055383684
777.938865544766,600.880723247642
600.621012444145,555.020640920152
542.186274381016,520.112348855549
465.0502083970718,471.54743122118526
703.845243639987,650.227872692373
672.0142960922122,599.7655082870256
633.5596971505722,562.2176548364577
451.3859500277666,479.24804000941276
747.8713425682434,662.7816866557308
603.1552420896735,592.1510399630744
595.564757016147,552.785248271706
485.2427962802294,492.22328655495943
696.7534509928574,635.1443569110946
617.953970435682,584.1876045064026
586.9941937714807,534.8673952637225
520.0029818847727,472.74607897393173
842.6916860042331,672.0420480073246
796.4037391842754,597.5438920160128
699.9965012999407,555.1332842209598
618.6272937304973,494.6015421949671
519.667112032019,628.7122152199902
472.6484310829827,576.5252445072839
448.2488400730608,539.7936254496151
407.65551445247735,481.9914695147374
499.29478078663095,688.7917579385155
447.1465610625411,605.5350775376165
446.56582682499766,550.4328452440226
418.1407471581099,500.6564763531408
581.548441366726,639.6541697050925
568.3209840377929,586.440855661806
549.5177472598442,542.4414637992438
451.25634764967714,474.87510821411377
604.5650117456447,649.3498146040929
582.2515573888973,597.2571888578927
474.1508404060144,565.3366905322636
470.36307484639593,480.6916225629836
734.7944791925964,653.4824359194853
547.5685472748764,587.0629695202814
541.7917029056425,547.7679401134726
410.2175269194429,489.6313233529957
489.662931386531,627.8060009094482
466.9335638682227,572.6311262291781
458.8671942678071,539.4466053891849
457.65177620109154,481.67458183889386
579.5766879867067,657.4287020394506
514.568213188165,592.047532703933
503.4052784630531,554.5155921008093
479.76497042240504,487.98631330454816
576.522440376285,605.6385992922274
560.0415125668151,557.8200136247135
514.3630951435205,517.5520840527893
473.275337009688,466.4000429260474
680.3067441056282,658.457032682906
636.8202661301145,603.3178938916087
494.8083296652253,531.6693914498219
447.2748230458219,469.25722866908774
700.627275495785,624.7010831981388
595.4174258764446,571.7320440127004
533.6610553738483,545.0511912696114
467.97946618439687,478.1902873360131
557.1093329501916,611.2393392686927
554.9008187929567,556.4485592302412
486.57131045858114,527.822989057284
446.1407118983799,472.765055775211
783.9978111062393,647.7596355651522
645.949655038992,586.3438946661232
616.7397475313217,552.4112216579789
477.71158091102063,485.454272435057
633.0855537735334,658.8530942121166
626.1386646949923,605.000422253844
541.5995896549817,540.2803300940851
444.47380938997776,472.0599141732694
680.4300830922333,627.391859654274
555.0957230304715,572.854808750337
533.9065683608693,543.8820770547695
472.8166178532291,479.33888534612186
627.5799880739429,640.3842027020212
601.4296172538308,594.6738028190131
472.377445675868,560.3624184050409
457.766359273481,479.37539325173964
808.9820195810361,650.4441527248003
737.6270040010118,604.6826616220435
718.5840110078352,568.3819371196398
587.0235374380363,480.9609690575931
695.983310594185,659.8665194483203
651.6939612965455,610.8744925837318
631.165102778726,568.9488172673545
593.8126480565809,480.9734978168612
528.4408345778938,658.6611079411058
432.2186386578388,577.9817760326686
422.2832313764077,530.1532484873649
418.12812245621666,487.78318723508727
512.9833484117243,611.4574796068284
511.1288202377232,556.1615388052843
463.6488941380858,529.3773813536553
459.6820861700347,474.1788007851732
856.8205559786115,664.1368619299567
783.8522772905812,592.7458786991281
713.2657186728048,552.6756120789275
625.3167938440248,489.8988343586863
753.1005291822447,648.0411306199163
717.7043943276791,586.5656494905422
595.5882682549858,558.0067505922988
471.386956858488,486.78436288318835
670.0596517449959,633.6573112097179
612.7939587726802,581.0247483877013
588.7457955390164,537.6393893767605
524.9986463351058,473.05656212834873
615.4855524048013,671.2075715961499
588.1246044796945,621.2063536402061
498.8689134589234,558.1035840855202
458.5371911970298,476.0806756877524
684.8335589144109,659.3787031222705
639.2340997346352,588.9154435033105
540.7862787971517,553.3564182038909
463.993622474613,489.47136057315765
883.4891497336907,650.418523005766
688.3234597943687,582.3469817866271
464.7465696015242,537.0934794431124
432.7524403852291,485.81244255498615
680.7479835441547,632.0317841349386
567.5579647993288,581.4812637516505
531.7119378490902,553.0014217286341
447.83671443775125,479.24509298974283
719.1399891208458,647.8749091715575
696.6552261516447,594.9126562528546
691.4477200859143,531.1838980448105
508.9342663970776,469.1513247797226
673.1033773963994,635.5393623376053
602.4516648767809,582.2789088544926
588.3551751642307,538.5913346016612
520.5575255595601,473.54986424034144
538.6835163653345,655.5213173300199
520.2622832276276,605.3493563298263
512.2306759356334,564.9401212858835
449.6579066436104,480.19902452304046
753.174602017494,685.9470059420557
666.4484480610195,632.5495304267835
639.5619718641304,544.7930895221436
590.4467392385372,470.90046633542835
768.8995068104871,656.913134519574
609.8527150971846,612.7568849401459
570.5677359592181,573.2300951329327
552.0152616569843,481.21466437384476
537.15336537158,635.6352238453752
490.2480245716277,567.5393562334145
452.46005007544727,538.2078944633556
445.389627165038,483.79339546972545
590.5546471605375,640.8011692391781
567.3980884969088,586.3612265728267
476.6345897264673,555.787480865072
473.0020120341411,482.9584786231191
652.5423789518237,639.7991697278388
598.9655803711697,589.8771623274197
579.9244365101151,560.5172484652206
466.9259554652359,480.4751680541029
577.4424206616455,596.4023564976106
560.8128116474442,553.5006220617565
516.3654195668769,510.74485925535095
459.4562916962709,462.24240433414144
540.0563718886741,627.0043033178588
497.6145714241552,578.9899430758873
481.29936025598886,523.484673995954
451.71567832169274,466.07415209067824
633.4884334828556,676.2369055990632
595.4181261686513,625.8279835270847
504.0702553624982,559.8464227989305
452.4407751493582,476.4363010381925
586.826733870532,633.1688211073454
558.5088216848934,581.8087674518565
534.5227198449309,540.0551217402873
461.4655668837807,473.5712991518287
497.6407139430207,601.8107407582868
497.45831709318554,540.9175155976282
491.98994120588014,511.54817057164166
440.4613935179751,473.0541614161822
558.2422870681537,651.6481006388324
517.8796160593799,604.0973396362787
496.91003110273726,556.655197618447
438.34312406435185,476.48245932839535
642.2036243588196,663.2564810709116
602.296448424304,607.4444379286456
483.4807214393936,533.4095739022296
440.3836981097085,469.77207166183746
515.2235243375959,644.5096149096123
484.0151816302753,585.4189133005879
475.31235348623653,555.4526028468392
448.526131533754,484.93172450689724
798.7184937609263,664.6672653306506
648.7422563133529,586.7093071745699
600.0438982352738,537.3128892975645
491.39686943231214,489.23746610799435
602.8558096941915,645.905113355888
537.8163313736185,593.2664677175113
529.7152287926846,530.4300408756219
497.8348305978821,468.91169084965065
797.2464124719116,645.1349528050298
626.3495502176121,586.1221178290002
590.7949413092078,557.6834025326618
468.8188247721748,485.46232588459355
570.1884409927653,591.6404165806605
545.9290263916728,543.6900151157025
471.57757643981887,506.2745138330728
470.88472749278645,463.5508757799884
676.8394403543999,650.5152592757407
629.3607458874646,604.0581208925295
614.3525646559199,569.4428965910163
481.6278212224103,481.6837004331595
534.782207705619,643.6569165369538
528.9673451985138,579.868090943172
490.3331783758491,548.8237251338132
452.6201538001583,485.0945112291735
708.7800443095302,656.7478196231589
627.8540466640111,583.4799118603626
572.7192027726784,537.4822038488744
546.9059522732556,487.2939920359981
642.842507531412,637.0253278581748
579.1742076049975,583.7195569619413
544.821802333994,539.2801541728406
493.9872074384884,473.6734066732469
897.7859053342904,652.3953616249897
703.6850127063283,580.0325835601556
628.7890620664117,542.0589692547733
617.50121530202,487.0732722889185
619.0827958036338,582.645722082936
604.4872891406883,535.2972379017996
577.1910730047197,496.4925751679313
458.9132736009928,460.2196137950316
603.5039701358446,631.54223918133
586.4351074264267,572.2130286867031
472.96665959401713,539.2931677540423
418.9705038722263,480.9565099982145
673.1743843670963,716.4139498934993
601.9279607274094,660.3454385049989
498.2262426219892,552.7536861033234
375.85753466179426,472.2997262710019
561.2118046750935,647.6595106850524
507.2766454987986,599.2643460826367
441.9149706845173,555.0799215175417
435.3908346214956,476.66522516838603
671.8581231834347,667.0839540388214
643.7564184523649,592.3788165331492
621.0629468009321,553.0780047466055
506.3518049542334,491.15265132832553
748.8183849762993,594.06011564006
695.4413182313432,550.1459553075778
641.6897079914676,505.22189947615334
513.423598472593,460.6348929468564
734.7944791925964,648.1374084035097
547.5685472748764,580.9565937872615
541.7917029056425,546.1052694972443
410.2175269194429,485.99433796497294
588.6514000659456,613.0682777984555
561.7603783178113,558.1755899057375
472.966119527276,529.286042265719
439.3658505881931,473.43743747445615
819.3001048406257,727.2775774902954
633.9965261620346,671.1991732401175
629.7871010364094,563.5924447000791
487.48787786924026,475.5255702361824
574.83850578051,587.996226887043
571.2346514934544,552.8773688947849
550.0238995615491,508.43917569486536
468.8073440328863,460.1300537584552
627.5799880739429,632.6085546246953
601.4296172538308,587.0326798934298
472.377445675868,555.3795628186083
457.766359273481,477.2644069403113
831.5215709029452,630.944754386249
702.8279199121653,585.0014296923387
627.3304389588875,552.5924024422307
620.4448021319861,476.728334736748
529.9384469988903,632.7016806834004
526.1780121526813,588.5605665547629
463.9538871989624,533.7915599921563
451.7062290751185,466.26231911364096
543.8669080185891,631.4785330835412
524.4265770276072,585.0919597234836
521.6821745730539,528.7077806880311
455.0579206600038,466.21551937881645
718.8768641364126,670.0685676780167
663.635620780502,594.5897552064218
582.0955673810182,556.309379967221
464.11249093948686,492.88091614402254
617.4932649416379,677.3607613440167
568.9349099759,619.8943722333327
457.9061712796709,541.7556404845071
444.5679197466184,468.49911787186556
602.6943258880774,649.4661586554978
572.8205117183716,592.5462098505274
555.0587327575885,548.8774952509664
454.3658736081916,478.7754205059947
801.2653781072617,642.0079774769481
731.3363564023596,593.9732830282978
716.0470201082765,564.6353041778729
586.8406411222211,480.64579351467296
739.8655657728997,636.6292966888668
614.0837079121808,584.8206695737492
544.5777363049323,544.7469993530864
519.7895359357627,476.3192891902696
561.3549338206711,584.1143589796972
539.5171489714845,550.9834533240786
513.5404354169157,503.67380356047477
458.7352007178072,457.39025714545704
528.4408345778938,693.6853485141019
432.2186386578388,604.7021525499421
422.2832313764077,533.7280011926645
418.12812245621666,488.5857542841639
574.5465252401535,603.1899918000272
546.786302923824,553.146891649827
506.62031199489616,547.0962608276453
452.6627833180645,484.9608029600971
762.3073484528429,685.2227605953052
699.0935473429431,625.0570887059479
661.3603080097016,546.0139473303345
611.9997376903796,470.449319670772
641.3195689295559,703.2156382114799
575.4967663617504,643.2074592185925
502.51975971203007,552.2203192813804
438.0595759547538,468.12356576943216
579.5766879867067,673.2057106002142
514.568213188165,601.1411450312817
503.4052784630531,553.5836087021589
479.76497042240504,488.2381684318158
596.2905675905635,641.526795593916
551.6301017650296,590.7332519203927
532.3922616410109,563.982926029036
469.7482625469141,482.59434391194804
558.5021808890314,598.7509500287092
534.152745696776,558.3826103047771
474.11215856882217,511.2319950350815
465.01940426241794,462.65877582508386
577.4424206616455,586.1847333858724
560.8128116474442,554.7542302180822
516.3654195668769,506.98087089475354
459.4562916962709,456.85502336924935
645.2571534489554,681.0871870980103
598.0329385295252,606.6857529672649
561.5930909347676,570.1787303686073
486.5123406637388,495.0338946621444
883.9137013393809,684.3284403298252
670.2198203880475,602.475348927209
628.251506204233,550.3524821093465
607.0226160146337,492.00135579358937
545.8328204491643,579.8145116830924
531.9681442041639,547.1050774333852
491.66545020688056,498.487877199433
473.5426782384917,455.95501271775834
528.3165074233303,630.911077696722
497.3431993846251,562.8350611858704
457.7556894064108,538.8593494065994
454.0423109175739,489.3811169017522
683.664875887254,583.539832527661
523.737727801765,550.7833023249151
483.8237270248905,505.8766690775327
476.76037337304007,458.27722853691773
618.195107495944,664.9351609714147
588.2131356102992,607.4302301263631
514.4387101205367,543.2090464251708
456.5515428264905,472.57927242316254
427.6756646341503,699.7367284714186
425.6165161082352,613.8605951070638
413.64894468625374,548.4825956638089
394.66014909392055,490.72171290765
527.0121877424567,617.7177289136264
521.0199339223939,556.8660770306437
491.99350066419214,536.8329194716533
436.9867045585649,485.9153052128422
544.8264278932212,664.0703199618661
504.4586353696602,605.6063613706706
476.1808843449634,545.3104921644498
455.654678272116,474.52526007885814
656.1290436899292,646.4036202740207
647.2583854153044,599.8908122492029
627.4196766298201,565.6373370494956
479.0964321215763,478.5161917582841
497.6407139430207,611.692852215818
497.45831709318554,555.7191016569142
491.98994120588014,514.1185383229367
440.4613935179751,474.0514357134054
567.7781364529212,653.8061157653867
561.8271549138334,598.1898974644356
542.6117264100411,561.695028028331
455.4330496358303,482.1267013182131
599.9067437901979,668.6460071746357
579.622843559374,611.4733821213504
530.752631532557,547.5356402899628
446.8294265717018,473.1866400365654
702.4096850860385,661.1649929723513
635.7295689687116,603.716740083167
473.0274494217064,540.5237815164088
433.1207890010415,472.3750155502478
673.0800100355472,643.6096660003165
614.0458037206637,589.5198153193013
553.8187322755293,568.5322694412229
466.21091669260466,487.106209960744
753.1005291822447,658.7949889716077
717.7043943276791,591.7612405262443
595.5882682549858,560.5689511254
471.386956858488,490.6208606214762
563.2856424916996,640.1432185119786
562.4941978411848,584.786727438014
521.5472156952866,546.5584441537131
449.70015750909374,479.039957016473
893.5361726985616,669.282347338753
830.246972179423,598.53735346398
736.5681012530437,548.6681891062085
732.6659703498235,486.12726447485716
846.2989795017129,577.2679145136232
519.3340435775315,547.2698129618237
476.0801284568726,497.33350566605105
472.4757093430973,453.88406462620213
563.4933817289186,581.0697779985128
544.7038445041295,548.4098938038494
515.5925864416441,501.658832479368
458.1901985568487,456.9670334786525
558.3184920438251,580.9725440923705
538.9330996587646,547.43903967171
495.65806695221414,502.11491530888605
458.4502207907911,457.9439752753815
627.8152886079606,633.757230542619
567.169174201136,576.1750516332238
547.6231064964916,516.9516224908341
483.55558564990014,471.3933938811212
768.8995068104871,648.1806351650488
609.8527150971846,601.3837935020724
570.5677359592181,569.5212414480095
552.0152616569843,479.97973504601083
727.3940799567282,729.9040831060722
687.1031573287178,665.209993244476
658.7577673398848,558.5877271416047
592.5923008331594,467.49373551958416
734.7944791925964,666.1349057463773
547.5685472748764,593.3462979706133
541.7917029056425,548.9100280471962
410.2175269194429,488.6043148395325
588.976472965822,644.8131693348346
517.7786248379507,576.2178524399438
515.2330212052162,515.900666999369
445.31166333695944,476.96429714813524
561.2118046750935,644.9245941635479
507.2766454987986,595.4971475801192
441.9149706845173,556.6223564091221
435.3908346214956,477.31294204607207
536.1063956409447,628.4449309392895
519.9511170293137,578.333924024836
510.36802665068893,551.4378816856547
438.56577751330695,480.26380100866976
504.3539332100116,618.2487333345788
498.2365942629005,557.1305744497395
460.5035078816221,536.6682366887211
453.10520090102193,485.93011263134537
549.406492244949,670.4468886751995
531.9554739762056,595.7057199114067
485.5843743791828,553.9947432433337
465.6973728759831,491.2286288541181
673.1033773963994,638.9557052942096
602.4516648767809,586.0640456156176
588.3551751642307,545.3762335373062
520.5575255595601,476.85947177947986
590.8529383009242,658.3556070993944
589.4404294373809,606.1176219930394
564.4612246536981,541.5663341967962
449.47111275655215,469.3021227631325
604.5650117456447,644.4650781195527
582.2515573888973,594.0225382979022
474.1508404060144,574.3085109217901
470.36307484639593,486.1722509641169
603.5039701358446,639.5192230281641
586.4351074264267,579.6917205742142
472.96665959401713,536.8103242759307
418.9705038722263,479.75528595251967
575.0947767245403,642.3400072580604
540.7174152913079,593.3535636672968
515.3790723388717,557.8132748643145
465.6513964501861,478.19834959394433
642.842507531412,625.8739836667781
579.1742076049975,579.1611565663525
544.821802333994,539.1107084236214
493.9872074384884,474.7491260832287
578.7229577351712,637.6069408836302
517.3271771088082,590.270706279216
487.00860013679886,519.3729662847966
476.2509659227542,457.77306548888293
572.3824839989642,637.6860413600056
567.2599832537726,588.0221396917686
544.9593648872828,553.9607142298482
447.5078756284887,483.24029002513555
830.7247157185855,684.8767104667653
757.700100136476,604.6235332014945
690.5728477532277,550.830381188745
600.9108578215097,490.2304774435919
581.0444280615988,655.348898398624
573.2772425885129,601.5159780605038
573.2354095794708,564.8510376186358
451.3089575089877,488.1452553044798
499.29478078663095,697.7137186013108
447.1465610625411,607.8979546698184
446.56582682499766,531.6415722297085
418.1407471581099,481.00930394514506
642.8187452635799,669.7565384722623
599.9880334144766,602.1483236347857
566.1251270785772,546.3771170853573
457.14190669872056,495.3647148833687
868.5557318269211,666.326991190207
691.3860249854216,590.7109084102951
624.5338006506784,535.0103760416195
601.6365774605574,481.58581974255776
573.7943117669732,590.8769864767262
565.8129079900003,558.9944847663836
517.0931507506743,512.8578142165169
458.7169576715217,467.18424688236826
680.4300830922333,635.0106341021445
555.0957230304715,580.5657161940235
533.9065683608693,547.6059078136102
472.8166178532291,488.4772287661397
780.6987926209305,580.5168672919842
642.8986551252577,542.9544566679191
535.7046846205708,508.7600829106037
498.58275004623226,462.3839188925362
590.8529383009242,650.5148541252598
589.4404294373809,600.6898869226412
564.4612246536981,539.1775470305812
449.47111275655215,471.32543130706586
676.8394403543999,665.6160685727319
629.3607458874646,609.3018931509993
614.3525646559199,582.8938120214868
481.6278212224103,504.89662569988224
522.9689765969911,685.9145058263787
492.88653012164735,601.0002719141909
460.18378981307853,538.4776478709476
455.26681037314086,482.44791214058256
554.5416560579024,664.5782538835031
535.9902264708055,609.3317174607228
485.36127278066334,581.0902289979618
452.404970385509,502.0758820763941
558.2422870681537,658.4985195905962
517.8796160593799,606.0234730199326
496.91003110273726,566.2479214406117
438.34312406435185,491.5103148222088
521.100260437306,627.3646887775875
483.7254116604983,568.8551043452209
436.54816744024527,533.2529799823504
435.4205846674595,479.37620786738785
783.9978111062393,667.2216298693475
645.949655038992,598.8655886557954
616.7397475313217,556.654193808976
477.71158091102063,494.6993260746037
656.542117151021,622.9825327031493
622.4443186404698,577.2384596353126
570.1847305076353,538.4006090445079
529.5240133472662,474.7601478704861
700.627275495785,622.3077477304821
595.4174258764446,573.1175505460171
533.6610553738483,547.3275665315678
467.97946618439687,485.90777055050427
897.7859053342904,663.9146451187341
703.6850127063283,589.8962864238592
628.7890620664117,537.3857936830402
617.50121530202,482.54039874643155
588.976472965822,643.0886567885839
517.7786248379507,576.3142659718966
515.2330212052162,513.0996965772939
445.31166333695944,473.54814090003595
519.36725424446,673.2496773161993
483.3465472703318,598.6628946552606
472.24069896353166,546.0824746588057
457.19397108914393,489.0512752477302
747.8713425682434,670.3243463533058
603.1552420896735,596.3313790081922
595.564757016147,551.7454267315959
485.2427962802294,490.28826734966384
504.37827607283606,669.3608340273377
488.5474710611747,594.1697108916759
464.6056293585397,527.7566976683362
417.20570848878344,481.9694516647423
585.3743432379556,579.7014662946395
531.8175069306365,550.6228906559475
526.2858934549797,501.12128348316924
454.6720658071067,459.66359085480235
563.4933817289186,580.8410817264194
544.7038445041295,550.6448814211848
515.5925864416441,503.48535808521245
458.1901985568487,461.14643157769996
886.0973914997287,572.4490861643319
673.5272544822762,533.3475822314185
587.5385119329312,481.1249864765134
508.1075038061588,456.2309907207
574.5465252401535,577.2709409565334
546.786302923824,540.3434768342723
506.62031199489616,532.8918973640516
452.6627833180645,476.0663822150751
698.7827201066591,661.7021687702284
686.5595905806545,606.2905378915516
614.797560251236,580.196507888513
450.8886448973554,504.2322460118902
563.2856424916996,616.6752779774375
562.4941978411848,571.3208767116372
521.5472156952866,534.036769961023
449.70015750909374,471.15793486489383
558.5021808890314,587.4171027240607
534.152745696776,553.3323636920268
474.11215856882217,506.061780509609
465.01940426241794,460.0260069023815
562.1902011710922,688.5427873771758
538.0679709738802,608.7015388362323
525.095211952674,536.2190642965992
471.46041520475393,490.01839206349615
886.9439863131249,656.8284136219105
642.6408561991865,589.8244798992573
628.2031712590773,559.6715976029069
463.27141934123927,494.0405056692788
581.5200878205168,688.4478319505279
547.0741931027135,628.1047511517339
545.1947702736596,574.3271384756563
462.64375263671224,490.9088678431187
558.3184920438251,579.6219881668978
538.9330996587646,549.067411616861
495.65806695221414,503.14339240443246
458.4502207907911,461.2705752310459
543.6220750365958,649.2265470495913
523.5444258059472,596.485126883768
513.3031714656393,572.5284081119614
439.8737608685761,498.1624856001973
561.3788649431702,580.3796877195548
541.2751165108117,547.8294478208607
474.0762947000208,504.4846104175884
470.9380710949574,462.0623691202897
508.89640830644754,675.9736142446569
495.4781979481173,600.2554292041382
490.9775905899715,539.9070834374603
459.0731671387516,487.80095222565245
603.5039701358446,648.3872694357186
586.4351074264267,586.4805529966548
472.96665959401713,542.1682523940839
418.9705038722263,487.7998380856113
598.641817832653,663.786657279787
581.2496063907054,606.6702597183178
552.9567277269363,588.3256796736115
465.736931290636,507.9959876268827
536.1063956409447,628.8901605506852
519.9511170293137,580.2063531064634
510.36802665068893,553.6059487374658
438.56577751330695,488.02720352128784
652.5423789518237,640.1993626970087
598.9655803711697,588.7895843430618
579.9244365101151,567.2793539779744
466.9259554652359,494.87190162579213
590.6684906664534,565.6198811864438
586.0675981142068,538.0328651497626
546.5309024521912,491.2441533537064
461.8743270428282,454.5464948461455
855.1238526305019,676.3953776655761
807.3029294437728,599.9366306089088
693.630585231437,551.9142379258622
622.8585413415191,490.64808950322515
702.4096850860385,637.6120830423595
635.7295689687116,588.7500749198016
473.0274494217064,528.0863922901169
433.1207890010415,463.71079207911487
504.3539332100116,582.5863204034964
498.2365942629005,537.8990483500637
460.5035078816221,515.0204973122952
453.10520090102193,467.1452664236446
655.3756203496673,660.5211518055322
622.5483330307354,592.7492571804174
545.5066529648574,559.34838469361
483.32506375321367,494.2706100150616
519.667112032019,640.3710780285585
472.6484310829827,581.9479111901677
448.2488400730608,537.3382391726846
407.65551445247735,485.44719174660594
474.5193247730624,585.7838555159727
456.7290686956979,542.1301310736733
450.0867751540775,507.856895578186
437.6664699192188,464.31773814447075
622.3418691115698,629.6541805078716
561.8216819589815,584.0642433448716
472.2113819267588,529.2349211595531
468.41237311769976,467.15835720590536
590.5546471605375,657.459490691056
567.3980884969088,596.5545210357024
476.6345897264673,563.3895416824365
473.0020120341411,497.7912152915529
680.7479835441547,634.9269222298918
567.5579647993288,583.9472366154403
531.7119378490902,558.9519944698433
447.83671443775125,492.2007833086474
564.6503779062034,615.4976987784387
562.221765439404,570.6855404080626
523.365393761723,534.3643901749662
449.5332418642992,471.73636051557503
575.5486722407551,647.5839932935014
563.2357159535104,579.4847410271341
552.1882003404754,520.5167560034487
480.8285145314334,473.5597351716912
558.2422870681537,651.5219920129199
517.8796160593799,603.1751175761286
496.91003110273726,558.2590787683963
438.34312406435185,480.98546687006615
520.7716623631878,622.3336570054632
491.4657762841836,573.4925467162719
459.1061029507962,533.8977944392574
432.327197044576,473.2790498820105
558.5021808890314,607.5780240797303
534.152745696776,561.5546453060592
474.11215856882217,514.1685153496724
465.01940426241794,462.89046747125104
753.1005291822447,646.6026001004931
717.7043943276791,588.6638648087688
595.5882682549858,553.0244365433571
471.386956858488,488.12550708899994
579.4580149243694,605.358740449631
570.3064167873396,562.5491507671193
509.617360517563,516.8405373804194
474.26983647895366,464.8113769630937
807.2637375769092,653.0950259340108
660.4987789000014,608.6355385938198
614.3881041443576,572.940134679415
458.0317942493817,490.6578473826432
527.6626860286387,605.7201675931432
522.1136152796408,554.5610556483583
461.8948823953812,527.7788930467513
457.9227390710761,476.0820778481868
562.1902011710922,655.4624203224029
538.0679709738802,591.2493055833093
525.095211952674,518.5173817583159
471.46041520475393,471.4071665850478
846.2989795017129,598.1339606487338
519.3340435775315,558.1775384997874
476.0801284568726,506.84924912781565
472.4757093430973,458.41728491355303
579.5766879867067,658.8319761637433
514.568213188165,596.225849492049
503.4052784630531,545.3679176306451
479.76497042240504,483.7481605849286
633.7378824024624,638.4785739116331
539.8244226081974,589.5044556884117
535.1941030202516,549.8232657566339
459.2618719271435,479.3453775915305
510.1714411665308,606.963648038544
504.062559665145,550.2692309256247
489.361788908185,527.5047768577223
450.1084735005105,479.3809455684348
618.195107495944,654.6620317112354
588.2131356102992,596.7099737855272
514.4387101205367,536.5233929640955
456.5515428264905,467.5324162971992
810.2016234377421,659.7856518073767
743.825298279839,602.3852015992427
656.114776468272,535.0879282986356
605.537227430502,464.60349460070915
734.7944791925964,648.6545748120041
547.5685472748764,585.2378219882784
541.7917029056425,538.5886594716021
410.2175269194429,481.5332193838464
573.7943117669732,603.4367290101109
565.8129079900003,563.975618498518
517.0931507506743,515.2432144435792
458.7169576715217,462.86638525071294
664.6014143673349,665.4253872968872
619.3985689213596,595.8310980210968
518.9311182718285,542.1576294468177
476.479471533738,483.09870557580376
622.3418691115698,640.9957691090054
561.8216819589815,587.6423199824552
472.2113819267588,532.973649936981
468.41237311769976,467.64568784261644
680.3067441056282,658.3294123209561
636.8202661301145,600.2325683428674
494.8083296652253,533.6307576045135
447.2748230458219,464.2710645354862
539.2630035181747,643.7414967223149
538.9591736445121,583.4793004707473
494.0468783190701,539.1330167820095
453.0898359519887,481.4677219382324
596.2905675905635,642.609344185307
551.6301017650296,594.926443974207
532.3922616410109,563.4521766490549
469.7482625469141,487.3002798303132
633.0855537735334,657.9961031366624
626.1386646949923,601.7469319903983
541.5995896549817,541.9358568704379
444.47380938997776,469.7828033089933
528.8204891980407,606.7793494448925
510.3625384901165,560.3122958403643
494.3328986406138,517.033820117386
463.91949640449496,465.634879006541
567.4867090590797,648.8656609247686
565.9883438292702,595.4479514886833
558.1085340311523,554.9075388298736
448.4493169352268,480.7088599841758
698.7827201066591,646.4803467393701
686.5595905806545,601.3074572903805
614.797560251236,567.1896447790604
450.8886448973554,489.21919687523035
702.530986930159,652.3391074262153
563.8065338640872,586.2703577981899
530.0139019122432,538.7373785584965
444.08127459114854,481.91793469048906
700.627275495785,625.1645723114394
595.4174258764446,576.1176381179498
533.6610553738483,546.1949583470488
467.97946618439687,482.96495514478255
602.6943258880774,639.6495720281798
572.8205117183716,584.5642829371924
555.0587327575885,542.0230050449916
454.3658736081916,474.8986909440552
704.6186162201132,693.7753448943299
651.4513226105233,637.3921090581056
636.8467915059942,568.6078274646725
543.4121991432592,477.70127916967533
645.2571534489554,662.9542860700318
598.0329385295252,600.4473704690566
561.5930909347676,559.8189987349607
486.5123406637388,491.0473841741759
568.7176027949133,604.0005495942896
549.059168386686,563.6833593448537
509.63069908218574,515.6303975900508
462.3016362354688,463.3312536901213
897.7859053342904,652.5131480083517
703.6850127063283,584.0281593710785
628.7890620664117,532.6994671899287
617.50121530202,479.3185745695418
551.7446645653912,664.3202218264356
520.0542634927892,590.3585532600515
464.21164970724425,520.4732209957108
448.8864072957066,473.2041210249634
572.3824839989642,642.3097712581032
567.2599832537726,590.8777632458131
544.9593648872828,553.5460770888923
447.5078756284887,481.156896962386
599.9067437901979,659.4894204818874
579.622843559374,602.1195758690241
530.752631532557,541.6188024731862
446.8294265717018,469.4760668863241
521.0028349635531,657.8316761800353
492.8694151072838,593.4175169170059
485.92581181990687,520.9909937818048
477.4816921343061,472.4380145016552
883.9137013393809,657.8845446147924
670.2198203880475,587.9519374688284
628.251506204233,535.3204330031285
607.0226160146337,480.4469797577876
544.0097046304677,622.2814593309348
525.0187914938344,573.4622621882651
521.1114652109535,541.9085221550573
446.1343339094556,479.28387507873396
642.2036243588196,662.5943081350408
602.296448424304,603.3395385235514
483.4807214393936,534.9904384161226
440.3836981097085,464.3383360628276
831.5215709029452,639.6247085710787
702.8279199121653,594.5289398916196
627.3304389588875,556.4126104851956
620.4448021319861,483.8982436566205
598.641817832653,648.9731900730741
581.2496063907054,602.6966611298712
552.9567277269363,575.7440587838644
465.736931290636,494.4323282289073
613.3467403349949,633.2434668904098
574.3866705839907,580.084765234955
568.2488278768235,542.9048816555851
453.97680327833547,476.87983824522905
586.826733870532,633.266375508282
558.5088216848934,583.3216680935155
534.5227198449309,543.0648941615812
461.4655668837807,476.4204674763436
617.8885202787397,609.0817902753452
582.2590726071375,556.6143874738083
525.2228710201773,514.044751778592
474.0915867474108,469.679692771527
487.3007546155335,652.2114702557691
452.6130496607777,586.2583786083035
450.5819555706401,531.3983752586571
420.47223918502647,478.14261199700303
747.8713425682434,655.664193642638
603.1552420896735,589.8526385686023
595.564757016147,544.4113341445067
485.2427962802294,484.60286050577673
808.9820195810361,650.4895341804303
737.6270040010118,605.0849004742848
718.5840110078352,568.6510559704159
587.0235374380363,488.8170660131181
492.34848299947487,625.6338805093673
490.1861035177276,577.0442315727695
461.0671408438447,544.3945465122689
433.9821062432427,479.8168141542238
580.214669021434,628.7563943372663
574.4152741961453,580.6724918975108
563.985055817266,537.2901598914402
457.8968754331682,478.25254797055425
602.8558096941915,647.082738260402
537.8163313736185,592.9481344098241
529.7152287926846,533.2472207206316
497.8348305978821,466.1439659761941
816.8647005799231,653.0192604106958
642.6166556645695,591.6623071767164
581.5734571327612,542.5047554361548
577.9376358918604,482.64363772537104
474.5193247730624,605.2082885414716
456.7290686956979,551.5266114023914
450.0867751540775,517.9145487112645
437.6664699192188,472.20872917557483
880.4209657324252,650.6031330505268
723.639895856916,591.9201559474897
722.9494731819235,552.2290070254975
632.392256729312,487.3456970694304
698.7827201066591,658.4239780914519
686.5595905806545,605.2903512869216
614.797560251236,571.7159250561662
450.8886448973554,491.6172961445167
573.7943117669732,601.2234937145497
565.8129079900003,556.6779579821025
517.0931507506743,513.7815469341182
458.7169576715217,467.84777955898585
617.4932649416379,651.2795248409442
568.9349099759,600.121342669988
457.9061712796709,517.4739420301981
444.5679197466184,456.1215858934838
673.9644263075822,624.2969372836063
571.4607675281819,574.0981905597558
527.8911497559075,543.3868916502188
452.4317897353498,480.6776323276008
801.2653781072617,660.5820449056669
731.3363564023596,607.4088191529313
716.0470201082765,571.6581470609985
586.8406411222211,490.9675856423247
567.4867090590797,642.3944817333025
565.9883438292702,593.268344723444
558.1085340311523,547.2303789583475
448.4493169352268,475.8954422999971
897.7859053342904,650.6180098983068
703.6850127063283,577.0307532250549
628.7890620664117,526.9126723498979
617.50121530202,475.3533843828318
797.2464124719116,649.9850657313705
626.3495502176121,587.9896283918215
590.7949413092078,554.7010061069085
468.8188247721748,487.0890293540462
819.3001048406257,713.7057546930533
633.9965261620346,653.8144736966722
629.7871010364094,538.3321759625633
487.48787786924026,456.7493044771241
577.4424206616455,603.6033292884431
560.8128116474442,559.2187765506618
516.3654195668769,514.1221146187181
459.4562916962709,467.15220253749874
510.8983046511708,660.0325136095208
474.4800886757949,584.14398450809
451.58803496673806,530.2738910337534
431.522039623743,477.465676052486
520.5013282168767,613.4271075298284
514.6631305360726,565.0862589505307
502.05473773429605,537.3970077159174
452.5480436601496,478.179596114714
739.8655657728997,625.2641364647592
614.0837079121808,577.6724799020662
544.5777363049323,534.205879568844
519.7895359357627,472.18129495312405
538.6835163653345,652.2819158894722
520.2622832276276,602.8009898127835
512.2306759356334,563.6673406651915
449.6579066436104,484.1869476525747
667.2196459071486,628.9933898451486
612.0925607041158,561.0365899367484
601.0785238321068,518.8325158956591
528.319509214999,472.3546034202314
544.6520790404546,670.9978596119548
541.3569862876044,587.0870064017722
470.0012086866222,522.5903427041733
421.44105516161386,476.8201957104498
651.9904231605137,625.1929123437293
626.0263938267012,577.5278203374935
485.383247950352,506.17066665646814
465.4658220536958,454.5690798296478
738.7630954340286,636.5812650516258
602.8102664915774,586.2407751388937
579.260948154166,559.4563031879287
508.1902462209763,487.1796456389635
683.4840680000094,587.2191460184771
588.9179303042077,545.6203665385123
520.3435647859537,498.7500362400289
409.14876372677094,460.76340801374056
652.678573908941,659.1821262904263
629.7985921685502,605.75492547555
622.2284063047605,571.1647176632803
473.93713311076897,491.1670795752293
630.3282482897991,622.4286087029626
605.5789177029181,574.7594234208926
556.1921797987364,532.718004285693
521.7514128822139,472.0710236733991
474.5193247730624,594.2569008142978
456.7290686956979,541.6413366796498
450.0867751540775,512.3127574133321
437.6664699192188,470.1298364478078
671.8581231834347,663.9763090908525
643.7564184523649,587.6456300912629
621.0629468009321,535.9744617395808
506.3518049542334,478.2957078320675
727.3940799567282,700.7834361879611
687.1031573287178,642.8069196390542
658.7577673398848,527.4537658646223
592.5923008331594,452.5163205694851
734.7944791925964,650.1406501655653
547.5685472748764,580.382813261286
541.7917029056425,535.608241239079
410.2175269194429,479.27725524922477
735.3215978263087,653.5400776230226
668.8005889025259,602.5290013598833
645.2771666538749,518.602600656116
468.19235558327034,456.54752695077883
590.8973822687532,624.2114277843039
567.0724655929229,577.0029601776693
554.8414215204972,535.3132773563499
449.46823066679326,472.4098302869503
641.3195689295559,679.6497878691027
575.4967663617504,624.8826056410935
502.51975971203007,526.893691942824
438.0595759547538,456.46145502298685
596.2905675905635,646.1362374150856
551.6301017650296,596.5195645732249
532.3922616410109,563.3349929675267
469.7482625469141,486.4351640627686
601.3225399003157,670.0424834330288
570.3468238354822,600.3588343962831
550.7279569202167,558.506177262836
519.287461081475,488.58151472281367
822.47233546907,638.7484631967305
640.0302252460112,588.6098877700069
480.5840589229429,503.0844356545646
469.66696091199265,449.5521671432529
842.6916860042331,663.7692418037899
796.4037391842754,589.0774907179359
699.9965012999407,539.5933963048135
618.6272937304973,480.09104850097265
747.8713425682434,657.3480296136775
603.1552420896735,585.8508984763513
595.564757016147,541.0091617951392
485.2427962802294,481.1286983299364
886.9439863131249,649.7114988180564
642.6408561991865,585.3007241372833
628.2031712590773,552.7916060715529
463.27141934123927,486.42881491477704
819.7561852527456,644.9588060688347
744.2625911368712,594.5626688562982
647.8911553488601,517.135549726578
552.4887088495086,457.13560761699193
544.8264278932212,636.980178249035
504.4586353696602,587.3403645789776
476.1808843449634,522.8188980748358
455.654678272116,462.0611033849281
687.3039250038174,655.4650022058834
636.5563789528998,603.4551658269731
616.0569467227309,520.7378414322988
440.2990519698755,457.2894931812623
562.0019991124186,593.3224017828921
551.2614191811948,548.7718682614516
475.1495220819696,507.10160223609233
466.2965617875934,465.5487638200222
612.656186770732,656.413348603655
569.5468887178597,604.2654292487038
563.555621855562,518.7041357095284
528.9306849568111,455.71504982135014
560.8489159458138,602.0675426945063
546.4638452902718,557.5348548351524
505.9816322727785,513.7397057750622
467.6263442790666,467.40670207271916
668.6561112534706,640.8208763951463
599.129168668199,570.6360250558077
582.1404886914792,526.024884369935
489.0205461654842,474.9196842937645
497.6407139430207,601.1944415143857
497.45831709318554,543.0367949514283
491.98994120588014,506.2729893608355
440.4613935179751,468.76471381205073
798.7184937609263,673.2052464215615
648.7422563133529,585.8486138851948
600.0438982352738,516.1153598629186
491.39686943231214,471.64561810632927
519.36725424446,658.892123903662
483.3465472703318,584.7683396115392
472.24069896353166,534.08707107189
457.19397108914393,478.9136926551552
561.3788649431702,592.0262736481483
541.2751165108117,546.631571978842
474.0762947000208,507.8200499192958
470.9380710949574,466.07663350379227
748.8183849762993,597.6741231419646
695.4413182313432,554.2828321679083
641.6897079914676,506.9621884198688
513.423598472593,463.4405874598274
529.8512444414915,670.9769558404237
514.5006938092062,587.1543754185502
485.17371169383694,523.11345341291
468.92217672210353,477.24358972312933
667.7945674230559,672.9608099310923
639.4837868158477,618.7494540194735
586.0924764432956,522.0119900523779
439.68367672864383,454.58120036727087
504.3539332100116,592.4742518920316
498.2365942629005,541.2478664921358
460.5035078816221,521.4966592890586
453.10520090102193,474.30115525347253
708.7800443095302,668.2425847973223
627.8540466640111,584.9279281320362
572.7192027726784,520.5915572915022
546.9059522732556,474.0382154093712
558.2422870681537,654.0766068021751
517.8796160593799,603.6979887408415
496.91003110273726,555.5358254967281
438.34312406435185,480.3330560999638
719.1399891208458,635.6976701260176
696.6552261516447,586.9957037156782
691.4477200859143,520.40375282758
508.9342663970776,461.3895067222788
856.8205559786115,667.4666137104452
783.8522772905812,590.9988922301566
713.2657186728048,538.0900262954461
625.3167938440248,479.7369749196486
590.6684906664534,580.1953006952823
586.0675981142068,536.8977892473049
546.5309024521912,496.5915992976214
461.8743270428282,461.35220668322916
570.1884409927653,587.5882778183449
545.9290263916728,546.9879711192795
471.57757643981887,505.82997695857404
470.88472749278645,463.5075316955116
528.3165074233303,616.4896864830772
497.3431993846251,560.9129758052114
457.7556894064108,539.3065983232954
454.0423109175739,488.02380123594486
537.15336537158,652.3398386715993
490.2480245716277,584.8586629262651
452.46005007544727,548.5536306810536
445.389627165038,490.9276971759445
822.47233546907,660.0435749791568
640.0302252460112,607.8134316706144
480.5840589229429,529.9157893520819
469.66696091199265,468.0753863337814
575.6112770814393,592.6560190740804
567.686595595164,552.990939695519
497.41736818055807,506.7812723195342
468.0385960630664,460.52247716622804
582.0455968504493,627.3864034322695
565.8365180204325,582.1600336109952
545.0623704781453,544.9058857972288
448.4534660173425,477.7172593486322
744.441471555693,672.5919675741668
615.8720804215559,601.3804259775501
607.6991433081654,559.1725302047199
480.3563608398537,491.5362530593733
539.2630035181747,664.2440539581808
538.9591736445121,594.0908914372319
494.0468783190701,551.5110807209113
453.0898359519887,489.5783781329438
683.664875887254,590.2157004659231
523.737727801765,549.7031794866901
483.8237270248905,505.7620553385769
476.76037337304007,461.4691701964148
656.1290436899292,656.4990246481162
647.2583854153044,606.0118751065379
627.4196766298201,565.507443121779
479.0964321215763,480.1539693209012
680.4300830922333,637.1439666652244
555.0957230304715,580.2377049497884
533.9065683608693,545.6636639792008
472.8166178532291,482.3393012659608
703.0574020296224,627.9650802023068
580.9031557113021,579.0564747925425
541.6768565091862,546.7736275152282
484.1221023256675,478.97087482352265
807.2637375769092,656.6071554159543
660.4987789000014,605.0579617051087
614.3881041443576,569.2038615588851
458.0317942493817,482.48095475710653
573.7649751736172,593.6242327009303
559.8733208533798,552.1586940726565
516.5917588149247,509.2166112758843
459.338777272405,463.5400138213194
514.0714714786966,635.4273700326764
508.04603117539824,588.6230402028781
478.1468825417848,547.1169318056543
460.4512454363179,476.7577597060281
753.1005291822447,664.2862479747009
717.7043943276791,598.0637482319737
595.5882682549858,563.7682870433305
471.386956858488,492.30910897243086
489.662931386531,639.8924168592539
466.9335638682227,580.1792330445717
458.8671942678071,545.8234691387825
457.65177620109154,485.0191142263463
545.8328204491643,581.9263159901082
531.9681442041639,543.5568085615811
491.66545020688056,497.67118862995244
473.5426782384917,458.80601133879213
534.782207705619,662.1343751915941
528.9673451985138,594.1324335884901
490.3331783758491,555.6568053667622
452.6201538001583,490.7490248972228
532.0516958753386,621.5538945224146
522.9586521871431,575.1676589191829
515.2070367424781,543.9029807721498
439.77194905873495,478.224478757715
655.3756203496673,668.2809404795996
622.5483330307354,600.0008196635655
545.5066529648574,564.8401617616883
483.32506375321367,493.777089740099
727.5555322066733,683.6170762981021
691.9425182055923,607.3068444438584
621.1149307573604,564.3772479809816
488.7959546557436,496.52724487491196
597.6288824623451,669.3361840050915
578.7374391778417,591.8740148609534
566.7147893330357,533.6836169760678
448.7439600642569,481.4435740950507
523.6910141184651,618.5018648377512
515.9252531135904,572.8610308039998
474.0945959430484,543.4457195186642
437.3976525320684,478.558981267798
633.4884334828556,678.5420532741975
595.4181261686513,624.398802426371
504.0702553624982,561.2134521590198
452.4407751493582,477.1116071900336
638.531484013179,636.9894176741839
538.2410542088205,580.1226482589598
494.1925808116165,543.2807444452466
478.8165454897073,480.75846812727787
427.6756646341503,716.8333314297824
425.6165161082352,623.0450619340643
413.64894468625374,557.6686507663946
394.66014909392055,497.4437541371959
704.6186162201132,702.2996544784511
651.4513226105233,644.1192582375966
636.8467915059942,570.2872536175594
543.4121991432592,477.91454616085105
652.5423789518237,636.7546349557064
598.9655803711697,589.0156375314706
579.9244365101151,562.2995854025904
466.9259554652359,483.6930955135776
505.7377145716787,734.1614370455598
497.19856329910266,668.6473471981292
444.3938252338676,565.3416733950684
426.6980255518923,474.007162921539
543.4020887360975,628.1598041943832
537.7181402118088,565.1510053860462
516.530324335695,525.152296805361
461.3252547412272,481.8993166643013
510.1714411665308,608.1746078673009
504.062559665145,556.5449416458414
489.361788908185,537.7044024733772
450.1084735005105,485.8442324552292
676.8394403543999,653.1985082125211
629.3607458874646,601.7396056693061
614.3525646559199,567.3893851482925
481.6278212224103,483.0570723096936
544.0097046304677,617.4061337607592
525.0187914938344,572.0383377807418
521.1114652109535,542.4587457670892
446.1343339094556,478.26133565898596
641.3195689295559,698.9232809585203
575.4967663617504,640.1214846349598
502.51975971203007,550.4670434330806
438.0595759547538,471.2517414541669
734.7944791925964,673.1880900536684
547.5685472748764,599.0693365135926
541.7917029056425,553.9011608333817
410.2175269194429,491.9168169671301
580.214669021434,636.8777970202544
574.4152741961453,578.4220029947681
563.985055817266,537.7821897869344
457.8968754331682,478.49625210204283
510.8983046511708,687.7839998651925
474.4800886757949,605.6940895741204
451.58803496673806,550.2672605543698
431.522039623743,491.92342108232316
598.641817832653,652.3156638604449
581.2496063907054,601.494695897085
552.9567277269363,574.7673684039808
465.736931290636,486.82983471247695
768.8995068104871,659.5622404668727
609.8527150971846,608.4415282976462
570.5677359592181,569.5696068785176
552.0152616569843,481.5890096018283
558.5021808890314,595.6062175487846
534.152745696776,554.5169899471824
474.11215856882217,509.9294101914777
465.01940426241794,464.3635110203566
735.3215978263087,668.3069423450092
668.8005889025259,615.4860908190108
645.2771666538749,538.2254009757221
468.19235558327034,468.951572325447
588.1142801127593,665.4507189578344
563.2008353028251,589.981752605735
547.33924104203,532.8722521097038
456.1659378459104,479.9509858356178
492.34848299947487,621.1875218775426
490.1861035177276,575.5168976147107
461.0671408438447,544.531619517722
433.9821062432427,478.28030011010304
531.1618701728952,676.0998447807157
512.4795727152284,608.2258046938342
461.3750527457096,569.6137818208055
439.08770624317685,491.7530617312341
680.3067441056282,657.2154220228402
636.8202661301145,606.082801937924
494.8083296652253,537.0795732914974
447.2748230458219,470.62390405248345
780.6987926209305,595.4762009916576
642.8986551252577,551.9690798026036
535.7046846205708,521.3300474844042
498.58275004623226,473.30921046428887
599.9067437901979,659.7094457636991
579.622843559374,608.0973881571896
530.752631532557,545.3213189608141
446.8294265717018,474.13311930744675
740.6119263339035,647.386544184905
554.1582209989137,582.0724752095965
535.9343041207514,545.3134453196819
458.84806274078306,488.26301422599585
561.3549338206711,587.4559422576814
539.5171489714845,548.3647889190258
513.5404354169157,502.93224184841193
458.7352007178072,460.2184182651546
575.0041270578758,591.9949767017848
563.3507622177636,552.6213750681505
516.0369192880318,505.9139573905823
458.9244135246659,459.9604801413073
528.4408345778938,704.819538323808
432.2186386578388,610.5938683078016
422.2832313764077,542.9092562919456
418.12812245621666,495.21472566365543
536.1063956409447,628.4909809514921
519.9511170293137,580.6789530012071
510.36802665068893,550.8356345378924
438.56577751330695,480.4114848590041
544.6520790404546,697.5407059042841
541.3569862876044,606.1366378656885
470.0012086866222,536.0417970219722
421.44105516161386,487.27980926887943
667.7945674230559,684.7623688463788
639.4837868158477,630.9421021379629
586.0924764432956,552.662740593246
439.68367672864383,488.3483665464589
558.3184920438251,580.3313022177338
538.9330996587646,547.225457857003
495.65806695221414,500.69933637578765
458.4502207907911,459.3248253841884
529.8512444414915,667.3475501539899
514.5006938092062,592.2243245541371
485.17371169383694,545.6605690976469
468.92217672210353,493.9511042089499
521.0028349635531,669.6874675345686
492.8694151072838,593.4584546701168
485.92581181990687,546.4363652571145
477.4816921343061,494.7290833843775
527.0121877424567,616.7891986006117
521.0199339223939,556.1255847929278
491.99350066419214,525.238070443702
436.9867045585649,476.1948697444606
590.8529383009242,649.5689287031795
589.4404294373809,601.9624954576649
564.4612246536981,540.4378485814632
449.47111275655215,479.3812221714912
554.5416560579024,653.6178447830696
535.9902264708055,604.7453689906674
485.36127278066334,566.8304589223153
452.404970385509,484.30011879708997
727.5555322066733,679.8358838855037
691.9425182055923,600.3402445768236
621.1149307573604,562.4202551835888
488.7959546557436,497.85411637804464
830.1292858466161,651.2603161673271
732.266908333465,600.3635711139649
692.1433905657562,566.8555840829574
593.7696989780121,484.73489596840454
543.8669080185891,625.0175905923157
524.4265770276072,582.0599253435211
521.6821745730539,526.167605502527
455.0579206600038,472.2856653748634
780.6987926209305,602.4538451108904
642.8986551252577,554.1622771367227
535.7046846205708,514.3195516108283
498.58275004623226,468.7859344266132
590.8973822687532,636.6604805469751
567.0724655929229,585.4937305379344
554.8414215204972,540.4797151215491
449.46823066679326,478.23382013385907
514.0714714786966,638.8181900993587
508.04603117539824,589.8730077004543
478.1468825417848,544.0420438621115
460.4512454363179,478.5909962711262
427.6756646341503,698.3136780598699
425.6165161082352,609.5661259128336
413.64894468625374,562.3065218984848
394.66014909392055,504.45339671726873
546.5412607481817,667.9281960129945
527.7291200234451,591.7858128330935
490.5235888006426,544.5580967821738
461.93768459841544,494.1752528314836
628.3419593131739,637.6219144013048
586.2749066373407,589.298466411864
543.221784849254,526.3967550557888
446.7457013652693,475.6571714988685
690.5706497394297,565.6667612999988
523.0915200206745,540.0362408224134
514.9557170623666,490.09900019609506
439.6166473876625,453.40392356792535
808.9820195810361,651.2693637499946
737.6270040010118,603.0672308703555
718.5840110078352,566.431635961791
587.0235374380363,483.90129333647803
543.6220750365958,645.3416683493348
523.5444258059472,595.4242070109734
513.3031714656393,560.7599269941855
439.8737608685761,482.448928031261
602.6943258880774,642.9181320418281
572.8205117183716,589.9095129335192
555.0587327575885,540.6182704516315
454.3658736081916,479.68195423949516
744.441471555693,666.6751019924701
615.8720804215559,595.9292824878567
607.6991433081654,558.860188174749
480.3563608398537,492.7431100214463
586.826733870532,632.3598985476057
558.5088216848934,584.2148876677538
534.5227198449309,539.5848871047226
461.4655668837807,476.76527903670643
536.1063956409447,632.5155917848726
519.9511170293137,582.5488813626652
510.36802665068893,547.0216721065549
438.56577751330695,478.5947763261631
598.641817832653,655.3748269027551
581.2496063907054,603.3742466956091
552.9567277269363,572.6643174626361
465.736931290636,486.3495088120982
567.7781364529212,652.1189928452368
561.8271549138334,599.3449495877697
542.6117264100411,555.1387889216146
455.4330496358303,483.1550801198223
491.2320484562486,659.8514846547724
471.94500360542247,579.4893908775883
459.9210087067679,538.9828098516631
431.5703119089766,491.5412206306726
538.6835163653345,656.7009449971864
520.2622832276276,604.7079133069329
512.2306759356334,564.153589869953
449.6579066436104,484.9623290247231
777.938865544766,610.5551159093858
600.621012444145,560.6110100912009
542.186274381016,521.5664381511084
465.0502083970718,471.4988958618185
753.1005291822447,663.3551039990795
717.7043943276791,594.6252588685663
595.5882682549858,561.2391889646883
471.386956858488,491.6413247621883
528.8204891980407,597.0843848929536
510.3625384901165,556.1536323654733
494.3328986406138,510.5298227715518
463.91949640449496,465.3713453625826
567.4867090590797,653.2807601777544
565.9883438292702,600.1408759514127
558.1085340311523,553.8156131908429
448.4493169352268,483.2612866810731
607.7916391862393,672.032618712668
598.5633302247654,620.2503610785217
573.0552368103438,553.5402032213509
448.385589624607,485.90384982614967
606.2494056772535,656.2571879137315
578.4376667409374,605.3847199734432
488.96077135219394,574.4679786179289
475.26024521387785,486.4715220423529
883.4891497336907,672.614128529957
688.3234597943687,595.6065973041493
464.7465696015242,548.8440087164031
432.7524403852291,495.7194319945673
719.1399891208458,643.4880172983824
696.6552261516447,595.8466368736055
691.4477200859143,534.861521207493
508.9342663970776,477.6283799094545
702.530986930159,673.7823063923864
563.8065338640872,595.3790246740502
530.0139019122432,555.3084412486792
444.08127459114854,495.7232724429253
512.9833484117243,615.4715798545215
511.1288202377232,563.6516338929353
463.6488941380858,527.7827044040724
459.6820861700347,473.7620156493665
527.6626860286387,610.1443812790105
522.1136152796408,557.1988453625111
461.8948823953812,522.6737791197988
457.9227390710761,472.46191738477285
637.7903223811521,627.0194337698481
577.0704512068247,577.0508290483681
482.8559793794818,537.6801182066262
433.786258147532,476.22534741570735
522.9689765969911,699.7077446800556
492.88653012164735,606.5270176349788
460.18378981307853,559.9106870461284
455.26681037314086,505.18033641869204
600.1848312627607,654.3673751098411
576.1073616244063,591.3746969845496
568.9894048322717,557.825341473347
446.8909589703639,488.00371659421916
578.0479131695089,639.6188805521472
568.0746795694313,586.5311659902599
557.6167432768373,541.1887587750082
455.8510265242718,479.2328742992412
528.3165074233303,628.4702397836213
497.3431993846251,560.4514988716495
457.7556894064108,528.4027891371118
454.0423109175739,480.8138523858132
741.7765600746402,668.7390709668675
710.094898827844,586.6150226015308
332.24320577171915,538.6507448994755
324.1278888269732,494.57586093956604
543.4020887360975,626.0537095910973
537.7181402118088,561.2547615645275
516.530324335695,521.274490339067
461.3252547412272,479.2780105634623
545.8328204491643,577.7864669830703
531.9681442041639,545.943796223939
491.66545020688056,497.00433651910134
473.5426782384917,458.00073629364135
684.8335589144109,681.7065752633603
639.2340997346352,600.9533283493996
540.7862787971517,561.8101917482596
463.993622474613,498.52744291586504
627.9630793633385,664.0848810555179
607.493175679875,594.9164560052893
515.7313691816903,557.7381213571546
460.5975915677214,491.812573961168
831.5215709029452,637.8164256643381
702.8279199121653,591.1707672716835
627.3304389588875,553.6999091295816
620.4448021319861,479.693959267869
597.6288824623451,645.0363957869571
578.7374391778417,583.3629457632447
566.7147893330357,542.232132285724
448.7439600642569,485.55597367707924
651.9904231605137,636.410503414399
626.0263938267012,589.546938295402
485.383247950352,524.176707993359
465.4658220536958,474.7623325850178
564.6503779062034,633.2576379479594
562.221765439404,581.9447947700679
523.365393761723,537.0806247086091
449.5332418642992,477.23613118612997
719.623737979524,661.2444143368274
716.7012037495248,588.585042854723
641.1897872578048,542.3280587320454
539.265173593385,491.83040103249675
792.9176014986932,703.8577639450743
720.0630712831514,654.2091570295881
392.46014294309293,574.1339120706763
289.52337896433556,493.3432401637817
590.6684906664534,576.5442190536858
586.0675981142068,536.1116665279721
546.5309024521912,489.49005203794724
461.8743270428282,448.90224012921146
574.3081158369903,680.4178638324438
562.4919756701654,611.6525290910812
545.268890057187,562.1601223617084
468.2588059440985,495.31197615531084
561.3549338206711,591.358417097717
539.5171489714845,551.1430241559689
513.5404354169157,504.5452196653954
458.7352007178072,454.90288481321085
520.5013282168767,616.6756866646875
514.6631305360726,566.4239355867597
502.05473773429605,534.1130959792131
452.5480436601496,473.96145881084516
680.7479835441547,639.6756684788706
567.5579647993288,587.2121131097947
531.7119378490902,557.2038022103019
447.83671443775125,484.18974612158854
558.5021808890314,593.6950356291178
534.152745696776,551.8420789087053
474.11215856882217,503.87201886488594
465.01940426241794,456.2248403536
668.6561112534706,642.6934584236207
599.129168668199,577.5741734018751
582.1404886914792,525.838122533164
489.0205461654842,478.67977666278034
735.3215978263087,644.8802569782081
668.8005889025259,604.7245370680535
645.2771666538749,532.3893236425685
468.19235558327034,468.26697420674566
756.8871065276188,670.4702400928559
593.6332318004021,608.8419189888672
576.3863476427989,572.799832987723
432.9465330789165,495.15136552549507
623.6049869230419,626.4380538429522
590.462502049809,583.7233446897287
526.0449080980346,522.2187471168907
450.2458708101062,465.78948436929267
615.4855524048013,664.1851228376096
588.1246044796945,618.8439451304791
498.8689134589234,564.7185167678298
458.5371911970298,484.05121559013816
572.3824839989642,638.623632669841
567.2599832537726,590.5827618323924
544.9593648872828,551.7665951920093
447.5078756284887,480.5198697771321
538.6835163653345,654.7114600648097
520.2622832276276,605.1686810579939
512.2306759356334,570.8332309608493
449.6579066436104,489.102845355932
815.4286371353267,645.5111177346553
656.9049422633925,581.154832633178
605.3092397437212,528.7547686454973
580.3870997222236,478.98904083822305
578.0479131695089,624.0441851633599
568.0746795694313,576.8283795611346
557.6167432768373,535.0539793499271
455.8510265242718,473.6595366189259
749.5254643670708,644.0401627199979
582.9842726834017,584.3532207143968
572.2691823328425,537.6593542343035
475.371317540097,479.01713550595684
851.2799498692817,665.5603724777144
657.5277806932569,593.1935281653155
645.3684755142648,517.6815746079596
529.5368141913551,478.326050619667
819.7561852527456,637.9850877373983
744.2625911368712,596.4936438535262
647.8911553488601,527.9042270335278
552.4887088495086,467.3977948421495
670.0596517449959,624.4823743088776
612.7939587726802,578.1975117892733
588.7457955390164,535.0350581131751
524.9986463351058,472.508698230506
486.0421852066818,631.0755953277098
465.63583505789865,571.7765599414664
463.087972029255,528.9486474015168
462.9537746466754,476.33513355522956
558.2422870681537,653.2757794406543
517.8796160593799,606.2086379246375
496.91003110273726,564.6766008544984
438.34312406435185,484.52513825425945
579.4580149243694,597.4263447072639
570.3064167873396,554.8879408508478
509.617360517563,510.79396396040556
474.26983647895366,458.89842273324865
702.530986930159,653.7363482344357
563.8065338640872,588.4409255163656
530.0139019122432,537.2512119586817
444.08127459114854,483.0633527699517
642.0375652712104,685.2632244998629
634.2051469157542,644.9503480555968
455.7816675912958,548.5057951726325
422.3969585258148,475.8533928707762
819.3001048406257,700.6112799449744
633.9965261620346,659.117047366818
629.7871010364094,568.5540905470206
487.48787786924026,484.34669371875407
540.0563718886741,618.343914018512
497.6145714241552,577.6564342649664
481.29936025598886,523.4868767148721
451.71567832169274,463.8980312411351
698.7827201066591,660.8346729165032
686.5595905806545,608.7403430371736
614.797560251236,579.2803761397313
450.8886448973554,492.6857924764111
837.6158926764983,638.7899067476543
763.2970831799763,597.046909775912
644.8177243541897,527.723441493249
550.1180683783448,467.5263261393984
499.29478078663095,668.4607891351559
447.1465610625411,595.6354554842056
446.56582682499766,519.9466953685817
418.1407471581099,479.5712055940538
680.4300830922333,636.4289308353626
555.0957230304715,580.9514600920916
533.9065683608693,544.451349337618
472.8166178532291,480.099531155113
718.8566753468305,591.5158844620996
694.4020862534777,551.4962483935941
607.0455847899506,505.28872019067154
596.7817564062373,454.9688479014104
519.667112032019,636.0658718918905
472.6484310829827,578.3139193640575
448.2488400730608,532.8275722184578
407.65551445247735,475.8583550614401
883.9137013393809,657.2169788663152
670.2198203880475,589.8831655531466
628.251506204233,532.9926303684047
607.0226160146337,482.4486070883144
652.5423789518237,645.2885561220489
598.9655803711697,593.509703504806
579.9244365101151,565.921653243008
466.9259554652359,487.8417187417494
656.1290436899292,666.5421021331301
647.2583854153044,617.0332471912778
627.4196766298201,583.0725258919149
479.0964321215763,492.93234223506954
602.8558096941915,629.0662337660347
537.8163313736185,587.1656671951648
529.7152287926846,527.3811259883312
497.8348305978821,466.9600092816172
822.47233546907,629.7996829741182
640.0302252460112,590.2326065921486
480.5840589229429,513.5404308152619
469.66696091199265,460.6524428147677
575.5486722407551,644.8329365837766
563.2357159535104,578.8577278173706
552.1882003404754,517.0399120678817
480.8285145314334,474.42177029244175
574.5465252401535,600.2473889693179
546.786302923824,549.7629501143662
506.62031199489616,531.685427926508
452.6627833180645,473.6997630014388
768.8995068104871,671.2452684778166
609.8527150971846,620.8193188403926
570.5677359592181,588.9836883288729
552.0152616569843,495.81959203161074
546.5412607481817,663.9973855909982
527.7291200234451,596.07749557337
490.5235888006426,528.2698747737638
461.93768459841544,478.32440373028726
687.3039250038174,647.7877964183705
636.5563789528998,605.9463802073318
616.0569467227309,534.3221131177189
440.2990519698755,470.31721084384947
753.174602017494,663.9364810938647
666.4484480610195,623.4683298102497
639.5619718641304,546.3087948894831
590.4467392385372,474.19290332011707
718.8768641364126,651.0573163622498
663.635620780502,586.5104431764775
582.0955673810182,541.3524005887829
464.11249093948686,484.64932481768403
679.852888414925,622.1693513822421
606.0578820118811,560.3968383523672
579.9853391014994,515.4361318579968
480.8642400701781,472.9226435489845
602.6943258880774,626.1835373346566
572.8205117183716,579.8779141361167
555.0587327575885,533.251586978169
454.3658736081916,472.40196148942454
561.3788649431702,589.5357484581601
541.2751165108117,546.6363982847386
474.0762947000208,502.66996035810007
470.9380710949574,455.7866320160628
534.6481660855585,576.9929769143813
518.4679246313269,535.3090304502531
487.7313165056417,489.09436533126353
476.14883685981425,449.48912777721324
640.4729645162131,641.4781827071928
588.9786047760023,599.835913026798
488.90101114773086,528.9055944878377
445.0100773578821,468.04784893767965
489.662931386531,632.7521767680369
466.9335638682227,575.3186015656598
458.8671942678071,536.3298236884913
457.65177620109154,478.2141352906113
671.8581231834347,665.2613904492895
643.7564184523649,596.4907284738397
621.0629468009321,540.7574809742622
506.3518049542334,486.7158045519755
672.1381166805804,627.2858785031983
655.1758286712538,587.8457223994816
435.9472710660316,512.0632590663472
421.1182565604609,459.87769921954805
543.2492470654427,613.2179628714695
513.2446557791833,572.373424317318
494.45204633491386,520.9156951490463
454.994391472549,462.72561943076295
584.2794944143261,588.8223212612544
563.8677964470476,547.1971612871009
524.6187189122548,501.9731568091429
462.3549764618555,454.73979750826743
568.7176027949133,604.1669542291763
549.059168386686,562.3184788460884
509.63069908218574,516.9098335318947
462.3016362354688,470.7031672400159
562.0019991124186,595.7790350099498
551.2614191811948,554.5713305733315
475.1495220819696,509.84018854136434
466.2965617875934,468.92714463192294
797.2464124719116,656.7214942968653
626.3495502176121,594.085407692424
590.7949413092078,558.6527592526081
468.8188247721748,490.0834633165266
679.852888414925,624.8914345702542
606.0578820118811,561.0408340200642
579.9853391014994,523.4619950142254
480.8642400701781,477.8206639714727
575.0041270578758,606.5399079200336
563.3507622177636,565.1417924782126
516.0369192880318,517.6161963717756
458.9244135246659,469.9758187190098
575.6112770814393,606.7356165904054
567.686595595164,565.0343462132118
497.41736818055807,517.9232738669007
468.0385960630664,470.17715772259197
633.0855537735334,660.3268663445457
626.1386646949923,606.5373596431884
541.5995896549817,537.4386163863069
444.47380938997776,463.193963097638
588.976472965822,642.8088926087493
517.7786248379507,574.1377133631967
515.2330212052162,519.1975985232357
445.31166333695944,481.9985150311225
577.9110993685471,622.0503148559305
568.4841471810776,569.2045206084456
558.335733396071,543.738001579888
454.5949914887845,483.2974476829021
856.8205559786115,679.8202956293403
783.8522772905812,604.3732309683105
713.2657186728048,550.9670233086887
625.3167938440248,488.47126534031935
558.2422870681537,663.5071025935499
517.8796160593799,610.7142476333195
496.91003110273726,560.5469206778382
438.34312406435185,478.9911164802175
851.2799498692817,685.4412369067957
657.5277806932569,601.5112111060018
645.3684755142648,531.7036609833883
529.5368141913551,483.19574811600245
593.160646298201,697.0775901406962
558.0347101243617,639.0294683997539
539.7606634878863,587.3092297164224
444.9103924964266,485.37416116494614
753.174602017494,694.6013476752169
666.4484480610195,637.0941373196067
639.5619718641304,543.803536824603
590.4467392385372,457.47715534334804
762.3073484528429,673.822843325091
699.0935473429431,617.6152412159889
661.3603080097016,532.5624470276681
611.9997376903796,455.58844460060095
633.7378824024624,643.6765284501882
539.8244226081974,592.5258581944976
535.1941030202516,548.2427221385977
459.2618719271435,476.5312999648016
575.5486722407551,657.6401647580578
563.2357159535104,584.789166745646
552.1882003404754,528.853417201533
480.8285145314334,482.8680029513855
563.2856424916996,626.7082630008716
562.4941978411848,576.220833435329
521.5472156952866,531.2363119899436
449.70015750909374,468.2044988397937
683.4840680000094,589.9352274240462
588.9179303042077,552.1933298704927
520.3435647859537,502.3024543277086
409.14876372677094,464.11159021092845
586.826733870532,634.2505391736416
558.5088216848934,584.0721849993307
534.5227198449309,539.0600845198392
461.4655668837807,472.9124941329762
561.3549338206711,598.6509690582288
539.5171489714845,557.4120835811788
513.5404354169157,510.54973106588517
458.7352007178072,467.444643185433
748.8183849762993,601.6389312885738
695.4413182313432,560.9374182582691
641.6897079914676,510.75438623846605
513.423598472593,466.0489467903694
868.5557318269211,663.2492089982304
691.3860249854216,589.2962107210033
624.5338006506784,535.8786364672928
601.6365774605574,483.5019346916606
505.7377145716787,738.0591044062519
497.19856329910266,673.6334361585061
444.3938252338676,561.6903945226312
426.6980255518923,456.78475163371303
696.7534509928574,635.8913201190708
617.953970435682,584.9895632016436
586.9941937714807,536.0773641913511
520.0029818847727,469.896964241358
504.37827607283606,665.185536707967
488.5474710611747,591.386133893153
464.6056293585397,531.9721959745556
417.20570848878344,486.24501602047883
637.7903223811521,624.1635233175385
577.0704512068247,574.0821228216003
482.8559793794818,537.0217748021098
433.786258147532,475.2609740291976
537.15336537158,636.2415084930307
490.2480245716277,571.4354297164747
452.46005007544727,532.2586375084098
445.389627165038,481.34943272781476
519.667112032019,642.8298074157889
472.6484310829827,582.4377451507153
448.2488400730608,539.5249136162201
407.65551445247735,486.5275824827051
822.47233546907,655.9790783761712
640.0302252460112,602.3884694485298
480.5840589229429,515.7770206035066
469.66696091199265,449.535338412904
585.3743432379556,594.7011972998664
531.8175069306365,554.6218374053369
526.2858934549797,506.6342286803856
454.6720658071067,466.13803188059484
602.8558096941915,646.461575908387
537.8163313736185,595.5724646683728
529.7152287926846,528.1024746670372
497.8348305978821,461.1963017828792
597.6288824623451,668.3573861442386
578.7374391778417,601.2000227194283
566.7147893330357,549.1701414257878
448.7439600642569,494.79598613333826
543.2492470654427,625.2310426002181
513.2446557791833,579.5797963789904
494.45204633491386,523.462411468916
454.994391472549,466.0365061693592
615.4855524048013,682.31153779798
588.1246044796945,626.5155125786671
498.8689134589234,559.9966055992862
458.5371911970298,472.23453278029996
508.89640830644754,671.4737607707998
495.4781979481173,598.1825316373677
490.9775905899715,541.99753714648
459.0731671387516,488.5552618211931
890.6302904494659,663.778205309329
692.9903111390408,589.6371953745111
611.9395698712516,536.0467101243983
594.3445703388145,483.53420175927823
581.8584323561282,596.4724190872523
511.72573295896575,543.0297710192542
473.1242150542286,518.3578552031233
458.3567816809858,475.64033164204204
551.7446645653912,680.9854141703418
520.0542634927892,600.2623244340353
464.21164970724425,534.0116014632015
448.8864072957066,485.39209629790497
630.3045302125053,652.9325920590367
574.6217391240123,579.3586071227534
552.0230867177139,529.2361148829843
455.96466391493374,479.7475879599358
796.163262730047,725.779865686854
749.6397817134945,663.5176470702473
735.212910397333,574.279265118175
713.8649404744775,468.85176121488877
667.2196459071486,637.2085584060964
612.0925607041158,569.4836610631593
601.0785238321068,525.2613132142642
528.319509214999,478.982303673399
520.5013282168767,616.5826339014156
514.6631305360726,566.6757297292752
502.05473773429605,535.4023179551084
452.5480436601496,477.5743133281929
603.5039701358446,649.5209764750824
586.4351074264267,586.7922971814515
472.96665959401713,543.4481431445579
418.9705038722263,487.6675285824372
510.1714411665308,595.7383885931573
504.062559665145,541.4349505389293
489.361788908185,517.4671094643911
450.1084735005105,475.98294784092195
567.4867090590797,651.7996607407474
565.9883438292702,598.3852843239134
558.1085340311523,549.7761530871791
448.4493169352268,473.11374965558224
543.6220750365958,654.1575753228204
523.5444258059472,600.9290380226199
513.3031714656393,566.876388952352
439.8737608685761,486.9810416464942
584.2794944143261,594.6147599951734
563.8677964470476,552.6474302804892
524.6187189122548,508.6046968492246
462.3549764618555,467.8819369259759
535.1522375163458,599.1248284285706
532.4600786561209,549.7895898159969
458.2712163936379,520.1383503988098
447.3815885391874,473.90895635826763
642.842507531412,634.7928019624051
579.1742076049975,583.8773451209099
544.821802333994,536.1172477303882
493.9872074384884,470.1019492550303
646.3008640255122,680.3105425197998
593.678713886837,624.8572620406271
506.6119749289346,559.3678486275304
471.4044169920629,472.4508082375378
683.664875887254,602.7116726252967
523.737727801765,560.5285843788128
483.8237270248905,516.0174949564926
476.76037337304007,471.1570671589388
544.0097046304677,621.6659026369999
525.0187914938344,571.8609168793191
521.1114652109535,537.5708971120566
446.1343339094556,476.9393624112788
544.6520790404546,683.5913819531117
541.3569862876044,607.0354310561717
470.0012086866222,543.4283363867315
421.44105516161386,492.955654670762
543.4020887360975,607.9519575298259
537.7181402118088,548.3847470472723
516.530324335695,496.68256268961034
461.3252547412272,462.1406930939064
807.2637375769092,672.6585495222664
660.4987789000014,618.6573784775502
614.3881041443576,591.739102101942
458.0317942493817,500.8394344408496
504.37827607283606,674.364349710042
488.5474710611747,585.9668629487985
464.6056293585397,519.9633862415826
417.20570848878344,478.05861031406005
540.0563718886741,633.8742966733281
497.6145714241552,584.5958682469853
481.29936025598886,533.4558105170198
451.71567832169274,472.03219019814225
578.1348301689227,696.5978899342324
557.3629908126866,638.106544464264
547.806739631287,605.2101353454884
481.1148231652136,504.4092117239301
508.89640830644754,678.3766162870218
495.4781979481173,592.8243983989446
490.9775905899715,532.6376033120449
459.0731671387516,482.5408139043103
677.5111501863419,638.5841933466701
572.2867929089758,591.0319428166172
553.126563660848,555.8326100222519
461.33128038202415,482.46129372489526
572.3824839989642,635.1537798649468
567.2599832537726,589.397083823723
544.9593648872828,554.4372457488967
447.5078756284887,479.909649188797
702.4096850860385,642.246574015483
635.7295689687116,589.9933295242898
473.0274494217064,535.2800295835358
433.1207890010415,469.22874263799997
651.9904231605137,638.0486308323219
626.0263938267012,585.713048792624
485.383247950352,525.6906414979048
465.4658220536958,465.5688021540226
619.0827958036338,583.3036955144457
604.4872891406883,542.7869897183534
577.1910730047197,492.44864751329106
458.9132736009928,457.17427262541406
579.4580149243694,603.356670352789
570.3064167873396,559.389635922874
509.617360517563,513.2840901417445
474.26983647895366,466.56862789449633
491.2320484562486,622.9466795301189
471.94500360542247,556.5537814304737
459.9210087067679,504.007800548189
431.5703119089766,463.98774337604067
684.8335589144109,664.4350811937425
639.2340997346352,589.4665774356391
540.7862787971517,540.9661086486215
463.993622474613,481.82441483740786
618.8671914088792,673.7701789427495
564.1363784954237,593.0208463742078
476.1755096212767,538.2741720729032
451.7991712883813,482.8152663977316
544.6520790404546,700.9289830964104
541.3569862876044,603.1895114234471
470.0012086866222,534.3708584583534
421.44105516161386,487.5135054163478
546.5412607481817,699.3455112478903
527.7291200234451,601.4954115434607
490.5235888006426,531.9080298460599
461.93768459841544,486.44501219229636
727.3940799567282,742.4337357827472
687.1031573287178,663.8662045334991
658.7577673398848,588.2898437518446
592.5923008331594,490.2430373169202
604.5650117456447,660.394714110152
582.2515573888973,609.8653394796411
474.1508404060144,588.112650673312
470.36307484639593,498.92777139904484
640.4729645162131,666.8415897676259
588.9786047760023,607.7709952104818
488.90101114773086,546.289730003813
445.0100773578821,473.34623370586195
723.4895969127055,651.6208735430611
647.1522013159661,597.7557884110025
615.9083787428791,544.7998215477844
573.9080736333348,474.12579057097685
777.938865544766,589.6897990350109
600.621012444145,549.1044587272078
542.186274381016,510.179609914444
465.0502083970718,462.9335841037487
739.8655657728997,624.0704553576451
614.0837079121808,578.9152583035394
544.5777363049323,539.0503485098545
519.7895359357627,473.5515028775269
673.9644263075822,619.7801552526282
571.4607675281819,573.950493000415
527.8911497559075,540.5363401117048
452.4317897353498,477.60321550062787
558.2422870681537,661.3213867540253
517.8796160593799,609.0979389124035
496.91003110273726,571.9463164953664
438.34312406435185,489.3068817963162
523.6910141184651,612.3070283871804
515.9252531135904,569.4454763206073
474.0945959430484,536.1570450209052
437.3976525320684,474.3913839358341
558.3184920438251,595.1032584386014
538.9330996587646,552.5639613710034
495.65806695221414,504.29757347629106
458.4502207907911,462.93818538627625
575.6112770814393,610.1908755229762
567.686595595164,565.5238969637896
497.41736818055807,518.141823811595
468.0385960630664,469.0633654893709
510.1714411665308,576.0535246321128
504.062559665145,533.9564910745049
489.361788908185,498.8290227341109
450.1084735005105,459.0413956183072
792.9176014986932,750.1317025687981
720.0630712831514,673.3761630974683
392.46014294309293,607.7988903953557
289.52337896433556,501.0558866469533
588.1142801127593,683.4715566337072
563.2008353028251,601.0657056278785
547.33924104203,546.0196155104297
456.1659378459104,491.67610946925504
554.5416560579024,663.2140209045731
535.9902264708055,612.013283740865
485.36127278066334,583.5776878813906
452.404970385509,495.5440883701406
575.0041270578758,610.4223523855255
563.3507622177636,565.7821529937507
516.0369192880318,518.1081876454507
458.9244135246659,469.08071524843865
574.3081158369903,687.290179151702
562.4919756701654,607.158292402616
545.268890057187,560.5914001287639
468.2588059440985,490.76745044126176
520.9625049252976,599.3863723059113
495.55159589650657,556.2160746667341
476.2101986300317,506.43035990457514
455.947918114199,463.7760111316265
642.0375652712104,740.3455441471153
634.2051469157542,660.7128261236498
455.7816675912958,581.851730418241
422.3969585258148,486.3366743555666
579.5766879867067,679.120816299243
514.568213188165,600.7195825975737
503.4052784630531,551.3243046708285
479.76497042240504,488.3293707106116
630.3282482897991,620.2817939071456
605.5789177029181,575.5568113196028
556.1921797987364,535.8043159450547
521.7514128822139,472.35907360553915
573.7943117669732,607.9706917834956
565.8129079900003,563.5422623028514
517.0931507506743,516.4520840075517
458.7169576715217,468.7930037697732
645.2571534489554,675.4261472716663
598.0329385295252,603.4529134339098
561.5930909347676,563.7390641581778
486.5123406637388,491.45203229735864
642.2036243588196,662.9319102927521
602.296448424304,605.0875141228715
483.4807214393936,544.8971141876154
440.3836981097085,473.0928934164694
701.4898062456023,602.5745407293349
617.4823858242494,549.3157358340129
602.4585156754242,507.27121350207045
485.5927582626337,464.146562815568
727.5555322066733,661.4730367511111
691.9425182055923,588.7768668302208
621.1149307573604,542.603567126391
488.7959546557436,482.18055230809455
683.4840680000094,594.937255715625
588.9179303042077,553.3011843315307
520.3435647859537,500.99807441604446
409.14876372677094,461.3888765570839
562.1902011710922,698.6906480019293
538.0679709738802,600.955037767509
525.095211952674,531.2652951386483
471.46041520475393,486.2731707159023
801.2653781072617,664.525476616804
731.3363564023596,611.2431026286043
716.0470201082765,582.6207220099208
586.8406411222211,496.76760822596117
505.7377145716787,752.5218951609219
497.19856329910266,672.6473719570064
444.3938252338676,600.6442718763831
426.6980255518923,496.0060477558642
676.8394403543999,664.3605345947578
629.3607458874646,611.6429224681897
614.3525646559199,584.1583311426051
481.6278212224103,497.13163004837287
569.3827592760473,673.1507505439098
528.8292663406135,593.6846175530596
464.0409262466788,540.5808256877934
446.0146275626546,483.89130240174933
531.1618701728952,674.8899565681066
512.4795727152284,607.366147929374
461.3750527457096,571.541350031947
439.08770624317685,495.388355621476
630.3045302125053,644.8735216134721
574.6217391240123,570.175642392472
552.0230867177139,514.63179461987
455.96466391493374,469.4821919495172
633.7378824024624,637.2966914506055
539.8244226081974,589.9002527136596
535.1941030202516,553.4538475350004
459.2618719271435,481.0375708251422
588.976472965822,649.3927872272692
517.7786248379507,568.8661413486464
515.2330212052162,503.95351341489976
445.31166333695944,470.28180486543584
868.5557318269211,661.491332919495
691.3860249854216,581.6549913585342
624.5338006506784,524.0691288769929
601.6365774605574,475.64381576911524
561.3549338206711,588.9012306919849
539.5171489714845,552.2175482437052
513.5404354169157,504.1468439493799
458.7352007178072,460.0607201628232
821.9933564063326,657.1564707667113
729.9181171662959,606.0868107192683
702.8692286502011,574.4986585794425
604.4447867751416,489.93844449673804
703.0574020296224,629.3060145794574
580.9031557113021,581.7565175510647
541.6768565091862,550.4058491883392
484.1221023256675,482.21582552731337
883.9137013393809,663.1480403280783
670.2198203880475,592.5012932824433
628.251506204233,541.403317425234
607.0226160146337,484.4950375447496
623.6049869230419,644.1146178817755
590.462502049809,591.4162430896151
526.0449080980346,526.593327037649
450.2458708101062,460.5018605535857
702.4096850860385,646.6593539268458
635.7295689687116,593.2909154687338
473.0274494217064,528.3848604094123
433.1207890010415,461.0644500399266
603.5039701358446,637.4795678165667
586.4351074264267,580.3209164177623
472.96665959401713,538.1420616772211
418.9705038722263,482.82768940099726
486.0421852066818,631.2738706631507
465.63583505789865,574.5590239976235
463.087972029255,537.276243584309
462.9537746466754,481.68772078626597
558.3184920438251,584.8882106481357
538.9330996587646,548.5419494652912
495.65806695221414,502.42361546582555
458.4502207907911,460.4710612019798
576.522440376285,603.5113087360814
560.0415125668151,562.4127990985271
514.3630951435205,517.3995282794372
473.275337009688,465.78097081464927
582.0455968504493,630.653860730546
565.8365180204325,582.0546975473989
545.0623704781453,541.7148297622431
448.4534660173425,473.10834568591827
558.5021808890314,596.0305350907031
534.152745696776,555.9416789544435
474.11215856882217,507.4829261390953
465.01940426241794,460.67699221031125
585.3743432379556,584.2283138998706
531.8175069306365,548.830674480805
526.2858934549797,499.05109520845133
454.6720658071067,457.8041948286508
527.0121877424567,599.6947638789818
521.0199339223939,552.0226562458882
491.99350066419214,528.762842487991
436.9867045585649,478.0633097583949
575.6112770814393,594.8218679494914
567.686595595164,557.742470632073
497.41736818055807,510.12677109699905
468.0385960630664,462.3620610268052
540.0563718886741,624.9738435853237
497.6145714241552,579.887351860157
481.29936025598886,521.9144752371992
451.71567832169274,461.73732891933037
514.0714714786966,638.5827934285942
508.04603117539824,589.4036254557484
478.1468825417848,546.6798792235041
460.4512454363179,474.7343792491493
734.7944791925964,652.8541747625136
547.5685472748764,588.3898045739381
541.7917029056425,544.317261189838
410.2175269194429,485.26134688518715
536.1063956409447,631.3655272988735
519.9511170293137,583.5188493545795
510.36802665068893,554.1667475368816
438.56577751330695,483.1743461539364
703.845243639987,657.1246588296899
672.0142960922122,605.8152280620034
633.5596971505722,575.7844657852298
451.3859500277666,491.24415494445435
627.5799880739429,648.1142793035889
601.4296172538308,598.3558741967677
472.377445675868,565.5862474728963
457.766359273481,488.0750002064728
597.6288824623451,644.4051601737601
578.7374391778417,584.3228751585976
566.7147893330357,532.0541414153826
448.7439600642569,483.16851030685194
619.0827958036338,577.0527037009884
604.4872891406883,541.5496418886019
577.1910730047197,494.24396451157247
458.9132736009928,457.0537872503449
886.0973914997287,572.233121483461
673.5272544822762,529.6540998051171
587.5385119329312,482.3824933924566
508.1075038061588,461.84214018889367
545.8328204491643,582.7455637889682
531.9681442041639,546.9973061213109
491.66545020688056,497.67229223264616
473.5426782384917,457.49897710875314
810.9142535647107,643.2664826322622
696.6767437590739,585.6818243944929
675.2113039371985,549.6880981987547
587.6273972043278,486.5882162848343
727.5555322066733,663.2059017179881
691.9425182055923,595.6330676037726
621.1149307573604,553.9724102312358
488.7959546557436,489.18031563707274
762.3073484528429,671.2401439595507
699.0935473429431,612.5281734131257
661.3603080097016,532.6918759941357
611.9997376903796,458.1886706951234
522.9689765969911,675.2434619863458
492.88653012164735,597.7252520873634
460.18378981307853,538.7694514377094
455.26681037314086,483.7337921670953
679.852888414925,627.9583642798815
606.0578820118811,568.3485557891156
579.9853391014994,531.365833347824
480.8642400701781,480.0608941644411
672.1381166805804,651.7552553993511
655.1758286712538,596.6855645624594
435.9472710660316,514.4552330413076
421.1182565604609,451.0947638380617
573.7649751736172,594.1546166212433
559.8733208533798,555.5637121207097
516.5917588149247,510.63912625366396
459.338777272405,463.9650225694936
544.8264278932212,650.4290463014439
504.4586353696602,596.2691676273402
476.1808843449634,534.1082510823368
455.654678272116,463.956016609287
588.1142801127593,642.4056605945965
563.2008353028251,584.1512456480235
547.33924104203,533.5557664576315
456.1659378459104,483.742873809447
561.3094979686601,651.6739797972036
519.1385951960168,602.1016683184806
453.84358433230335,560.1226555531684
444.42767951170913,480.542743142553
739.8655657728997,631.4769545352103
614.0837079121808,583.2155297881961
544.5777363049323,540.6368254107307
519.7895359357627,472.58415355820944
683.664875887254,591.1898011572314
523.737727801765,554.066587290774
483.8237270248905,508.58139489684027
476.76037337304007,463.18231742249674
528.3165074233303,607.1391759946678
497.3431993846251,554.6812726501631
457.7556894064108,527.9407687051602
454.0423109175739,478.7804897161636
519.36725424446,659.8148273857057
483.3465472703318,592.2744912597389
472.24069896353166,542.5801726710749
457.19397108914393,485.26110749029675
615.4855524048013,674.4330868210982
588.1246044796945,618.3642120521944
498.8689134589234,559.0199160996294
458.5371911970298,473.95896919374263
561.3788649431702,586.8635986831322
541.2751165108117,548.9303956952637
474.0762947000208,505.4138130255966
470.9380710949574,462.674014268196
598.641817832653,658.3099399298147
581.2496063907054,606.6366171846095
552.9567277269363,584.2476009536791
465.736931290636,495.4886190021148
673.0800100355472,652.8648569581479
614.0458037206637,599.7978146520851
553.8187322755293,576.7244126840923
466.21091669260466,495.1308212736384
815.4286371353267,649.2113588046226
656.9049422633925,583.9175458048346
605.3092397437212,537.2827698745862
580.3870997222236,482.66617910967483
830.1292858466161,654.9398255916267
732.266908333465,603.4885658600218
692.1433905657562,576.0624453110279
593.7696989780121,492.0119328957603
740.6119263339035,632.4195920716247
554.1582209989137,574.2619023850508
535.9343041207514,536.4836206014161
458.84806274078306,481.81552831101
855.1238526305019,666.3180022660932
807.3029294437728,597.0092171591091
693.630585231437,550.8685194603266
622.8585413415191,488.122334701528
512.9833484117243,607.6165213534617
511.1288202377232,562.1038937996403
463.6488941380858,532.191766901715
459.6820861700347,475.9415827079287
811.4085811188739,598.4068573910162
562.1979705080112,554.7631323089875
537.9662578714598,519.6610541314689
512.4270076990571,469.3071139324643
638.531484013179,630.7108194663253
538.2410542088205,579.6542476349621
494.1925808116165,544.679462227159
478.8165454897073,483.0338121658839
554.5416560579024,658.9426296981545
535.9902264708055,607.6834322119811
485.36127278066334,575.2183188856504
452.404970385509,488.6598098980196
519.667112032019,629.9805896332035
472.6484310829827,575.4241748687499
448.2488400730608,533.0768676175953
407.65551445247735,480.6008838382023
606.2494056772535,660.9635685867064
578.4376667409374,609.2795582791767
488.96077135219394,586.2982206980406
475.26024521387785,496.182178504833
696.7534509928574,634.7598312260225
617.953970435682,585.5436042052106
586.9941937714807,540.54840376049
520.0029818847727,471.87622816341974
545.4034794009249,697.4557817355776
533.7014375594252,621.3004380930911
441.13860889588346,569.977023564233
440.76046783578727,496.9945148819568
594.8995052962509,592.0355740252165
592.1930207205863,560.8383797119977
533.5683744987524,513.4155634409725
464.9006875214415,462.21121941641627
560.8489159458138,589.1344571517448
546.4638452902718,562.392765987338
505.9816322727785,512.0303696261523
467.6263442790666,459.60010861740824
705.7583074221305,661.7176368874091
685.8493858869784,609.9549442636107
633.1403617562687,528.3851791087288
520.5216649000569,462.41024203234247
491.2320484562486,657.2381808923423
471.94500360542247,577.2244113836832
459.9210087067679,538.7390397799973
431.5703119089766,489.61940129602596
680.3067441056282,649.4987291899153
636.8202661301145,599.7729469537824
494.8083296652253,524.4183795269536
447.2748230458219,462.2285292024308
741.7765600746402,684.3677187332917
710.094898827844,598.830958335667
332.24320577171915,543.3025049688919
324.1278888269732,490.8106404259534
546.5412607481817,697.9568268152681
527.7291200234451,616.6367473985281
490.5235888006426,556.2192244980392
461.93768459841544,493.6150297109276
561.3549338206711,584.0159171783943
539.5171489714845,556.5998445320441
513.5404354169157,506.4539855324688
458.7352007178072,457.9882490545031
510.1714411665308,608.6188367074026
504.062559665145,550.2372995285906
489.361788908185,529.1734088719446
450.1084735005105,482.62821510883924
492.34848299947487,622.693294149476
490.1861035177276,577.3779577760654
461.0671408438447,541.4851836351672
433.9821062432427,477.61000493312054
630.3045302125053,679.42999624003
574.6217391240123,591.6856327227043
552.0230867177139,548.6976043722327
455.96466391493374,494.4989147769038
810.9142535647107,658.7692226052438
696.6767437590739,594.8159445830329
675.2113039371985,558.0227468567479
587.6273972043278,490.8651438119003
886.9439863131249,670.219908723738
642.6408561991865,598.4009212056578
628.2031712590773,567.2929976564724
463.27141934123927,497.310239832921
561.3094979686601,650.0100876933295
519.1385951960168,606.444750183725
453.84358433230335,557.0384707273762
444.42767951170913,478.47312998520005
528.4408345778938,701.9626909455062
432.2186386578388,606.0500703343407
422.2832313764077,547.1877681699863
418.12812245621666,494.5163419000471
676.8394403543999,659.688405392127
629.3607458874646,611.5523091603457
614.3525646559199,573.3047151824953
481.6278212224103,488.36868648730206
633.7378824024624,636.3935607197068
539.8244226081974,591.016579639688
535.1941030202516,546.317044874753
459.2618719271435,476.58976069363223
590.6684906664534,570.0333013085219
586.0675981142068,542.8496884150471
546.5309024521912,496.1724654374794
461.8743270428282,455.742066901248
602.8558096941915,637.3926769683607
537.8163313736185,592.0102761699704
529.7152287926846,524.9525495040509
497.8348305978821,463.4983322822114
673.1033773963994,628.8017822797699
602.4516648767809,581.8570991179299
588.3551751642307,535.343076188515
520.5575255595601,472.8315619815684
719.1399891208458,639.4169922599039
696.6552261516447,593.3273765302738
691.4477200859143,525.5053693309559
508.9342663970776,463.65124852540515
593.160646298201,687.0100455047311
558.0347101243617,633.575761404684
539.7606634878863,581.8852506048062
444.9103924964266,487.9851316615989
504.3539332100116,604.5145169638333
498.2365942629005,548.917238757162
460.5035078816221,527.3898102177778
453.10520090102193,480.85569160796604
578.7229577351712,639.2931986767403
517.3271771088082,591.2018559531451
487.00860013679886,514.8401947334277
476.2509659227542,458.420105799797
520.9625049252976,581.0887993098754
495.55159589650657,555.092699656388
476.2101986300317,504.0842797808079
455.947918114199,456.6647734789211
708.7800443095302,703.4835913796406
627.8540466640111,615.2785193387297
572.7192027726784,556.9628547629994
546.9059522732556,495.63886651542396
541.0646069213947,681.2638200137357
535.491750516534,612.1102483343698
487.4922070220345,580.019520417989
433.0962101744829,500.2516444768101
783.9978111062393,675.1235486351318
645.949655038992,605.7693396715348
616.7397475313217,564.3726334878377
477.71158091102063,493.97463000781204
551.7446645653912,706.8862389791625
520.0542634927892,613.4591470705485
464.21164970724425,553.9589080418042
448.8864072957066,496.0248709425749
618.8671914088792,689.8021284167951
564.1363784954237,608.8227271430948
476.1755096212767,560.8558744123819
451.7991712883813,495.6822698882664
819.3001048406257,730.1023939077206
633.9965261620346,665.5756824794103
629.7871010364094,554.8103443400493
487.48787786924026,466.8028072440174
718.8768641364126,674.4487112349423
663.635620780502,597.057073257942
582.0955673810182,560.1732239526742
464.11249093948686,495.88412988284057
744.441471555693,676.2907291605977
615.8720804215559,604.5555427936348
607.6991433081654,564.7030554499438
480.3563608398537,495.01209044933034
704.6186162201132,700.3205716475453
651.4513226105233,645.2465266390911
636.8467915059942,565.6045916915266
543.4121991432592,475.8792797163905
723.4895969127055,647.0202371346666
647.1522013159661,597.3258420658454
615.9083787428791,530.4668593591484
573.9080736333348,466.48322784135524
540.4727163589555,643.5169426108827
506.1234968597247,599.1426806026706
443.30030846637055,554.7879034181537
425.4037156178861,479.38276131896856
581.548441366726,637.7341451349811
568.3209840377929,588.7375401318006
549.5177472598442,547.46360512216
451.25634764967714,478.3413544243491
645.2571534489554,695.0355617819273
598.0329385295252,616.8107826346686
561.5930909347676,578.8921155307912
486.5123406637388,501.82037614899275
575.0947767245403,647.3616466622674
540.7174152913079,601.491540273636
515.3790723388717,557.0361137911659
465.6513964501861,480.31300489680206
811.4085811188739,596.734033489515
562.1979705080112,552.4839225606262
537.9662578714598,517.5840546924038
512.4270076990571,470.1951537441155
577.4424206616455,590.3855540052473
560.8128116474442,563.9332089245019
516.3654195668769,512.2790404136539
459.4562916962709,459.1782117275716
690.5706497394297,567.8305838095845
523.0915200206745,547.9177668272426
514.9557170623666,495.22205066948374
439.6166473876625,451.5954274354539
846.2989795017129,577.7895739000691
519.3340435775315,553.7024123501992
476.0801284568726,501.2645962031204
472.4757093430973,454.7866330225722
575.0041270578758,589.5252562336486
563.3507622177636,563.3362379814238
516.0369192880318,511.96986364571643
458.9244135246659,459.1062763847222
683.664875887254,588.1319907508611
523.737727801765,560.0260618006341
483.8237270248905,512.0188605579112
476.76037337304007,460.8485519364847
516.0381466550244,619.8852013448583
509.065278383735,572.1398768629548
491.4364620089221,540.7227933475893
461.5479810490431,479.79159598405914
652.5423789518237,641.7537138887473
598.9655803711697,593.2702345651165
579.9244365101151,561.7054994887593
466.9259554652359,486.0456079838256
738.7630954340286,637.0712683210272
602.8102664915774,589.0718424738326
579.260948154166,558.7580885991981
508.1902462209763,485.57424983437846
590.8529383009242,647.6512291752938
589.4404294373809,600.9920117198596
564.4612246536981,531.2630542157225
449.47111275655215,465.1608978162676
529.9384469988903,630.2167822530974
526.1780121526813,591.0103065792864
463.9538871989624,530.4524542386391
451.7062290751185,465.5429529712339
695.983310594185,661.8800216773321
651.6939612965455,611.6332328460663
631.165102778726,568.0751221681595
593.8126480565809,484.96917154413745
427.6756646341503,717.4577891067495
425.6165161082352,623.2760158783717
413.64894468625374,566.2101923712333
394.66014909392055,500.26321503384963
815.4286371353267,672.6002956690171
656.9049422633925,594.5170400872478
605.3092397437212,551.5299920407567
580.3870997222236,492.43410463186524
581.548441366726,639.2064694701119
568.3209840377929,589.0553455891641
549.5177472598442,552.6565068872758
451.25634764967714,480.4685453161852
642.0375652712104,742.3293885442173
634.2051469157542,665.4794247524192
455.7816675912958,558.0961432212407
422.3969585258148,466.8122371075215
558.2422870681537,650.5161345993207
517.8796160593799,605.0736011043066
496.91003110273726,559.6705279899263
438.34312406435185,478.9257065870968
883.4891497336907,671.8836953827511
688.3234597943687,599.9688630477017
464.7465696015242,537.5006340108856
432.7524403852291,484.42985044812895
680.4300830922333,625.691062682933
555.0957230304715,576.5799655375777
533.9065683608693,543.3231336367406
472.8166178532291,481.94422146349143
544.0097046304677,613.4386752257709
525.0187914938344,568.3792101715817
521.1114652109535,537.2086680446353
446.1343339094556,476.7625281940524
897.7859053342904,666.7142060488136
703.6850127063283,589.6195177266427
628.7890620664117,543.2794980533934
617.50121530202,489.6107208734836
604.5650117456447,649.9585155588175
582.2515573888973,606.2685181268654
474.1508404060144,581.4965937065689
470.36307484639593,493.11519539879765
748.8183849762993,578.5721635384813
695.4413182313432,548.7469258562741
641.6897079914676,496.7154125116339
513.423598472593,452.20998272101144
534.6481660855585,563.0106568015478
518.4679246313269,530.2261823189243
487.7313165056417,485.120533929745
476.14883685981425,452.43904839707113
519.36725424446,667.54506070783
483.3465472703318,595.1722253237067
472.24069896353166,547.8974485329002
457.19397108914393,489.5958277490048
499.29478078663095,699.4778905223843
447.1465610625411,605.398263897726
446.56582682499766,540.331525449257
418.1407471581099,491.0665017151155
527.0121877424567,596.3122083516947
521.0199339223939,542.0541634963384
491.99350066419214,521.2897245595487
436.9867045585649,479.23994221458815
600.1848312627607,645.9006744615214
576.1073616244063,589.8311764798864
568.9894048322717,558.4430625096905
446.8909589703639,489.92557860569076
819.7561852527456,664.7280437399638
744.2625911368712,606.1921127098238
647.8911553488601,533.3123420273389
552.4887088495086,464.7089097835023
673.1033773963994,630.0269239115892
602.4516648767809,580.610992520197
588.3551751642307,537.8985703135634
520.5575255595601,473.80665794667453
627.9630793633385,657.4865473141496
607.493175679875,594.520186590655
515.7313691816903,555.0928901472977
460.5975915677214,490.0816478473951
755.5277184310702,680.585689112834
679.4799846748333,599.9419427137904
613.9243432197584,539.2317664635506
579.8247315218983,487.5297956066615
596.2905675905635,640.8989491208521
551.6301017650296,595.7225761264381
532.3922616410109,564.7530457042349
469.7482625469141,485.28174498623247
673.9644263075822,616.3776160149527
571.4607675281819,572.164955031687
527.8911497559075,541.1261105329436
452.4317897353498,478.43337591181563
541.0646069213947,665.6761096221377
535.491750516534,604.753142361957
487.4922070220345,576.028254636807
433.0962101744829,498.2959157592018
630.3282482897991,624.963305917584
605.5789177029181,576.7533191412771
556.1921797987364,535.6324802688288
521.7514128822139,473.36067976367843
537.15336537158,640.4510933970164
490.2480245716277,572.485670822343
452.46005007544727,537.569140302222
445.389627165038,486.7958795067004
855.1238526305019,675.8717436487383
807.3029294437728,599.751669652322
693.630585231437,556.3780233276316
622.8585413415191,494.20743838988403
890.6302904494659,669.7891058599696
692.9903111390408,590.419237034699
611.9395698712516,541.5834582141202
594.3445703388145,489.4514821791125
628.3419593131739,639.0912526838748
586.2749066373407,585.1994642248887
543.221784849254,519.6915737268006
446.7457013652693,461.4252466318997
797.2464124719116,649.4025644185502
626.3495502176121,591.2406569386674
590.7949413092078,560.4115444304966
468.8188247721748,491.4994679376966
487.3007546155335,664.2078415216419
452.6130496607777,590.9329757197005
450.5819555706401,541.9739333680753
420.47223918502647,487.68206653504865
651.9904231605137,639.2913799225947
626.0263938267012,586.0576173918004
485.383247950352,516.7877641399505
465.4658220536958,459.02892288501096
549.406492244949,662.5312153218291
531.9554739762056,591.4460701686578
485.5843743791828,552.1411722191722
465.6973728759831,491.856310276213
510.8983046511708,668.7628956531075
474.4800886757949,595.2408311644617
451.58803496673806,544.6861402339757
431.522039623743,488.3692186812141
633.7378824024624,633.9538807852636
539.8244226081974,588.2509414816393
535.1941030202516,548.0904056509354
459.2618719271435,477.0521182406051
543.8669080185891,624.5568463531614
524.4265770276072,579.3239147806427
521.6821745730539,521.9090861784774
455.0579206600038,462.51857356601295
510.1714411665308,600.0664116619812
504.062559665145,543.2429118303106
489.361788908185,522.3536675568602
450.1084735005105,480.7780004171934
749.5254643670708,638.0483503984572
582.9842726834017,581.3737743144984
572.2691823328425,538.7174252468036
475.371317540097,482.02912184830546
492.34848299947487,617.6729861683434
490.1861035177276,572.7836160169753
461.0671408438447,540.4506541118504
433.9821062432427,477.2922787190912
718.8566753468305,574.678260136624
694.4020862534777,545.3874276213317
607.0455847899506,496.6707273045285
596.7817564062373,453.43871716425275
619.0827958036338,564.8152704630095
604.4872891406883,533.0567114069676
577.1910730047197,485.92046171696006
458.9132736009928,451.3196508623819
505.7377145716787,744.1706081035466
497.19856329910266,673.2728868705011
444.3938252338676,571.3461586659697
426.6980255518923,471.10868733365743
655.3756203496673,658.1306133739332
622.5483330307354,593.1149685167854
545.5066529648574,561.0502338428515
483.32506375321367,494.1099985095542
520.9625049252976,572.7906292879597
495.55159589650657,543.4990599230562
476.2101986300317,493.7303313857571
455.947918114199,452.1560680948005
753.1005291822447,654.2220943810523
717.7043943276791,592.3508578750556
595.5882682549858,561.0169601120364
471.386956858488,493.10555826058095
585.3743432379556,570.7945091002168
531.8175069306365,541.9780648239034
526.2858934549797,491.49871579378174
454.6720658071067,451.00473292862057
642.2036243588196,666.658343435755
602.296448424304,607.440163411523
483.4807214393936,534.1539280690852
440.3836981097085,465.0446679875371
538.6835163653345,653.9541845551869
520.2622832276276,604.8164013426338
512.2306759356334,569.3959019498953
449.6579066436104,485.94956239664725
574.83850578051,580.9447894499712
571.2346514934544,548.8440577578441
550.0238995615491,502.91527583557087
468.8073440328863,457.5297659620679
579.4580149243694,583.0039680779828
570.3064167873396,549.609204738323
509.617360517563,504.46868035598334
474.26983647895366,458.5453518886663
520.5013282168767,608.9687285241046
514.6631305360726,563.5321355382242
502.05473773429605,535.1840328272644
452.5480436601496,477.383765500637
700.627275495785,618.6420667179502
595.4174258764446,572.261013911016
533.6610553738483,544.4232136358894
467.97946618439687,481.6519892537624
846.2989795017129,569.6592742986879
519.3340435775315,541.8373615536218
476.0801284568726,490.58165268657524
472.4757093430973,450.10903247801446
676.8394403543999,649.8479720846892
629.3607458874646,606.4952056963692
614.3525646559199,574.1311531364156
481.6278212224103,488.161645111046
640.4729645162131,671.8721865914546
588.9786047760023,610.8491363765287
488.90101114773086,535.4829080960491
445.0100773578821,465.30988850120184
753.174602017494,696.1434148682044
666.4484480610195,635.0550969096842
639.5619718641304,548.8471371129795
590.4467392385372,466.09911037662073
667.2196459071486,645.5707550326374
612.0925607041158,571.7381913594884
601.0785238321068,531.8624072331094
528.319509214999,485.96414125499194
703.0574020296224,625.1862137296623
580.9031557113021,577.6066683326878
541.6768565091862,541.2775220892353
484.1221023256675,477.1498437570176
702.9841813969207,687.5898020761801
667.6836915769329,609.3460631073422
605.5890594509863,568.4974549582877
476.88068303052614,499.2209887740982
628.3419593131739,628.6405528237153
586.2749066373407,581.2015202943302
543.221784849254,517.5610379830719
446.7457013652693,458.34129903242325
762.3073484528429,667.2903670039447
699.0935473429431,611.8136691907123
661.3603080097016,535.1232988272413
611.9997376903796,464.92571293131766
683.664875887254,588.0393267168207
523.737727801765,550.6674393186921
483.8237270248905,505.84334938802647
476.76037337304007,459.03825909944567
540.0563718886741,618.1092635232756
497.6145714241552,575.6169006531226
481.29936025598886,518.3720551512043
451.71567832169274,460.5345563240836
549.406492244949,678.8309756706017
531.9554739762056,602.5033030379662
485.5843743791828,561.3392780672754
465.6973728759831,495.8299458109719
601.3225399003157,691.6005462906306
570.3468238354822,616.2775036259172
550.7279569202167,574.7539126130984
519.287461081475,501.6322119741004
580.214669021434,641.5747861282321
574.4152741961453,584.1846167250854
563.985055817266,544.0707012748371
457.8968754331682,484.21403454192216
528.4408345778938,715.6344429411587
432.2186386578388,616.905908018613
422.2832313764077,559.2797447826662
418.12812245621666,502.09808259360466
575.0947767245403,640.723324744651
540.7174152913079,593.5337869500663
515.3790723388717,549.4587525597525
465.6513964501861,477.53230795051996
575.6112770814393,590.173441913421
567.686595595164,553.7443885607966
497.41736818055807,506.5089467247553
468.0385960630664,458.2079054145986
561.3788649431702,582.7458612980764
541.2751165108117,544.5102461537775
474.0762947000208,502.6430459408307
470.9380710949574,457.8495284966945
521.0028349635531,717.9615930199346
492.8694151072838,623.9339583629263
485.92581181990687,565.4054090366744
477.4816921343061,506.8149367948043
577.9110993685471,614.7703701450612
568.4841471810776,566.5698248567578
558.335733396071,539.5041586720171
454.5949914887845,477.49279689314034
807.2637375769092,657.3533723726471
660.4987789000014,607.3021636027911
614.3881041443576,566.6745612986181
458.0317942493817,487.8995512923296
561.2118046750935,641.8805965900477
507.2766454987986,594.5086691299158
441.9149706845173,547.877422800624
435.3908346214956,476.1710880374937
573.7649751736172,590.4974529890636
559.8733208533798,551.7885174595649
516.5917588149247,507.5935772895551
459.338777272405,459.79920599506994
593.160646298201,679.4315713952379
558.0347101243617,626.2549999924562
539.7606634878863,574.788984629879
444.9103924964266,487.31874615662105
677.5111501863419,630.5710486644957
572.2867929089758,584.6016151771014
553.126563660848,541.7595076568912
461.33128038202415,473.97460338102735
673.1033773963994,621.9040644074207
602.4516648767809,576.2664956690427
588.3551751642307,531.0160876167731
520.5575255595601,467.70866995355715
638.531484013179,638.8213886093994
538.2410542088205,582.7229024359964
494.1925808116165,544.8222870913993
478.8165454897073,483.1789561798132
777.938865544766,594.6066491073065
600.621012444145,551.1052271557924
542.186274381016,516.8542846406975
465.0502083970718,464.594249596512
837.6158926764983,654.8780398574125
763.2970831799763,601.8895142589828
644.8177243541897,529.9613794563769
550.1180683783448,463.1893437258761
702.530986930159,683.7929574789379
563.8065338640872,604.5041825157671
530.0139019122432,560.8683632834975
444.08127459114854,496.4436375704366
581.8584323561282,598.4310666699664
511.72573295896575,547.8153614903185
473.1242150542286,523.4898583639407
458.3567816809858,471.664580674555
499.29478078663095,734.6905818774198
447.1465610625411,630.3221340470731
446.56582682499766,569.6284122084245
418.1407471581099,507.8992948653823
578.1348301689227,676.698429422363
557.3629908126866,624.5405700072329
547.806739631287,571.5888927261822
481.1148231652136,486.88168518850097
682.8227759367221,747.0493791787453
654.9981918243433,677.8812336698487
387.9498803965478,573.9924244638062
292.6504186034527,480.49819603346066
752.3610982988511,713.995605798547
614.3920808456768,652.3259499525755
574.5108091644089,570.6782255471995
436.0444400351601,481.69097004649166
588.976472965822,670.6111991990219
517.7786248379507,589.7837714770945
515.2330212052162,539.936641510472
445.31166333695944,490.6656541489405
723.4895969127055,644.6266168805523
647.1522013159661,594.3341439294031
615.9083787428791,531.6021849005388
573.9080736333348,465.30770952519293
815.4286371353267,675.7802745593314
656.9049422633925,597.8929525477134
605.3092397437212,554.2887675511209
580.3870997222236,493.3912134485247
690.5706497394297,569.1513894785883
523.0915200206745,537.6653194766287
514.9557170623666,489.6677278443918
439.6166473876625,449.84670113399085
474.5193247730624,598.8202841592655
456.7290686956979,548.2070644286869
450.0867751540775,516.3893106841424
437.6664699192188,468.72530742685143
627.9630793633385,677.2585187845917
607.493175679875,604.7947415404399
515.7313691816903,563.051118872276
460.5975915677214,496.1439370446819
612.656186770732,668.3351680641402
569.5468887178597,612.6785652276777
563.555621855562,534.9378826729832
528.9306849568111,464.70384807110304
527.0121877424567,594.2216936087623
521.0199339223939,545.0736236538346
491.99350066419214,521.5848897784057
436.9867045585649,470.3997825780598
528.3165074233303,608.3076869451038
497.3431993846251,551.7024116319819
457.7556894064108,526.3521697723446
454.0423109175739,474.75611854440666
576.522440376285,598.5321210613745
560.0415125668151,557.9964750031921
514.3630951435205,513.1463221834811
473.275337009688,461.71808117310013
529.9384469988903,628.5855553499871
526.1780121526813,584.2758427752177
463.9538871989624,527.4741064494444
451.7062290751185,464.9994926290638
664.6014143673349,707.9148423025525
619.3985689213596,620.3230888649755
518.9311182718285,571.6661759124775
476.479471533738,503.4565095183687
594.8995052962509,591.0380793654298
592.1930207205863,552.3024632389612
533.5683744987524,507.78529562897506
464.9006875214415,459.7134732312918
652.678573908941,651.1049195505772
629.7985921685502,600.6124274455193
622.2284063047605,561.5783958570771
473.93713311076897,486.2553763308171
541.0646069213947,676.986335794473
535.491750516534,609.1741980063748
487.4922070220345,574.2668394003075
433.0962101744829,498.9628689163229
584.2794944143261,581.6238326902068
563.8677964470476,544.5899961653972
524.6187189122548,500.8707051185871
462.3549764618555,456.33407094481606
562.1902011710922,715.0442145220076
538.0679709738802,621.4321508831298
525.095211952674,562.9915277118433
471.46041520475393,505.81675131880127
673.9644263075822,617.9970022092739
571.4607675281819,571.4802645794127
527.8911497559075,536.6247281628409
452.4317897353498,474.6529983684891
573.7943117669732,587.7140922095177
565.8129079900003,551.6476603117221
517.0931507506743,505.4709299739665
458.7169576715217,458.19213735692784
763.6971532386463,683.1243943601593
614.438065200578,604.679297101762
602.8261380349064,563.292859581943
485.63359502806384,496.8798061328815
871.8903709476441,652.3624556666683
808.6992940453625,602.2393060387657
789.1294533825247,562.5530842940752
625.6326029029589,486.1294705100415
544.6520790404546,716.8455802336736
541.3569862876044,623.2332953608662
470.0012086866222,564.884300759803
421.44105516161386,506.5237230544796
581.5200878205168,677.540300137062
547.0741931027135,622.8578004348541
545.1947702736596,559.1715466204363
462.64375263671224,478.34391152756734
880.4209657324252,674.7756107164512
723.639895856916,604.3220796041685
722.9494731819235,565.6763118881128
632.392256729312,496.2202760382056
871.8903709476441,645.2584483236737
808.6992940453625,598.7770720335058
789.1294533825247,559.5075490103663
625.6326029029589,478.67615133855696
680.4300830922333,620.770580689042
555.0957230304715,573.2856547466725
533.9065683608693,535.5684507858344
472.8166178532291,475.89392088622384
819.7561852527456,657.293338628388
744.2625911368712,599.6316203700557
647.8911553488601,526.8997923731582
552.4887088495086,463.1885592379789
667.7945674230559,697.2825432873958
639.4837868158477,626.5670645494664
586.0924764432956,535.5172850775377
439.68367672864383,461.79873407791285
756.8871065276188,657.265369825131
593.6332318004021,596.5718022182112
576.3863476427989,556.2923843070041
432.9465330789165,483.40949424761095
515.2235243375959,640.5085628607601
484.0151816302753,583.60018514164
475.31235348623653,545.3987519040119
448.526131533754,481.02920046516994
811.4085811188739,578.4358085320887
562.1979705080112,544.9818196121735
537.9662578714598,514.1979530756806
512.4270076990571,469.8009216026175
590.8973822687532,614.3925218570287
567.0724655929229,572.8983640175295
554.8414215204972,534.6670012487111
449.46823066679326,473.05109611260355
567.4867090590797,635.116361813797
565.9883438292702,588.0730456886947
558.1085340311523,545.9681749931627
448.4493169352268,475.4038315541618
602.8558096941915,638.4111302323795
537.8163313736185,588.5968945285289
529.7152287926846,524.9878918870314
497.8348305978821,463.74532565305054
528.3165074233303,581.6290380272752
497.3431993846251,538.6291887495595
457.7556894064108,520.2416501113033
454.0423109175739,479.98490673079465
581.5200878205168,679.7347264825695
547.0741931027135,619.6974593412415
545.1947702736596,556.0071720580934
462.64375263671224,472.8113267755354
581.0444280615988,643.3580840909818
573.2772425885129,594.9045158499819
573.2354095794708,551.9450824557969
451.3089575089877,476.56663285687677
575.6112770814393,591.0184366970674
567.686595595164,560.2867656280049
497.41736818055807,507.0246651239148
468.0385960630664,457.81626781158536
579.5766879867067,667.4167780512139
514.568213188165,594.8822261937671
503.4052784630531,542.4773772449981
479.76497042240504,480.623572507238
489.662931386531,618.680867596813
466.9335638682227,568.4034738579152
458.8671942678071,532.5177043639308
457.65177620109154,477.2991425339146
521.0028349635531,683.580337665272
492.8694151072838,598.3523809520018
485.92581181990687,521.4163458229631
477.4816921343061,471.6647393605185
683.664875887254,586.5591847013935
523.737727801765,556.1629209482924
483.8237270248905,505.43675138733016
476.76037337304007,458.53504409959993
739.8655657728997,616.086023365468
614.0837079121808,574.4063108902491
544.5777363049323,532.7374322948509
519.7895359357627,471.3266150161215
690.5706497394297,572.2440951707626
523.0915200206745,547.4690696388461
514.9557170623666,491.8622990312725
439.6166473876625,451.9697876654062
570.1884409927653,579.015792396417
545.9290263916728,548.835339894527
471.57757643981887,502.7401661596035
470.88472749278645,460.0106368207296
532.0516958753386,606.6990860822119
522.9586521871431,568.308376422671
515.2070367424781,535.0213379137938
439.77194905873495,474.06554112589924
868.5557318269211,657.7273243985329
691.3860249854216,581.4570303195313
624.5338006506784,528.8356308488585
601.6365774605574,479.7889975232987
749.5254643670708,638.980049908233
582.9842726834017,579.4730644242843
572.2691823328425,529.5928685527801
475.371317540097,474.45218984040343
735.3215978263087,669.1515983841683
668.8005889025259,608.7318182173324
645.2771666538749,528.2041783319355
468.19235558327034,461.1097538659053
810.9142535647107,635.1170678389982
696.6767437590739,578.7626401145019
675.2113039371985,538.7874768373076
587.6273972043278,478.96993481007894
633.0855537735334,652.4404159230409
626.1386646949923,597.9364936416865
541.5995896549817,533.8908753024429
444.47380938997776,466.859072844712
562.1902011710922,680.6133553742392
538.0679709738802,596.1026366347646
525.095211952674,518.9803451291755
471.46041520475393,470.9048288664321
642.842507531412,618.9398306275506
579.1742076049975,575.9155434402624
544.821802333994,533.4242057670791
493.9872074384884,471.6111599976378
598.641817832653,640.653307039872
581.2496063907054,595.879565061618
552.9567277269363,566.1942990677229
465.736931290636,483.24359596147985
529.8512444414915,682.17031805337
514.5006938092062,597.8707152450409
485.17371169383694,521.0798371944957
468.92217672210353,471.30718465615575
623.4231553280721,614.1411546192485
569.1829565819573,573.4530838803538
556.6905740776033,544.113671088635
505.4921251375621,478.18134536817627
801.2653781072617,645.0735780768177
731.3363564023596,598.5685236734979
716.0470201082765,558.4701434671787
586.8406411222211,478.1594341391866
596.2905675905635,629.7123342175269
551.6301017650296,587.3540840953872
532.3922616410109,553.8626471158882
469.7482625469141,478.6037881316546
727.3940799567282,736.5376335399137
687.1031573287178,653.225651700925
658.7577673398848,544.1672786251952
592.5923008331594,460.3695712505302
597.6288824623451,659.6016841763898
578.7374391778417,591.2770271776094
566.7147893330357,524.9828801088852
448.7439600642569,470.13728877708365
574.5465252401535,562.0610521789259
546.786302923824,538.8783562584637
506.62031199489616,533.0951972647883
452.6627833180645,479.64461233019716
573.7649751736172,587.7287614965121
559.8733208533798,555.9964658248533
516.5917588149247,507.21455807833723
459.338777272405,460.19264641053473
627.9630793633385,651.7379889798142
607.493175679875,587.5782839369137
515.7313691816903,541.8492546289937
460.5975915677214,480.0824864957452
577.4424206616455,591.8265620020184
560.8128116474442,561.0387082492734
516.3654195668769,506.9119008959795
459.4562916962709,457.443350778589
512.9833484117243,587.0208833961451
511.1288202377232,551.4516211664361
463.6488941380858,523.9172504706555
459.6820861700347,473.64471438199337
886.9439863131249,639.3183243166973
642.6408561991865,580.1071178400583
628.2031712590773,548.5962202661052
463.27141934123927,485.36042835011
886.0973914997287,572.7411345158299
673.5272544822762,533.3773846157745
587.5385119329312,483.41068463693705
508.1075038061588,458.92109038687295
831.5215709029452,633.7682697533999
702.8279199121653,589.5515365664454
627.3304389588875,547.4792201416864
620.4448021319861,474.6141402402963
588.976472965822,638.925211915578
517.7786248379507,569.1802028183045
515.2330212052162,507.702777626703
445.31166333695944,469.9553481314471
702.4096850860385,639.2801990984516
635.7295689687116,587.0465336970963
473.0274494217064,525.5969138491987
433.1207890010415,465.72760242105056
680.7479835441547,618.2821737027131
567.5579647993288,576.794786165467
531.7119378490902,545.2986853663714
447.83671443775125,477.7625144122262
617.4932649416379,666.7130576240895
568.9349099759,606.1105688083184
457.9061712796709,528.1151315572264
444.5679197466184,462.2637739001537
842.6916860042331,667.1607692853735
796.4037391842754,590.6143961924685
699.9965012999407,542.141632996474
618.6272937304973,483.8527582094256
719.1399891208458,640.5496853819676
696.6552261516447,589.894233682593
691.4477200859143,525.661518356042
508.9342663970776,463.91568364119007
718.8768641364126,643.9354393304087
663.635620780502,578.5711659115607
582.0955673810182,540.0737126493535
464.11249093948686,483.3931590682478
579.4580149243694,587.3450173763239
570.3064167873396,555.7422585683328
509.617360517563,507.8042870677763
474.26983647895366,460.59944577764264
672.1381166805804,652.9569847085833
655.1758286712538,594.7790948437674
435.9472710660316,516.1527943071128
421.1182565604609,459.07685972621084
544.6520790404546,682.6482982896725
541.3569862876044,597.899663793111
470.0012086866222,521.1054541581518
421.44105516161386,471.4857338556035
897.7859053342904,647.6265678067628
703.6850127063283,579.0146611116129
628.7890620664117,535.9077376556771
617.50121530202,481.28623342139144
673.1743843670963,723.7417479653865
601.9279607274094,652.1422562963306
498.2262426219892,547.0298400850861
375.85753466179426,468.573135589674
741.7765600746402,647.3529825922957
710.094898827844,572.407037799554
332.24320577171915,521.2540454280851
324.1278888269732,477.7159285717093
521.0028349635531,657.8141426716545
492.8694151072838,584.3835943770697
485.92581181990687,527.2461177585323
477.4816921343061,478.62610966384347
619.0827958036338,590.5478286329371
604.4872891406883,541.2985197172214
577.1910730047197,497.2775438102952
458.9132736009928,460.2027202397358
719.1399891208458,649.7070993343775
696.6552261516447,592.4392064134029
691.4477200859143,528.2729478759912
508.9342663970776,467.45026641680414
883.9137013393809,653.1683003437713
670.2198203880475,583.3221342036578
628.251506204233,538.9327250266474
607.0226160146337,482.46862741030645
886.9439863131249,639.9883580018482
642.6408561991865,582.8976240839924
628.2031712590773,551.0364960854744
463.27141934123927,484.10783493440806
510.8983046511708,652.4426787877471
474.4800886757949,583.7247904004369
451.58803496673806,536.2325715219444
431.522039623743,480.8660378352823
590.6684906664534,588.2888244909348
586.0675981142068,539.3004577321833
546.5309024521912,496.11774449490025
461.8743270428282,460.00557994134465
598.641817832653,644.0307178379933
581.2496063907054,599.7718161351075
552.9567277269363,565.3994617950052
465.736931290636,482.91296899880734
580.214669021434,625.6046521982832
574.4152741961453,573.1248602000717
563.985055817266,532.914483540201
457.8968754331682,475.06122990981316
532.0516958753386,620.3549745552162
522.9586521871431,572.3535049730774
515.2070367424781,536.3933667347058
439.77194905873495,474.18863949974235
871.8903709476441,646.4206285578466
808.6992940453625,600.3577815612155
789.1294533825247,559.1420956618216
625.6326029029589,480.03027895587115
893.5361726985616,653.5371466867839
830.246972179423,588.7149700641419
736.5681012530437,542.5726201465675
732.6659703498235,481.7792165963858
516.0381466550244,614.2922445945443
509.065278383735,565.8351107365768
491.4364620089221,534.2437966512609
461.5479810490431,474.8180220078977
574.5465252401535,590.6084137893513
546.786302923824,549.1447512198986
506.62031199489616,534.0761974328474
452.6627833180645,475.5498056309963
567.4867090590797,645.7585054064248
565.9883438292702,594.279601965402
558.1085340311523,547.0832824996189
448.4493169352268,475.57163807530554
683.664875887254,601.4310714959234
523.737727801765,553.6439607377395
483.8237270248905,507.8990182490158
476.76037337304007,463.01264464569533
585.7394020133004,635.615361107038
550.3632709993229,579.1231000707033
517.5891078367027,542.457617637895
448.2195600461519,480.1717035284056
638.531484013179,625.9473531013259
538.2410542088205,574.0369442590949
494.1925808116165,536.3718217837463
478.8165454897073,476.2208096326847
602.8558096941915,647.9145035123696
537.8163313736185,591.0398647893054
529.7152287926846,527.5838896525008
497.8348305978821,467.28296589718383
579.4580149243694,603.366430085371
570.3064167873396,554.8075076553583
509.617360517563,510.3351924078289
474.26983647895366,464.1978724788582
491.2320484562486,629.3539123682028
471.94500360542247,562.4750201730051
459.9210087067679,526.9433602208879
431.5703119089766,478.97165203441216
704.6186162201132,698.0213633715006
651.4513226105233,639.2482144278446
636.8467915059942,561.1953181600778
543.4121991432592,475.53353767694597
558.3184920438251,596.5200474367699
538.9330996587646,548.1806265392437
495.65806695221414,503.32856572854007
458.4502207907911,461.7835814506295
705.7583074221305,671.9147152854007
685.8493858869784,609.4618288938975
633.1403617562687,532.6827559806045
520.5216649000569,467.51250217956175
777.938865544766,603.8495947145344
600.621012444145,553.7894349330646
542.186274381016,520.8444713873702
465.0502083970718,470.4578980171378
868.5557318269211,649.2649425050338
691.3860249854216,578.8503443516831
624.5338006506784,534.2096019621887
601.6365774605574,481.15687892035623
527.6626860286387,598.0136229009855
522.1136152796408,548.6863875545115
461.8948823953812,522.2667869339523
457.9227390710761,472.2572796986724
642.0375652712104,726.4786621373061
634.2051469157542,652.0058989237614
455.7816675912958,545.482307605733
422.3969585258148,468.5616865421553
543.8669080185891,633.9064579806773
524.4265770276072,580.0676085712411
521.6821745730539,522.4773283059694
455.0579206600038,466.1701360118451
581.8584323561282,597.8200865565361
511.72573295896575,545.7883341862529
473.1242150542286,524.5033492716564
458.3567816809858,475.34907888504915
749.5254643670708,634.2188983389836
582.9842726834017,575.0514418620251
572.2691823328425,532.9907782316722
475.371317540097,477.3526872751943
545.8328204491643,596.1950566996297
531.9681442041639,547.2480389808138
491.66545020688056,500.0008316767834
473.5426782384917,460.25648718971206
602.6943258880774,636.3120371563264
572.8205117183716,582.9544110124899
555.0587327575885,535.4717664214356
454.3658736081916,472.21835794297635
577.9110993685471,613.5081411678084
568.4841471810776,565.986712403797
558.335733396071,540.0834478923604
454.5949914887845,477.79470835441333
680.7479835441547,626.9522300861969
567.5579647993288,579.9047205173911
531.7119378490902,546.0500627608368
447.83671443775125,477.82177803684334
735.3215978263087,671.8902853140413
668.8005889025259,609.7914741748323
645.2771666538749,531.0947933523196
468.19235558327034,466.48661199225484
744.441471555693,645.6500137426679
615.8720804215559,585.4686604644793
607.6991433081654,545.7932871811271
480.3563608398537,482.12019977571674
718.8768641364126,642.3113696911306
663.635620780502,579.891207876099
582.0955673810182,543.747667612709
464.11249093948686,482.8449276785446
537.15336537158,627.8475102058206
490.2480245716277,566.6090082064461
452.46005007544727,533.251998095735
445.389627165038,479.47570177762935
783.9978111062393,645.3846195827259
645.949655038992,585.6868022562367
616.7397475313217,544.4587482874148
477.71158091102063,481.2970043847091
492.34848299947487,620.615855838779
490.1861035177276,572.7097371200565
461.0671408438447,536.6991045770562
433.9821062432427,474.12233719873257
563.4933817289186,597.8855022999035
544.7038445041295,549.5965649172985
515.5925864416441,503.19349886034905
458.1901985568487,461.3181816746149
627.5799880739429,640.422667432141
601.4296172538308,593.6163138064364
472.377445675868,551.6186599927023
457.766359273481,478.0471365802697
597.6288824623451,641.9676502833936
578.7374391778417,579.1572368487854
566.7147893330357,528.964809750698
448.7439600642569,476.60029466662996
627.9630793633385,645.2475930103552
607.493175679875,585.3615446624628
515.7313691816903,544.8269576332574
460.5975915677214,481.6255862660869
630.3282482897991,627.469588207306
605.5789177029181,576.5593485297882
556.1921797987364,533.0637285006119
521.7514128822139,471.91334601453093
618.195107495944,655.1920034513482
588.2131356102992,596.0642347430228
514.4387101205367,531.5119614507287
456.5515428264905,468.90375779167397
510.1714411665308,597.1382844435352
504.062559665145,544.4414269380817
489.361788908185,524.244740198718
450.1084735005105,475.8191190604619
680.3067441056282,660.3858641700946
636.8202661301145,599.7459390884136
494.8083296652253,528.9379184903316
447.2748230458219,467.10170478132
538.6835163653345,647.911751036042
520.2622832276276,600.0304360291428
512.2306759356334,557.1742393175216
449.6579066436104,478.8016063216351
590.8529383009242,656.4353991479438
589.4404294373809,599.1985002536816
564.4612246536981,532.7958307669596
449.47111275655215,468.42725034242784
562.0019991124186,592.4992958533459
551.2614191811948,550.0792439070567
475.1495220819696,505.53017178314667
466.2965617875934,459.9346000703429
640.4729645162131,675.1049385747497
588.9786047760023,615.9907426532809
488.90101114773086,542.397030668589
445.0100773578821,474.5961416815833
563.2856424916996,633.5978171602579
562.4941978411848,579.7061092863871
521.5472156952866,535.0123346008955
449.70015750909374,472.07043793529965
749.5254643670708,642.2965426810887
582.9842726834017,584.4199372766583
572.2691823328425,544.923062164716
475.371317540097,486.11016497481995
630.3045302125053,659.372255987896
574.6217391240123,585.7919186809057
552.0230867177139,536.8694094264931
455.96466391493374,488.7417693768427
702.4096850860385,655.9577618775651
635.7295689687116,598.7166176029598
473.0274494217064,534.5986892671563
433.1207890010415,471.6986633178278
797.2464124719116,649.6312170333358
626.3495502176121,591.7774145219338
590.7949413092078,560.3017582637176
468.8188247721748,489.55948297033024
575.0947767245403,649.4246288431707
540.7174152913079,600.2205725573181
515.3790723388717,562.6816137348007
465.6513964501861,482.36124981443106
734.7944791925964,656.263690764305
547.5685472748764,591.027227137462
541.7917029056425,548.9424437060259
410.2175269194429,490.0560898694108
702.530986930159,661.0069520246553
563.8065338640872,593.2956267075851
530.0139019122432,549.5950901646565
444.08127459114854,491.3643618969879
871.8903709476441,654.3246681800251
808.6992940453625,606.2885059445772
789.1294533825247,576.5584819522019
625.6326029029589,488.77939007762
642.0375652712104,737.4644005631919
634.2051469157542,670.0568339503718
455.7816675912958,570.6304212136561
422.3969585258148,486.2300721355195
683.664875887254,597.678438466606
523.737727801765,555.299791305583
483.8237270248905,511.96350656609224
476.76037337304007,462.4680526010062
510.1714411665308,604.4692428452178
504.062559665145,546.3239513466636
489.361788908185,515.7635697930112
450.1084735005105,471.076239563514
701.4898062456023,623.1697570854794
617.4823858242494,561.1727976497876
602.4585156754242,524.3184984626765
485.5927582626337,477.0144321357955
512.9833484117243,610.1299283967819
511.1288202377232,558.3151763419579
463.6488941380858,524.3699839683876
459.6820861700347,470.47300065651785
656.542117151021,635.3387932501748
622.4443186404698,583.2782025246247
570.1847305076353,538.8853865330705
529.5240133472662,473.36578576753413
554.5416560579024,656.8712842693005
535.9902264708055,608.3455486746452
485.36127278066334,576.1520848708785
452.404970385509,487.70920930890657
581.5200878205168,687.6180709215507
547.0741931027135,632.4358490936917
545.1947702736596,576.3441154276187
462.64375263671224,487.30398515507096
577.4424206616455,602.0432146433949
560.8128116474442,560.3556611454433
516.3654195668769,514.7224421851264
459.4562916962709,462.51873692377603
883.9137013393809,668.2794942326708
670.2198203880475,596.9049965770099
628.251506204233,548.6831276841884
607.0226160146337,493.1692608581081
580.214669021434,630.4631660833625
574.4152741961453,579.6861681421526
563.985055817266,544.9796883436007
457.8968754331682,481.9387466908401
585.7394020133004,645.7271582562211
550.3632709993229,587.2534674648236
517.5891078367027,552.2130530193767
448.2195600461519,487.3153664092342
574.83850578051,599.7265734117791
571.2346514934544,556.0409240773382
550.0238995615491,512.4152822959431
468.8073440328863,462.93840712847407
528.3165074233303,610.1886873810945
497.3431993846251,548.9066139715044
457.7556894064108,515.5632328597611
454.0423109175739,472.61618544101646
558.3184920438251,592.2949942639257
538.9330996587646,549.2228944997207
495.65806695221414,504.40126408232015
458.4502207907911,459.49582904717744
569.3827592760473,664.8375988891581
528.8292663406135,598.4614077898864
464.0409262466788,553.7310596983306
446.0146275626546,493.63962697980867
642.842507531412,638.2976443416202
579.1742076049975,585.5197953111245
544.821802333994,539.966630304638
493.9872074384884,473.93633192037004
667.7945674230559,701.7372498726771
639.4837868158477,640.7098716552986
586.0924764432956,557.2820196464924
439.68367672864383,480.17310312005594
545.4034794009249,670.9033612574693
533.7014375594252,607.5140866676703
441.13860889588346,563.5346733328271
440.76046783578727,497.82664758751054
541.0646069213947,662.8340921781672
535.491750516534,603.7848408790185
487.4922070220345,575.1066108864911
433.0962101744829,495.95730603341696
819.3001048406257,744.8803521266877
633.9965261620346,680.0532867699463
629.7871010364094,586.869724237635
487.48787786924026,491.98767421624956
735.3215978263087,676.9931586688185
668.8005889025259,620.0285030271175
645.2771666538749,545.2071750604377
468.19235558327034,474.9654619929032
527.6626860286387,602.1283623658037
522.1136152796408,549.5770640662138
461.8948823953812,516.5648481440385
457.9227390710761,467.7302865973797
762.3073484528429,682.5862820356305
699.0935473429431,622.8167086404333
661.3603080097016,547.1956999105435
611.9997376903796,476.4712544560014
529.8512444414915,667.0289394023443
514.5006938092062,600.6211928572628
485.17371169383694,548.260367729533
468.92217672210353,496.2201453705054
489.662931386531,632.4940426620997
466.9335638682227,575.7345034953316
458.8671942678071,540.8429812918994
457.65177620109154,481.59492033913864
627.9630793633385,656.8578080111184
607.493175679875,595.7886592445665
515.7313691816903,558.0972580553258
460.5975915677214,491.8180947846458
582.0455968504493,634.2544845537328
565.8365180204325,581.2268425113845
545.0623704781453,537.7981629951939
448.4534660173425,472.9803906470942
883.4891497336907,671.1742620928603
688.3234597943687,603.6283463979614
464.7465696015242,550.8723433283819
432.7524403852291,497.42339269572193
612.656186770732,683.6186703125715
569.5468887178597,623.7710778756177
563.555621855562,547.1624909240962
528.9306849568111,476.4197285433913
672.1381166805804,665.4375247166828
655.1758286712538,606.4047895924895
435.9472710660316,527.8811117029989
421.1182565604609,468.86428205042245
597.6288824623451,648.8806649167135
578.7374391778417,591.7839349272787
566.7147893330357,549.243795694112
448.7439600642569,491.0727096726583
680.7479835441547,633.6819471665774
567.5579647993288,583.9312607165425
531.7119378490902,554.8894056789126
447.83671443775125,481.71653514007403
538.6835163653345,656.7617283321847
520.2622832276276,605.3142893098311
512.2306759356334,569.0886033390136
449.6579066436104,484.515906803353
558.5021808890314,603.7745251044829
534.152745696776,556.7910248578286
474.11215856882217,508.5025023345721
465.01940426241794,461.35620675081805
831.5215709029452,642.4859469161247
702.8279199121653,595.098603630419
627.3304389588875,562.647667122131
620.4448021319861,483.83785595173174
673.0800100355472,648.9971333315641
614.0458037206637,598.1202802237046
553.8187322755293,574.1790959371289
466.21091669260466,490.5431345182508
543.8669080185891,635.6234785408105
524.4265770276072,585.1391599233684
521.6821745730539,529.0519453219748
455.0579206600038,468.6037505317872
618.8671914088792,666.69411850532
564.1363784954237,598.9169878281957
476.1755096212767,552.5501605663375
451.7991712883813,493.81676734524916
703.845243639987,654.311456486399
672.0142960922122,606.4055592544277
633.5596971505722,577.4481875013809
451.3859500277666,489.43553348006225
652.678573908941,652.0525651506459
629.7985921685502,603.9846460774838
622.2284063047605,574.666162619882
473.93713311076897,488.43050450000493
798.7184937609263,683.48571200568
648.7422563133529,606.8992744358462
600.0438982352738,547.0339509136708
491.39686943231214,498.44771492598545
633.7378824024624,641.0439987692066
539.8244226081974,590.8932038976336
535.1941030202516,550.6454502728056
459.2618719271435,477.8374726505607
560.8489159458138,574.6248923659604
546.4638452902718,554.6519286590733
505.9816322727785,508.6831026649701
467.6263442790666,461.1904817852705
528.4408345778938,664.6302634093051
432.2186386578388,580.2615094148878
422.2832313764077,520.8264192415763
418.12812245621666,476.1626252568576
558.5021808890314,587.6680116012976
534.152745696776,556.4278930572551
474.11215856882217,505.80421100075705
465.01940426241794,459.56483217092256
588.976472965822,617.5308624342521
517.7786248379507,560.0815551519333
515.2330212052162,506.94708953348083
445.31166333695944,467.90977817223427
642.0375652712104,747.3433872069071
634.2051469157542,659.1217020122481
455.7816675912958,582.1004266614744
422.3969585258148,497.57400845665643
585.3743432379556,567.929229442926
531.8175069306365,549.4159163088259
526.2858934549797,499.13095397213084
454.6720658071067,456.95183874268577
544.0097046304677,610.8042173565171
525.0187914938344,566.1287827156464
521.1114652109535,530.5589221179961
446.1343339094556,469.43579097423526
505.7377145716787,743.8022842433315
497.19856329910266,661.3341347989482
444.3938252338676,593.6100816125447
426.6980255518923,502.3924166514109
575.5486722407551,641.9577423882665
563.2357159535104,571.8795374989865
552.1882003404754,520.3429224266135
480.8285145314334,473.5781392234554
579.4580149243694,579.0867424254002
570.3064167873396,553.6390289451348
509.617360517563,507.86406672334493
474.26983647895366,460.6967939323933
627.9630793633385,640.1182432066861
607.493175679875,578.7443330442264
515.7313691816903,543.5066119265827
460.5975915677214,480.5920915624586
744.441471555693,643.4900854889152
615.8720804215559,579.4890281698782
607.6991433081654,543.9316169823992
480.3563608398537,480.5498360561596
719.623737979524,629.2733118913376
716.7012037495248,573.6045991465161
641.1897872578048,525.6438219494725
539.265173593385,478.9803610135412
504.3539332100116,597.7325560760739
498.2365942629005,545.524667950681
460.5035078816221,506.5127496214064
453.10520090102193,459.14741266162144
531.1618701728952,646.2231867705258
512.4795727152284,586.6327745450232
461.3750527457096,559.8588051928482
439.08770624317685,486.6111039465165
871.8903709476441,635.6211880964465
808.6992940453625,589.6679807245187
789.1294533825247,566.2681267713483
625.6326029029589,486.1740107424929
519.36725424446,649.5356075587171
483.3465472703318,579.910795003777
472.24069896353166,536.813062409318
457.19397108914393,479.6752814315456
561.3788649431702,572.3027280299872
541.2751165108117,547.508751793261
474.0762947000208,500.3264452678338
470.9380710949574,457.3681211351693
641.3195689295559,707.4293663596699
575.4967663617504,635.9328494730474
502.51975971203007,570.1341510149161
438.0595759547538,490.8421545991813
520.9625049252976,569.5120103043496
495.55159589650657,550.2191942273166
476.2101986300317,500.7913276657386
455.947918114199,457.7002936815889
683.4840680000094,560.7314160849841
588.9179303042077,547.1999090014962
520.3435647859537,495.00030140583317
409.14876372677094,455.0637482115668
753.174602017494,697.5500611760746
666.4484480610195,629.9921242881254
639.5619718641304,566.2550831642203
590.4467392385372,488.80841004139455
703.845243639987,634.4933037178977
672.0142960922122,589.1319789675737
633.5596971505722,566.5027335179927
451.3859500277666,486.4578814421397
690.5706497394297,555.8620831884916
523.0915200206745,544.1210038543378
514.9557170623666,492.60106964645973
439.6166473876625,454.0121404719285
535.1522375163458,594.7423968503449
532.4600786561209,550.5925219078758
458.2712163936379,510.972289784226
447.3815885391874,460.9863622044083
581.0444280615988,655.4586076418769
573.2772425885129,597.2255720892484
573.2354095794708,560.6924716853639
451.3089575089877,482.9045804559718
797.2464124719116,635.7375319869453
626.3495502176121,576.9945413821027
590.7949413092078,547.0570561539316
468.8188247721748,479.9262123270743
682.8227759367221,754.281712651903
654.9981918243433,671.0874350773593
387.9498803965478,606.2479936814952
292.6504186034527,508.3410748936804
642.8187452635799,612.667093424441
599.9880334144766,569.2591310717404
566.1251270785772,530.7218379590262
457.14190669872056,478.07601334374954
708.7800443095302,655.2280432707919
627.8540466640111,581.8926268387436
572.7192027726784,530.2273333684898
546.9059522732556,480.24037842201085
756.8871065276188,644.8180882659994
593.6332318004021,585.6662202083171
576.3863476427989,559.4461020187784
432.9465330789165,486.2555773085906
727.5555322066733,657.4415418763544
691.9425182055923,582.290639142707
621.1149307573604,543.4039286813219
488.7959546557436,480.8607333005484
684.8335589144109,659.3270788071484
639.2340997346352,582.9574345365234
540.7862787971517,542.3771515011674
463.993622474613,480.9157503898916
489.662931386531,618.3048315930293
466.9335638682227,565.4656293177512
458.8671942678071,529.2178526230989
457.65177620109154,471.9281745394112
671.8581231834347,671.2136802875463
643.7564184523649,587.2948487807853
621.0629468009321,542.6260180621557
506.3518049542334,482.1161126621485
594.8995052962509,578.8733769812245
592.1930207205863,553.8928695079445
533.5683744987524,507.9614592230323
464.9006875214415,460.8728638892399
527.6626860286387,593.9877927816767
522.1136152796408,549.2129271624183
461.8948823953812,509.73293568736625
457.9227390710761,460.1803417545361
642.842507531412,632.743713416444
579.1742076049975,580.9201865109369
544.821802333994,537.642956112366
493.9872074384884,472.893117044165
855.1238526305019,660.1572877692374
807.3029294437728,583.9954454562928
693.630585231437,542.7680116262975
622.8585413415191,481.5489445600864
755.5277184310702,657.1065001752174
679.4799846748333,582.5220977127891
613.9243432197584,530.7175663032606
579.8247315218983,480.4988125037225
590.8529383009242,655.9009078031737
589.4404294373809,600.8482822853816
564.4612246536981,546.3624387345068
449.47111275655215,478.3129157359063
656.1290436899292,641.3856914083815
647.2583854153044,596.0456747574272
627.4196766298201,570.375956276538
479.0964321215763,488.02941781862796
719.1399891208458,649.4653426962614
696.6552261516447,595.2850654287014
691.4477200859143,539.2889967776684
508.9342663970776,474.99828728341225
830.1292858466161,633.8871884491413
732.266908333465,586.746399545973
692.1433905657562,564.5717590840289
593.7696989780121,485.3181834864523
792.9176014986932,724.0630275380811
720.0630712831514,653.8630119569444
392.46014294309293,594.3135241847756
289.52337896433556,502.1737197986344
842.6916860042331,665.7395878775853
796.4037391842754,586.2534110165739
699.9965012999407,544.1189895834835
618.6272937304973,482.35559204561065
672.1381166805804,668.0054449851374
655.1758286712538,605.1678804792086
435.9472710660316,535.1781801510086
421.1182565604609,474.20613332692477
606.2494056772535,638.1720298828789
578.4376667409374,590.2925752833357
488.96077135219394,572.858464956233
475.26024521387785,488.42397202635976
846.2989795017129,566.6194608695689
519.3340435775315,549.3824713693381
476.0801284568726,498.887194940928
472.4757093430973,456.8607421552105
584.2794944143261,571.6852988462601
563.8677964470476,548.5281558887733
524.6187189122548,500.3011576398916
462.3549764618555,457.32994865468964
698.7827201066591,630.780787417716
686.5595905806545,586.4956519195525
614.797560251236,563.6323077266278
450.8886448973554,485.06825559995093
883.4891497336907,641.9185620380132
688.3234597943687,579.4059794113965
464.7465696015242,531.2700130808138
432.7524403852291,481.5394888553305
673.792897264189,600.7861154763092
599.67926577825,551.4509406379784
579.9439977673546,512.1646626353843
481.42426099656416,462.5825455250465
819.7561852527456,669.6845987011708
744.2625911368712,607.1611636649276
647.8911553488601,545.2147256354191
552.4887088495086,478.2365993759023
564.6503779062034,635.6227821351001
562.221765439404,581.695611078135
523.365393761723,542.0623177983108
449.5332418642992,479.16185786254954
698.7827201066591,640.928824666563
686.5595905806545,597.8862935477871
614.797560251236,567.396024722238
450.8886448973554,483.55629891103814
880.4209657324252,654.7067686160964
723.639895856916,594.3414811517969
722.9494731819235,557.2104350565404
632.392256729312,485.38411977059525
573.7943117669732,596.5917234161747
565.8129079900003,557.02809984878
517.0931507506743,514.8649460652972
458.7169576715217,461.80905983187455
677.5111501863419,637.5518392879546
572.2867929089758,590.1331855725123
553.126563660848,553.3716150107306
461.33128038202415,480.82934813557563
427.6756646341503,684.2563733111161
425.6165161082352,608.7443959299355
413.64894468625374,554.1639341103605
394.66014909392055,491.6359889376512
561.3549338206711,597.1719025015749
539.5171489714845,554.9716083611663
513.5404354169157,511.38145699959205
458.7352007178072,461.6465307870558
588.6514000659456,617.1071729646916
561.7603783178113,563.3645803078198
472.966119527276,528.4525421992548
439.3658505881931,471.5084615031246
680.7479835441547,630.5244547120902
567.5579647993288,582.3480690050263
531.7119378490902,551.445777436386
447.83671443775125,478.42845371708995
897.7859053342904,663.9967756073589
703.6850127063283,591.7133755372236
628.7890620664117,544.2329130545285
617.50121530202,485.5177264748287
831.5215709029452,634.4170275338853
702.8279199121653,590.9294216530346
627.3304389588875,557.3208283241296
620.4448021319861,479.8802319652663
561.2118046750935,645.5724230177783
507.2766454987986,599.289742971438
441.9149706845173,561.2744062093525
435.3908346214956,484.2463740221812
543.6220750365958,639.1737604076355
523.5444258059472,593.4583747013612
513.3031714656393,563.2344050405085
439.8737608685761,482.92949099065055
487.3007546155335,660.6848713722052
452.6130496607777,591.7553597732569
450.5819555706401,543.6962312172877
420.47223918502647,483.9523286446359
633.0855537735334,662.6785658851975
626.1386646949923,609.3457982017164
541.5995896549817,556.6926607689539
444.47380938997776,488.367185552825
642.2036243588196,669.6160329503379
602.296448424304,613.7189625138303
483.4807214393936,554.4581187872922
440.3836981097085,489.9013886886215
613.3467403349949,638.3369160158411
574.3866705839907,584.2226901912595
568.2488278768235,544.7213997016324
453.97680327833547,480.4135998192506
584.2794944143261,596.0050550459845
563.8677964470476,551.779978538358
524.6187189122548,509.2663056160901
462.3549764618555,461.10931725046805
680.3067441056282,664.7009153574826
636.8202661301145,609.6333753096578
494.8083296652253,551.6068017876755
447.2748230458219,488.0433025655637
637.7903223811521,627.2599202005769
577.0704512068247,575.9980194280373
482.8559793794818,540.4684904317061
433.786258147532,476.19693031103753
521.0028349635531,660.9683657531663
492.8694151072838,595.2536263427
485.92581181990687,540.1345942866682
477.4816921343061,481.4313548043276
510.8983046511708,663.4995933755861
474.4800886757949,595.0661546201142
451.58803496673806,546.4101543655468
431.522039623743,484.988871396399
577.7556677706319,643.7610901889673
535.2261037388306,592.1392161078838
534.5315618764889,555.6938457066725
460.4205357285212,483.6329812668648
528.3165074233303,622.9497124300714
497.3431993846251,555.5495967648903
457.7556894064108,520.8926739782665
454.0423109175739,472.1448053725646
491.2320484562486,651.4116446189727
471.94500360542247,576.2026220543697
459.9210087067679,530.6821562699772
431.5703119089766,480.6465154437239
702.4096850860385,657.7835133627764
635.7295689687116,601.2395107576119
473.0274494217064,547.2633683075287
433.1207890010415,485.74580284274975
520.7716623631878,623.5143049253517
491.4657762841836,573.5959297013216
459.1061029507962,534.2408007666303
432.327197044576,473.8155012090836
504.3539332100116,613.9344226976018
498.2365942629005,551.821740410603
460.5035078816221,519.6440730427737
453.10520090102193,469.5042314669515
640.4729645162131,673.8867619176305
588.9786047760023,617.0661132737426
488.90101114773086,556.4577646107205
445.0100773578821,491.4424603932112
512.9833484117243,615.6938496077418
511.1288202377232,561.6941665491588
463.6488941380858,527.4445276968293
459.6820861700347,470.77946901756445
532.0516958753386,625.5237536284847
522.9586521871431,576.0176882079005
515.2070367424781,541.7889092294702
439.77194905873495,475.67587727464115
695.983310594185,655.3374383340558
651.6939612965455,608.3695277142314
631.165102778726,573.800849392814
593.8126480565809,489.371901648621
486.0421852066818,637.4123519615416
465.63583505789865,575.296910286149
463.087972029255,536.1110550606413
462.9537746466754,477.3672472113842
702.530986930159,662.1067264354544
563.8065338640872,592.7544446731305
530.0139019122432,548.3431639471149
444.08127459114854,485.826461675151
642.0375652712104,728.3535076935768
634.2051469157542,667.2987487929747
455.7816675912958,588.7842514007524
422.3969585258148,511.3741230460434
562.0019991124186,593.2405011553985
551.2614191811948,551.3487967699209
475.1495220819696,508.67440515594535
466.2965617875934,459.96688617286367
777.938865544766,613.7102057645366
600.621012444145,559.5979200839143
542.186274381016,522.7839137143799
465.0502083970718,469.48537135960635
505.7377145716787,726.218984983545
497.19856329910266,671.086485376519
444.3938252338676,597.8969471509045
426.6980255518923,511.9950243279922
683.664875887254,596.8948127766138
523.737727801765,555.6755604172264
483.8237270248905,513.846432036268
476.76037337304007,461.7911539513959
897.5002953992779,720.5606963279209
689.701439370833,661.9459878087451
570.5760958417216,585.9918657006529
412.1720518765279,508.66718691718125
598.641817832653,644.8462622786312
581.2496063907054,600.2221901135111
552.9567277269363,573.6718592928178
465.736931290636,486.20991048090724
783.9978111062393,652.538884632002
645.949655038992,592.8863476418632
616.7397475313217,552.7624269845772
477.71158091102063,483.5536051008947
893.5361726985616,661.3171488724112
830.246972179423,597.7890625363483
736.5681012530437,552.8841828847904
732.6659703498235,485.49236632829127
638.531484013179,628.6800806549041
538.2410542088205,577.8821519600816
494.1925808116165,541.9421611155516
478.8165454897073,475.46828939798564
687.3039250038174,678.2208041730163
636.5563789528998,622.0450513628358
616.0569467227309,560.9869025875747
440.2990519698755,493.2850427114872
756.8871065276188,655.3454289961317
593.6332318004021,600.4228954378008
576.3863476427989,566.2869197793663
432.9465330789165,486.9080794805278
801.2653781072617,643.5082568763942
731.3363564023596,600.4570742129871
716.0470201082765,568.9504987752221
586.8406411222211,484.5228922089111
816.8647005799231,657.9388693945674
642.6166556645695,594.8048058776855
581.5734571327612,551.8656971981577
577.9376358918604,484.71574107033
604.5650117456447,643.9734416859502
582.2515573888973,600.1834968821366
474.1508404060144,573.8639374525094
470.36307484639593,485.851653320328
755.5277184310702,672.6096909278218
679.4799846748333,599.4973191294241
613.9243432197584,543.8148378982315
579.8247315218983,486.23832124367925
516.0381466550244,621.8673153958965
509.065278383735,570.027571934841
491.4364620089221,537.1061824490938
461.5479810490431,473.9480793688016
676.8394403543999,644.8758076579579
629.3607458874646,601.4554844961847
614.3525646559199,570.6184400224458
481.6278212224103,485.29863259736067
602.8558096941915,650.8422783077026
537.8163313736185,598.914990328109
529.7152287926846,546.1491334369907
497.8348305978821,483.2084701822384
673.1743843670963,721.8851030819842
601.9279607274094,665.3490117446686
498.2262426219892,589.6033598923785
375.85753466179426,509.43727676969115
617.8885202787397,591.271150451993
582.2590726071375,544.0571993976562
525.2228710201773,504.6163664678138
474.0915867474108,463.51783504102843
618.195107495944,653.0928174076478
588.2131356102992,599.8435191142934
514.4387101205367,535.2959341917523
456.5515428264905,472.0594959001157
588.976472965822,613.2505776549162
517.7786248379507,554.1565886940334
515.2330212052162,497.63828604159255
445.31166333695944,457.2824820309406
811.4085811188739,593.0384910483035
562.1979705080112,549.953647584245
537.9662578714598,515.1343671863618
512.4270076990571,469.7875380961843
581.548441366726,641.228139561253
568.3209840377929,591.9571524374999
549.5177472598442,554.4520233300093
451.25634764967714,486.4019309772855
753.174602017494,691.9994883724971
666.4484480610195,632.1949336268121
639.5619718641304,547.9007311632757
590.4467392385372,472.33235567077276
572.3824839989642,643.4741747190111
567.2599832537726,593.8043746097632
544.9593648872828,554.5032010079345
447.5078756284887,485.7842043720733
622.3418691115698,637.1957768172847
561.8216819589815,587.8025278258032
472.2113819267588,530.8974312375808
468.41237311769976,471.1774614278338
783.9978111062393,644.0225625307863
645.949655038992,585.2336995943833
616.7397475313217,543.1775079580368
477.71158091102063,480.29163458303407
679.852888414925,613.5761292669404
606.0578820118811,558.3106721905394
579.9853391014994,519.1789259439261
480.8642400701781,472.68886480652935
893.5361726985616,649.5422301866022
830.246972179423,586.9071264862314
736.5681012530437,537.6505701056535
732.6659703498235,476.4571040224178
577.7556677706319,641.6899297646869
535.2261037388306,592.2856639060177
534.5315618764889,554.8911738566254
460.4205357285212,486.6000318607338
633.0855537735334,658.8362483183245
626.1386646949923,605.2156880173775
541.5995896549817,542.256528613521
444.47380938997776,475.0343530527794
886.0973914997287,560.6065186768323
673.5272544822762,517.9229125182057
587.5385119329312,474.12498740724055
508.1075038061588,448.00199263989913
656.542117151021,630.3757974601987
622.4443186404698,582.5089916485721
570.1847305076353,540.0769553418703
529.5240133472662,478.6883154273921
539.2630035181747,634.967322323453
538.9591736445121,576.9709351718976
494.0468783190701,534.3723919420023
453.0898359519887,476.9123331974485
561.3788649431702,584.2744061321305
541.2751165108117,544.7156199807029
474.0762947000208,504.18160884827626
470.9380710949574,461.5483695852091
735.3215978263087,669.2690901902104
668.8005889025259,613.6238403056228
645.2771666538749,536.2530331838722
468.19235558327034,468.8804939045143
673.1743843670963,726.165097413078
601.9279607274094,658.9606112545663
498.2262426219892,555.9566233849384
375.85753466179426,472.0340550870826
703.845243639987,656.3885588576283
672.0142960922122,604.9725758305958
633.5596971505722,574.0510211536796
451.3859500277666,494.5823950454238
558.5021808890314,594.5405358546061
534.152745696776,553.2269667935822
474.11215856882217,507.5570876663233
465.01940426241794,462.37300783880875
523.6910141184651,617.9865907215325
515.9252531135904,572.0609072449774
474.0945959430484,540.7591883374449
437.3976525320684,481.2556237250134
719.623737979524,637.745016032851
716.7012037495248,573.0326390680099
641.1897872578048,510.9883744589099
539.265173593385,460.45568204657485
538.6835163653345,657.9363716542234
520.2622832276276,606.5365196730382
512.2306759356334,570.705903226287
449.6579066436104,493.4099946767864
886.9439863131249,642.5785987416118
642.6408561991865,584.7715108895156
628.2031712590773,551.3765404498027
463.27141934123927,487.02814240118323
541.0646069213947,656.2639826755045
535.491750516534,597.7822023016428
487.4922070220345,566.2234753604515
433.0962101744829,493.07906382738435
740.6119263339035,620.0399567528898
554.1582209989137,565.1926229418589
535.9343041207514,526.0158953481413
458.84806274078306,474.49764791565246
582.0455968504493,629.1302127970819
565.8365180204325,581.3170804864646
545.0623704781453,540.5856576982958
448.4534660173425,479.720911963861
577.4424206616455,595.8129251219679
560.8128116474442,556.1826106063065
516.3654195668769,511.7129175287823
459.4562916962709,462.94939707609615
499.29478078663095,657.2661084437173
447.1465610625411,583.588253297652
446.56582682499766,511.9939950140118
418.1407471581099,462.52616357967014
680.7479835441547,631.2448778447101
567.5579647993288,582.8007884783128
531.7119378490902,554.385661629226
447.83671443775125,487.4167489633807
797.2464124719116,641.2689360676749
626.3495502176121,585.7165469762674
590.7949413092078,552.5052469803527
468.8188247721748,486.5846205077211
719.1399891208458,646.5500133777902
696.6552261516447,595.394104441653
691.4477200859143,532.5568009123493
508.9342663970776,470.5419954341967
577.9110993685471,615.1906142013344
568.4841471810776,568.2019731352691
558.335733396071,544.3170381467282
454.5949914887845,485.0042910489637
623.4231553280721,628.8922177857866
569.1829565819573,580.7166993655712
556.6905740776033,552.6395996842322
505.4921251375621,487.06960995143703
573.7943117669732,591.8640586760504
565.8129079900003,552.7985793847954
517.0931507506743,510.1127726836409
458.7169576715217,462.57244397427917
672.1381166805804,653.8680086957355
655.1758286712538,599.7322388830005
435.9472710660316,520.2863666881742
421.1182565604609,462.12562769259944
561.3094979686601,653.1201707314451
519.1385951960168,602.9709793040297
453.84358433230335,561.4462776140844
444.42767951170913,486.64879405868766
561.3549338206711,588.4616697026511
539.5171489714845,549.448400607146
513.5404354169157,505.1450665236025
458.7352007178072,460.5309587332994
810.9142535647107,633.3782994816817
696.6767437590739,578.2005942611462
675.2113039371985,541.0263684787208
587.6273972043278,480.45909712234675
578.0479131695089,632.0192212227124
568.0746795694313,583.4892052321148
557.6167432768373,542.2226163760434
455.8510265242718,480.7123112677686
752.3610982988511,720.6992385611834
614.3920808456768,656.8102602958176
574.5108091644089,579.4818982559996
436.0444400351601,487.43147982096093
615.4855524048013,677.5268169269627
588.1246044796945,621.8642149022321
498.8689134589234,563.1926971654561
458.5371911970298,484.4452989148724
579.5766879867067,653.0014242019652
514.568213188165,590.0351385600603
503.4052784630531,542.2560706121972
479.76497042240504,479.0476788266686
532.0516958753386,621.0361931868607
522.9586521871431,574.6312936002056
515.2070367424781,542.1984461015268
439.77194905873495,481.4214579943325
561.2118046750935,650.9728965963152
507.2766454987986,600.660703000153
441.9149706845173,559.6733529042435
435.3908346214956,486.6531022173669
690.5706497394297,575.2412248179744
523.0915200206745,539.6062939042858
514.9557170623666,493.87320447006624
439.6166473876625,454.4675950601577
680.3067441056282,657.0738296035714
636.8202661301145,603.2575528796242
494.8083296652253,532.5564884934373
447.2748230458219,469.19451419978844
887.3754949123627,647.6929919508202
667.0744830979241,587.2258783960474
607.7772076526338,547.1707213194107
592.425483552561,483.61782477542164
531.1618701728952,657.3508324372548
512.4795727152284,598.7519446383096
461.3750527457096,563.0577766248144
439.08770624317685,490.0772281896971
515.2235243375959,640.8612932584393
484.0151816302753,584.9357897597476
475.31235348623653,549.4828648217342
448.526131533754,484.599218576439
718.8768641364126,640.3121670044783
663.635620780502,580.1015565240637
582.0955673810182,538.8115576018624
464.11249093948686,480.2239312761907
651.9904231605137,637.8316216215372
626.0263938267012,587.6400337844275
485.383247950352,519.361830158417
465.4658220536958,463.74694377250023
602.8558096941915,644.5216249611938
537.8163313736185,593.8275655633654
529.7152287926846,531.8003189774076
497.8348305978821,470.317366107918
741.7765600746402,641.2652424489073
710.094898827844,571.0043777028726
332.24320577171915,521.7722741177141
324.1278888269732,475.7129514204607
810.9142535647107,643.538425072166
696.6767437590739,585.1824195554676
675.2113039371985,548.5426535016682
587.6273972043278,486.817050938982
618.195107495944,654.7172127230532
588.2131356102992,601.6799447234092
514.4387101205367,536.2689356011723
456.5515428264905,470.20355298481553
601.3225399003157,669.9087290256135
570.3468238354822,607.2954347920486
550.7279569202167,565.935750411581
519.287461081475,494.27629218141277
703.0574020296224,635.636748305186
580.9031557113021,585.1951656212395
541.6768565091862,548.7759886319409
484.1221023256675,483.836117247051
723.4895969127055,655.5794032644665
647.1522013159661,602.9553361336806
615.9083787428791,538.7061679031873
573.9080736333348,471.37684766093975
574.5465252401535,595.9995975807761
546.786302923824,550.6109093339696
506.62031199489616,535.268919286772
452.6627833180645,484.04223837973
529.8512444414915,659.548988923685
514.5006938092062,588.790011942483
485.17371169383694,534.8599066221101
468.92217672210353,479.01774017890136
543.8669080185891,633.8354817610885
524.4265770276072,584.2279284782952
521.6821745730539,527.3578445081081
455.0579206600038,467.5445754520163
628.3419593131739,638.5717375897573
586.2749066373407,586.9586875463469
543.221784849254,523.0439037192273
446.7457013652693,464.45110024332
633.4884334828556,689.4984144671715
595.4181261686513,635.712950196839
504.0702553624982,566.2621006610768
452.4407751493582,481.49012157265236
667.2196459071486,626.3337582308262
612.0925607041158,563.0798877767921
601.0785238321068,527.1939674676408
528.319509214999,480.50808292879617
582.0455968504493,632.2918023175082
565.8365180204325,582.5093466825582
545.0623704781453,539.4422272663727
448.4534660173425,477.94302391549866
497.6407139430207,596.137305351379
497.45831709318554,540.6275618966197
491.98994120588014,507.9199454560405
440.4613935179751,469.7600537630589
427.6756646341503,672.554473907696
425.6165161082352,599.388458410718
413.64894468625374,545.6796529377439
394.66014909392055,485.56576727921157
593.160646298201,700.5078059035786
558.0347101243617,647.7643388691857
539.7606634878863,590.9450110364544
444.9103924964266,495.87998538481054
672.1381166805804,653.7673021557864
655.1758286712538,599.8168524689743
435.9472710660316,522.5166500420594
421.1182565604609,460.6418397587777
581.548441366726,645.4891187920507
568.3209840377929,595.5116150716079
549.5177472598442,552.7314273453234
451.25634764967714,483.7395687490817
532.0516958753386,628.210500292455
522.9586521871431,578.6095585150407
515.2070367424781,542.6736411168517
439.77194905873495,481.30215655013217
656.1290436899292,675.4023530890531
647.2583854153044,624.6873393567489
627.4196766298201,576.3476066544196
479.0964321215763,491.36322025013544
890.6302904494659,648.5661719136928
692.9903111390408,580.6764170414077
611.9395698712516,536.1914214875419
594.3445703388145,482.93711223288227
886.9439863131249,650.4280113578523
642.6408561991865,590.6301496480718
628.2031712590773,557.6467967011398
463.27141934123927,492.9104044977979
727.5555322066733,656.7287069057116
691.9425182055923,592.0758493326956
621.1149307573604,552.2432908466268
488.7959546557436,490.1670488955265
510.1714411665308,593.5072204152563
504.062559665145,540.4560100398052
489.361788908185,520.661290110446
450.1084735005105,479.42695971951935
752.3610982988511,727.0944980203327
614.3920808456768,669.8569145790317
574.5108091644089,581.877250888637
436.0444400351601,483.11315365767894
570.1884409927653,593.4799613479322
545.9290263916728,546.69676095609
471.57757643981887,506.9431554256565
470.88472749278645,463.2392157885689
734.7944791925964,648.0102265587481
547.5685472748764,584.58450128331
541.7917029056425,543.9920936633032
410.2175269194429,485.704156240874
747.8713425682434,656.1213605913191
603.1552420896735,591.2994796111778
595.564757016147,550.5763025100441
485.2427962802294,489.1543865058122
528.8204891980407,600.177996856142
510.3625384901165,552.494769152749
494.3328986406138,512.2505660719808
463.91949640449496,465.933783816328
673.9644263075822,628.2938314565356
571.4607675281819,578.1945978158033
527.8911497559075,543.698902633797
452.4317897353498,482.34031766372095
645.2571534489554,671.5305779236601
598.0329385295252,608.2126286532576
561.5930909347676,568.047993560588
486.5123406637388,496.09139850790973
744.441471555693,654.9731890745649
615.8720804215559,593.3346731271769
607.6991433081654,553.4204975469
480.3563608398537,489.1199740694032
567.7781364529212,654.6988488166496
561.8271549138334,603.9280748953151
542.6117264100411,557.3478207419954
455.4330496358303,484.6849044633399
575.0041270578758,605.5254787338104
563.3507622177636,559.8058188375649
516.0369192880318,513.9714835732443
458.9244135246659,463.38991587688224
604.5650117456447,669.0908552763786
582.2515573888973,618.1073658708111
474.1508404060144,581.857876089902
470.36307484639593,498.1335133283362
521.0028349635531,660.5441200280862
492.8694151072838,589.4140148717005
485.92581181990687,535.0161674518638
477.4816921343061,479.12391479772043
544.0097046304677,623.073819331505
525.0187914938344,573.8140075775106
521.1114652109535,539.4459723721544
446.1343339094556,480.43527057373933
719.623737979524,655.6233343026227
716.7012037495248,585.7348061839265
641.1897872578048,532.4882186718113
539.265173593385,477.8111051074953
816.8647005799231,657.147818345373
642.6166556645695,593.427783517355
581.5734571327612,550.4314196090147
577.9376358918604,487.4640369069014
590.5546471605375,652.7225747229153
567.3980884969088,596.4684611704691
476.6345897264673,558.4723028587198
473.0020120341411,489.5364349554063
676.8394403543999,668.9860923206685
629.3607458874646,617.7983316893113
614.3525646559199,575.7524287584214
481.6278212224103,493.53858412861257
557.1093329501916,604.9174730641661
554.9008187929567,556.3996877674647
486.57131045858114,525.9530637928204
446.1407118983799,475.9651215702053
528.3165074233303,596.1906609075555
497.3431993846251,540.9897168392832
457.7556894064108,519.6215300089424
454.0423109175739,479.39165905853304
703.845243639987,668.9136764101424
672.0142960922122,617.5053402344139
633.5596971505722,575.5679728470623
451.3859500277666,493.5098529876774
535.1522375163458,598.9257583488629
532.4600786561209,549.1870819338038
458.2712163936379,522.0570399790671
447.3815885391874,475.86412821762474
574.3081158369903,678.3122903663414
562.4919756701654,610.8589869748217
545.268890057187,566.1297968664751
468.2588059440985,495.421262752184
520.5013282168767,617.6250779928544
514.6631305360726,568.2653870304152
502.05473773429605,537.1401821629423
452.5480436601496,480.6415437274552
883.9137013393809,654.1326267022771
670.2198203880475,586.3553672403551
628.251506204233,541.8082309432974
607.0226160146337,485.3008941340877
536.1063956409447,636.8367799897013
519.9511170293137,586.7785756915872
510.36802665068893,551.3907533233828
438.56577751330695,485.3121672587099
508.89640830644754,653.577464097207
495.4781979481173,585.8783685469924
490.9775905899715,537.7571773008164
459.0731671387516,481.66507824860923
598.641817832653,668.2116323022038
581.2496063907054,617.30762372737
552.9567277269363,581.0786464627754
465.736931290636,497.8637430430713
822.47233546907,657.0711272788078
640.0302252460112,602.7312584695209
480.5840589229429,524.1211938859645
469.66696091199265,461.0702572122777
617.4932649416379,669.7489225139577
568.9349099759,615.3859497872954
457.9061712796709,537.5105560946437
444.5679197466184,466.87637898436367
563.2856424916996,629.9878804932905
562.4941978411848,580.0103777482983
521.5472156952866,536.8416781968841
449.70015750909374,476.96028497191344
668.6561112534706,630.8701165417552
599.129168668199,566.7541728577949
582.1404886914792,530.3971341501216
489.0205461654842,479.6209821341331
886.9439863131249,645.1764640306803
642.6408561991865,587.2529048206376
628.2031712590773,558.3212781423563
463.27141934123927,490.34205781979676
607.989452701624,580.715850083529
597.5454879324826,544.1032615551105
527.9232006227113,518.6362818770349
448.8796852188461,467.8537505110929
600.1848312627607,651.4612564756536
576.1073616244063,594.3522794724954
568.9894048322717,560.5551509919766
446.8909589703639,490.0602803796818
880.4209657324252,661.638712516151
723.639895856916,598.4521781505875
722.9494731819235,561.1949285708324
632.392256729312,491.4716083959849
756.8871065276188,679.6008417467308
593.6332318004021,615.8368646819458
576.3863476427989,576.8450655428128
432.9465330789165,497.3846110293316
671.8581231834347,662.0112409343719
643.7564184523649,589.084123470985
621.0629468009321,545.4499124159308
506.3518049542334,486.1681907037462
531.1618701728952,681.5846237434143
512.4795727152284,617.0402517001929
461.3750527457096,576.835311859619
439.08770624317685,497.28375775577496
753.174602017494,684.6717328980584
666.4484480610195,626.6374321962056
639.5619718641304,542.5346084257956
590.4467392385372,462.33379752724613
560.8489159458138,607.3446835267218
546.4638452902718,563.3570573039135
505.9816322727785,514.6984496385093
467.6263442790666,464.110865491416
581.8584323561282,567.3250315527094
511.72573295896575,528.8566505441394
473.1242150542286,515.6540692864022
458.3567816809858,471.57696170776956
655.3756203496673,650.988689907767
622.5483330307354,590.7027471669519
545.5066529648574,558.0763000926214
483.32506375321367,490.21059100741314
578.1348301689227,704.3885301447314
557.3629908126866,648.951786815278
547.806739631287,594.2574686193716
481.1148231652136,493.55857868038186
520.5013282168767,601.0666178550177
514.6631305360726,561.3902780976795
502.05473773429605,536.034195663876
452.5480436601496,475.9140097455096
702.4096850860385,622.9828644551083
635.7295689687116,577.9668201247887
473.0274494217064,521.9093134623388
433.1207890010415,459.4429562932961
627.8152886079606,680.5586110426202
567.169174201136,598.264887012115
547.6231064964916,536.2526703875322
483.55558564990014,485.5195874936975
590.5546471605375,662.1272408766698
567.3980884969088,602.9093600759519
476.6345897264673,564.1068931698301
473.0020120341411,491.2384751123941
819.7561852527456,641.5760790626235
744.2625911368712,592.1868803944614
647.8911553488601,525.2090765960925
552.4887088495086,458.53485728813575
521.100260437306,615.3057897469936
483.7254116604983,561.271886597572
436.54816744024527,532.0314195455185
435.4205846674595,479.23807570928807
703.0574020296224,632.5264495923724
580.9031557113021,585.8231173000922
541.6768565091862,551.880508790209
484.1221023256675,482.5687375907879
535.1522375163458,577.4029213210101
532.4600786561209,539.5220164499998
458.2712163936379,518.1009848648515
447.3815885391874,469.9189100889977
830.7247157185855,670.379269110573
757.700100136476,594.9821754982764
690.5728477532277,547.4998022174829
600.9108578215097,487.2390584275914
887.3754949123627,657.1451095850375
667.0744830979241,592.9552035751202
607.7772076526338,556.4957350514704
592.425483552561,489.914306695632
567.4867090590797,635.2072435381383
565.9883438292702,592.1398472112968
558.1085340311523,552.0704365963252
448.4493169352268,476.2006142000609
567.7781364529212,635.3558695183317
561.8271549138334,592.8783005969045
542.6117264100411,555.1572460032955
455.4330496358303,478.08767083506865
763.6971532386463,648.8254622257479
614.438065200578,583.111259041245
602.8261380349064,545.7664705664483
485.63359502806384,485.7614930804771
822.47233546907,631.7623389176143
640.0302252460112,582.5261814464717
480.5840589229429,510.29254427884166
469.66696091199265,450.5662847044466
514.0714714786966,628.7021354854433
508.04603117539824,585.3721407649051
478.1468825417848,544.3638773156611
460.4512454363179,474.1023002360262
586.826733870532,621.1858622280179
558.5088216848934,578.7793860065013
534.5227198449309,539.8266412493181
461.4655668837807,473.03516903538554
607.7916391862393,669.5695429288596
598.5633302247654,616.0397750654178
573.0552368103438,545.4179312047893
448.385589624607,466.6011868764096
690.5706497394297,587.6542779386612
523.0915200206745,546.56822974637
514.9557170623666,496.33634612010553
439.6166473876625,456.06320600453756
673.0800100355472,663.7459891144092
614.0458037206637,611.6420629564174
553.8187322755293,581.0876763668506
466.21091669260466,496.827981099667
529.8512444414915,701.8533967089841
514.5006938092062,609.1463272391178
485.17371169383694,539.7902802198325
468.92217672210353,487.9594020727475
738.7630954340286,634.3931071721928
602.8102664915774,590.5141229337016
579.260948154166,562.915509156688
508.1902462209763,487.07037413949956
602.6943258880774,611.248261060571
572.8205117183716,571.3578844442127
555.0587327575885,532.2151039504685
454.3658736081916,467.5007046793472
673.792897264189,584.6079837443232
599.67926577825,541.856708605679
579.9439977673546,520.3946598497149
481.42426099656416,472.88835693903843
558.3184920438251,590.6852311752195
538.9330996587646,548.8616548295373
495.65806695221414,504.44040543047726
458.4502207907911,460.7008507906663
855.1238526305019,662.8954268945906
807.3029294437728,592.0148593646485
693.630585231437,549.1492164408202
622.8585413415191,487.61493252624325
601.3225399003157,680.1857836987011
570.3468238354822,611.7590663956694
550.7279569202167,569.9613210910939
519.287461081475,495.4294832737678
612.656186770732,655.794144432399
569.5468887178597,603.2115344819529
563.555621855562,529.4279594701889
528.9306849568111,458.47128044918617
593.160646298201,698.0056618921229
558.0347101243617,645.4830953668783
539.7606634878863,595.594518890096
444.9103924964266,493.32399629708243
622.3418691115698,622.4115648011075
561.8216819589815,577.9226872486021
472.2113819267588,525.0450209037856
468.41237311769976,462.705414779789
562.1902011710922,698.20825518336
538.0679709738802,605.6581753461284
525.095211952674,536.2968470710283
471.46041520475393,486.50647110559584
642.8187452635799,688.6153846470112
599.9880334144766,608.6460674831848
566.1251270785772,548.7716469179001
457.14190669872056,489.7678419082756
811.4085811188739,573.5921839709328
562.1979705080112,536.6600600320443
537.9662578714598,510.28340983080346
512.4270076990571,464.69039237834255
588.1142801127593,693.3909575705378
563.2008353028251,612.5663423498918
547.33924104203,551.1969312766522
456.1659378459104,490.9543256619424
606.2494056772535,676.3969618051727
578.4376667409374,626.3858225247607
488.96077135219394,592.9983595736345
475.26024521387785,499.13228426057344
558.5021808890314,589.7664815715509
534.152745696776,549.0778022948423
474.11215856882217,505.4809975358759
465.01940426241794,459.51276797234334
546.5412607481817,698.6982756154812
527.7291200234451,606.1270617883937
490.5235888006426,536.8641330868962
461.93768459841544,486.674217001147
575.6112770814393,608.678729433461
567.686595595164,564.5861957337378
497.41736818055807,515.4957537319603
468.0385960630664,464.24135069582434
521.0028349635531,701.5792389475369
492.8694151072838,608.7832656579799
485.92581181990687,539.3925943770429
477.4816921343061,487.6363611371462
512.9833484117243,588.6726140806295
511.1288202377232,549.1626269772994
463.6488941380858,524.9150276162532
459.6820861700347,472.19697422105855
568.7176027949133,605.539911917429
549.059168386686,561.6214041693236
509.63069908218574,514.3328266154391
462.3016362354688,464.45075459486395
590.6684906664534,573.9472120625595
586.0675981142068,534.4072842382998
546.5309024521912,492.3877925646641
461.8743270428282,456.0509092423081
628.3419593131739,619.7615368668112
586.2749066373407,566.7467209432144
543.221784849254,508.69695254846573
446.7457013652693,454.3632521357146
615.4855524048013,669.7186911362774
588.1246044796945,613.8779728185796
498.8689134589234,553.4937575779331
458.5371911970298,468.64478670093405
744.441471555693,668.3030897850156
615.8720804215559,601.120762983958
607.6991433081654,552.304767321016
480.3563608398537,489.968451503897
630.3282482897991,619.221319892674
605.5789177029181,568.6002467149616
556.1921797987364,529.466918432972
521.7514128822139,469.1960385982281
705.7583074221305,650.437795619571
685.8493858869784,593.7420818098813
633.1403617562687,522.842961418099
520.5216649000569,454.13547134863217
727.5555322066733,668.3288005819059
691.9425182055923,598.7541771296397
621.1149307573604,549.1741763409711
488.7959546557436,490.3937046802885
880.4209657324252,668.4362979147191
723.639895856916,602.9442741854833
722.9494731819235,557.511790428126
632.392256729312,491.2741826411933
748.8183849762993,600.3311215910901
695.4413182313432,550.5823526105822
641.6897079914676,503.98131112536817
513.423598472593,460.13076069626584
510.8983046511708,677.9739849464976
474.4800886757949,602.6342257656593
451.58803496673806,540.6066795896463
431.522039623743,488.8850064435097
679.852888414925,621.3179350810411
606.0578820118811,558.7478803700893
579.9853391014994,521.159058842812
480.8642400701781,481.4629136898764
868.5557318269211,665.5493117388124
691.3860249854216,591.1665151497798
624.5338006506784,532.6824517270329
601.6365774605574,486.6632620257173
656.542117151021,621.5057709319705
622.4443186404698,570.9706085149857
570.1847305076353,530.9329217763149
529.5240133472662,468.8215489975709
830.7247157185855,681.9903646254016
757.700100136476,606.6328066597193
690.5728477532277,546.6787941006235
600.9108578215097,490.5016067122844
797.2464124719116,658.4722856355734
626.3495502176121,596.9484344704035
590.7949413092078,557.0805904388073
468.8188247721748,489.82627887223646
597.6288824623451,686.7864425218658
578.7374391778417,611.4962217894782
566.7147893330357,545.5815615997614
448.7439600642569,491.17444161670085
520.5013282168767,611.7434987451104
514.6631305360726,561.5693204199671
502.05473773429605,532.6550729501869
452.5480436601496,476.3335065810125
696.4799391387647,605.2913188980923
627.4561392058225,554.6872274697854
499.458432651188,508.61203897205615
454.8502215169645,459.3631797981007
541.0646069213947,675.3169468641316
535.491750516534,612.1287436369796
487.4922070220345,571.6016529229968
433.0962101744829,495.03286141718456
564.6503779062034,612.9141619527245
562.221765439404,563.5607291723816
523.365393761723,527.2023299602893
449.5332418642992,468.1089621545224
603.5039701358446,656.9510960498562
586.4351074264267,590.6933232624317
472.96665959401713,540.5208324425736
418.9705038722263,486.32955189857546
673.1033773963994,622.115448152891
602.4516648767809,571.2719107898113
588.3551751642307,530.6666547270584
520.5575255595601,468.6717625604
667.2196459071486,635.6772498977804
612.0925607041158,568.3943942928852
601.0785238321068,522.4888150045612
528.319509214999,482.6309631907682
588.6514000659456,600.4475806564963
561.7603783178113,550.8053751572793
472.966119527276,521.9591979444606
439.3658505881931,472.644033158268
619.0827958036338,582.6139426231476
604.4872891406883,533.4144362353865
577.1910730047197,492.62309543060854
458.9132736009928,459.73345332035444
762.3073484528429,652.4182640759992
699.0935473429431,595.1891348103961
661.3603080097016,523.1354871925413
611.9997376903796,453.759893126922
594.8995052962509,604.3283113786404
592.1930207205863,553.3661428819041
533.5683744987524,510.6580119454079
464.9006875214415,465.44507366431304
749.5254643670708,659.5937380063482
582.9842726834017,592.6201929080155
572.2691823328425,540.9737577445414
475.371317540097,486.4913316328765
763.6971532386463,663.0722831150409
614.438065200578,593.8639130158396
602.8261380349064,544.7510156816136
485.63359502806384,488.94683132539785
735.3215978263087,651.8982192580254
668.8005889025259,595.145323028432
645.2771666538749,522.3902452222353
468.19235558327034,453.3613354296322
504.37827607283606,676.3527882083005
488.5474710611747,597.0554238645072
464.6056293585397,527.8333473887088
417.20570848878344,486.9564717577946
562.1902011710922,699.3181038778524
538.0679709738802,614.9771898167583
525.095211952674,536.6576139425345
471.46041520475393,491.248990672931
590.6684906664534,581.3923681893908
586.0675981142068,532.1310133471311
546.5309024521912,491.8711475669213
461.8743270428282,460.120185559407
633.4884334828556,674.1228965279508
595.4181261686513,617.6348797511794
504.0702553624982,554.7522545008163
452.4407751493582,468.0336866355886
851.2799498692817,690.910417665077
657.5277806932569,604.8879456702159
645.3684755142648,527.2578823657129
529.5368141913551,487.5603468831998
822.47233546907,633.4914207536137
640.0302252460112,577.3611817805227
480.5840589229429,505.5744936032246
469.66696091199265,448.019732381077
427.6756646341503,699.7672139707504
425.6165161082352,616.9550603140606
413.64894468625374,544.0897851005079
394.66014909392055,491.57982215488533
512.9833484117243,602.6744858619963
511.1288202377232,551.84685800347
463.6488941380858,523.1163770278223
459.6820861700347,474.71250042913164
544.6520790404546,701.5554418917994
541.3569862876044,617.3279017564693
470.0012086866222,539.1771106871481
421.44105516161386,491.8321882822897
734.7944791925964,662.1450331415804
547.5685472748764,593.0261504497026
541.7917029056425,541.8515696618804
410.2175269194429,487.7377201266467
567.7781364529212,638.8552018258804
561.8271549138334,587.9350423059567
542.6117264100411,548.2000863669207
455.4330496358303,473.4233857932028
590.8973822687532,619.1994006943956
567.0724655929229,569.3210823704716
554.8414215204972,531.560843953448
449.46823066679326,469.1391314281149
652.678573908941,666.4106925714377
629.7985921685502,611.6721359237732
622.2284063047605,571.8386735394993
473.93713311076897,486.5760852249679
546.5412607481817,699.9150579644983
527.7291200234451,615.5208251171863
490.5235888006426,537.1812241474793
461.93768459841544,491.353083719631
796.163262730047,707.6429922895722
749.6397817134945,646.3614576966354
735.212910397333,565.6217142055415
713.8649404744775,464.9528746388336
520.9625049252976,596.7256926616983
495.55159589650657,546.7913933055753
476.2101986300317,502.08568241390185
455.947918114199,461.21355317622505
810.2016234377421,642.3360156425123
743.825298279839,587.0041714789718
656.114776468272,521.1175655421125
605.537227430502,455.4941283461357
574.3081158369903,692.5131112939766
562.4919756701654,619.1471518598322
545.268890057187,563.5002572512786
468.2588059440985,494.9197727753993
613.3467403349949,615.4651597221201
574.3866705839907,566.0619424249256
568.2488278768235,529.547342580558
453.97680327833547,468.5370327337127
672.1381166805804,631.1046265912421
655.1758286712538,575.2720249879162
435.9472710660316,504.50711211898704
421.1182565604609,448.2040453162517
499.29478078663095,693.7555342605503
447.1465610625411,607.3502224467848
446.56582682499766,529.2406938314364
418.1407471581099,488.10643309798064
815.4286371353267,655.9665611375158
656.9049422633925,585.9648227391525
605.3092397437212,533.8705943805962
580.3870997222236,485.8407828875465
575.0947767245403,650.8664607861618
540.7174152913079,598.4197728103251
515.3790723388717,556.4867476831334
465.6513964501861,477.66250831691127
492.34848299947487,621.0719303978769
490.1861035177276,570.6283626741217
461.0671408438447,537.6581999252
433.9821062432427,475.5461158772973
575.6112770814393,607.5477212983155
567.686595595164,557.1315518793405
497.41736818055807,511.79219018880576
468.0385960630664,464.02092950647267
652.5423789518237,637.7467820252247
598.9655803711697,589.4413333251183
579.9244365101151,565.522913692053
466.9259554652359,485.57430066905846
612.656186770732,676.3785503850795
569.5468887178597,616.3103790265188
563.555621855562,528.0276966587825
528.9306849568111,466.02334121336133
811.4085811188739,599.1936325833555
562.1979705080112,552.7120144410396
537.9662578714598,514.9653374573929
512.4270076990571,470.9945579477326
581.0444280615988,656.6577458882075
573.2772425885129,604.5637008448036
573.2354095794708,560.712140932938
451.3089575089877,481.5970813548752
581.5200878205168,682.3658570907296
547.0741931027135,625.3246251962528
545.1947702736596,563.8817743363041
462.64375263671224,478.6148783035084
527.0121877424567,605.6729707452606
521.0199339223939,554.8522563036123
491.99350066419214,526.9356387632602
436.9867045585649,482.41188175116
563.4933817289186,578.2470740523717
544.7038445041295,538.6368725578466
515.5925864416441,494.9723928338413
458.1901985568487,454.3664137884934
491.2320484562486,655.7449009555307
471.94500360542247,585.5199002488793
459.9210087067679,532.8839811231584
431.5703119089766,490.5516221725748
627.5799880739429,641.5267649683598
601.4296172538308,592.0728756384399
472.377445675868,565.248174514169
457.766359273481,481.7964268823517
668.6561112534706,667.2911704769663
599.129168668199,595.8838248974962
582.1404886914792,544.7101753076462
489.0205461654842,493.1459809102061
499.29478078663095,709.4646997543126
447.1465610625411,619.775006793022
446.56582682499766,541.8368792645896
418.1407471581099,496.14497160925254
623.4231553280721,630.1565076425122
569.1829565819573,581.1282162038619
556.6905740776033,555.3685832767657
505.4921251375621,483.48081961087695
586.826733870532,629.0602647312908
558.5088216848934,580.6498867540732
534.5227198449309,538.4585743751198
461.4655668837807,474.1808998504537
655.3756203496673,664.9287302601783
622.5483330307354,600.5754445281904
545.5066529648574,565.3043729015033
483.32506375321367,495.4350953482203
538.6835163653345,653.6486606769054
520.2622832276276,603.2763295249327
512.2306759356334,568.4434290692585
449.6579066436104,484.47838013204057
551.7446645653912,694.3521633848087
520.0542634927892,609.7713902344594
464.21164970724425,538.3308429435508
448.8864072957066,492.1166530151754
797.2464124719116,655.5309666997015
626.3495502176121,595.7261662489797
590.7949413092078,564.606296141748
468.8188247721748,492.1027367971844
831.5215709029452,637.0302417343835
702.8279199121653,588.3226507855734
627.3304389588875,559.1711285514484
620.4448021319861,479.9403108370501
747.8713425682434,678.0368135880487
603.1552420896735,606.5066626831018
595.564757016147,559.489407963563
485.2427962802294,496.2584436600601
584.2794944143261,580.3591340519498
563.8677964470476,539.6140813026165
524.6187189122548,497.0647361537554
462.3549764618555,456.7644514205105
618.8671914088792,678.9615943800766
564.1363784954237,605.1703778061068
476.1755096212767,551.8046624465601
451.7991712883813,492.6805456101957
702.530986930159,673.6295635438333
563.8065338640872,602.1010434796058
530.0139019122432,552.4388022639849
444.08127459114854,493.87245728787315
512.9833484117243,607.9950030570554
511.1288202377232,560.3233733125918
463.6488941380858,528.9695459338353
459.6820861700347,476.57949642866356
474.5193247730624,602.6280343097753
456.7290686956979,551.3965564828075
450.0867751540775,514.8262100491534
437.6664699192188,475.16033170128037
603.5039701358446,644.4612720098188
586.4351074264267,583.0753490238053
472.96665959401713,542.6681635067217
418.9705038722263,483.6744988745431
606.2494056772535,653.8443345597989
578.4376667409374,604.3967008560603
488.96077135219394,586.1012705457296
475.26024521387785,490.5829472300672
763.6971532386463,676.028540291914
614.438065200578,604.7708324686002
602.8261380349064,557.6549693646123
485.63359502806384,496.3198480318643
810.2016234377421,658.749910186634
743.825298279839,602.8762652368705
656.114776468272,524.6798459268236
605.537227430502,464.948263056344
822.47233546907,660.5290984286289
640.0302252460112,602.1881529067423
480.5840589229429,510.573196570816
469.66696091199265,460.53225683402684
575.6112770814393,585.957974607158
567.686595595164,546.0474754974088
497.41736818055807,503.4048978324421
468.0385960630664,455.89915097160446
700.627275495785,624.1880421613606
595.4174258764446,574.787648839464
533.6610553738483,548.1256863357702
467.97946618439687,482.03230632154214
837.6158926764983,663.5590924476357
763.2970831799763,605.9377557949095
644.8177243541897,524.2667218983217
550.1180683783448,465.7455403762947
679.852888414925,643.0298105712989
606.0578820118811,578.6711271883864
579.9853391014994,535.0445093775108
480.8642400701781,489.25419830889183
777.938865544766,603.2864746046171
600.621012444145,556.4512359528748
542.186274381016,520.3685247905181
465.0502083970718,472.67681964342484
544.8264278932212,653.4390753012265
504.4586353696602,598.1468203586385
476.1808843449634,529.770034587529
455.654678272116,470.422739851471
808.9820195810361,650.9049896904181
737.6270040010118,601.2051978013956
718.5840110078352,574.0797551543683
587.0235374380363,484.5305681977629
602.8558096941915,642.8197494760734
537.8163313736185,590.5497703161383
529.7152287926846,522.9729462431735
497.8348305978821,465.1451321388715
738.7630954340286,632.3320572508679
602.8102664915774,584.3001765450994
579.260948154166,561.343892631052
508.1902462209763,484.6597906757772
590.8529383009242,652.3257060221179
589.4404294373809,598.8142407520819
564.4612246536981,529.8815041813161
449.47111275655215,466.64745809976586
604.5650117456447,651.8146920586474
582.2515573888973,602.300987310701
474.1508404060144,584.5384346098764
470.36307484639593,490.69540144960223
623.6049869230419,646.8738533006077
590.462502049809,592.5624903663572
526.0449080980346,521.5684118558103
450.2458708101062,466.8581850856451
574.3081158369903,700.7270642490421
562.4919756701654,624.6720211040536
545.268890057187,576.5607198220096
468.2588059440985,502.6732228826678
520.9625049252976,578.1578864792277
495.55159589650657,538.7513200221929
476.2101986300317,493.846887710901
455.947918114199,453.2304359751502
486.0421852066818,640.417920557355
465.63583505789865,579.8303994292675
463.087972029255,540.3386474480751
462.9537746466754,485.9165878033528
755.5277184310702,690.5691140556775
679.4799846748333,608.6512443120138
613.9243432197584,542.0105673782692
579.8247315218983,491.31311592402255
523.6910141184651,618.8466530213674
515.9252531135904,571.7300751119459
474.0945959430484,540.7777730889142
437.3976525320684,477.7856027116119
633.0855537735334,658.2216533072598
626.1386646949923,603.1187246562394
541.5995896549817,534.5910262620656
444.47380938997776,469.82397504681404
528.8204891980407,593.0817236915773
510.3625384901165,549.322719816922
494.3328986406138,505.76421342951653
463.91949640449496,462.3436957069717
504.3539332100116,606.1922977939832
498.2365942629005,555.0968167266501
460.5035078816221,526.7273010997868
453.10520090102193,482.43905043469994
588.6514000659456,608.2922203499828
561.7603783178113,561.3329656348113
472.966119527276,528.1625721619864
439.3658505881931,475.51775135636524
510.1714411665308,609.8639952419338
504.062559665145,557.036389668961
489.361788908185,528.2768521661457
450.1084735005105,484.1872503567441
744.441471555693,666.5309541327908
615.8720804215559,600.5817984844003
607.6991433081654,559.9759798771641
480.3563608398537,492.5398031491956
577.9110993685471,621.216212367874
568.4841471810776,572.0733222410978
558.335733396071,549.5878056433703
454.5949914887845,484.8326825024988
579.5766879867067,679.1859639753598
514.568213188165,608.2034721576862
503.4052784630531,561.1401623430094
479.76497042240504,493.7608462821721
638.531484013179,612.625526752019
538.2410542088205,567.4867080864153
494.1925808116165,532.2092532102557
478.8165454897073,473.2494912975416
883.4891497336907,650.3361964434347
688.3234597943687,584.121102753215
464.7465696015242,537.1514541215066
432.7524403852291,486.28778342873784
871.8903709476441,633.0388825802264
808.6992940453625,591.3478362631719
789.1294533825247,553.5477016257607
625.6326029029589,473.12437985715536
607.7916391862393,681.8629299261099
598.5633302247654,625.5362411532503
573.0552368103438,550.7284453183534
448.385589624607,471.6454236762994
664.6014143673349,659.0843975320724
619.3985689213596,591.8658472533328
518.9311182718285,550.2112366109068
476.479471533738,488.06255070354945
588.976472965822,623.1478265735649
517.7786248379507,561.8221967841936
515.2330212052162,518.5828559386842
445.31166333695944,480.36284044284537
560.8489159458138,589.4978964279184
546.4638452902718,553.8790197700159
505.9816322727785,505.3634889991254
467.6263442790666,460.16003340480313
505.7377145716787,743.1268326704266
497.19856329910266,674.7711538493338
444.3938252338676,574.0566152067447
426.6980255518923,476.18902728792733
831.5215709029452,622.8363666778317
702.8279199121653,581.7859235363167
627.3304389588875,542.7979019050262
620.4448021319861,471.085127393011
897.7859053342904,645.3257614825991
703.6850127063283,580.3015544016309
628.7890620664117,539.767004463379
617.50121530202,485.2426928071024
584.2794944143261,584.0295403148486
563.8677964470476,546.9697942077865
524.6187189122548,500.8707261298498
462.3549764618555,460.7043603823953
487.3007546155335,643.5502295671463
452.6130496607777,580.0348065454785
450.5819555706401,538.5743779172569
420.47223918502647,484.43733493304853
504.37827607283606,640.6714966107015
488.5474710611747,575.3295845001762
464.6056293585397,530.0551537669521
417.20570848878344,484.24806390846527
627.8152886079606,622.15414317754
567.169174201136,566.7742462562748
547.6231064964916,524.6377838997649
483.55558564990014,478.9248758677793
680.4300830922333,612.611239836568
555.0957230304715,566.913705752676
533.9065683608693,533.0802258134881
472.8166178532291,473.8888832047575
510.8983046511708,647.2267661744548
474.4800886757949,583.1672754092306
451.58803496673806,540.7807995749005
431.522039623743,485.03905184794553
656.1290436899292,640.5145887789708
647.2583854153044,598.6766049705466
627.4196766298201,555.2966234212691
479.0964321215763,472.10076337414284
630.3282482897991,621.9527257917215
605.5789177029181,576.8001341171782
556.1921797987364,530.6448858252222
521.7514128822139,468.85426145671596
755.5277184310702,657.8271811814554
679.4799846748333,587.2650238184924
613.9243432197584,539.7938279161339
579.8247315218983,488.3361562819891
580.214669021434,610.318519915118
574.4152741961453,565.7591441956157
563.985055817266,529.329102570004
457.8968754331682,472.6933118253008
683.4840680000094,579.9025387174521
588.9179303042077,545.9447127596185
520.3435647859537,493.54895648342114
409.14876372677094,456.4807617995102
544.6520790404546,647.2198273777004
541.3569862876044,581.6820770451842
470.0012086866222,534.6612059061247
421.44105516161386,485.5647454489545
604.5650117456447,629.666723319076
582.2515573888973,588.9529848904842
474.1508404060144,557.6815578593336
470.36307484639593,474.56366342577576
830.1292858466161,629.7722323828458
732.266908333465,587.9302575611226
692.1433905657562,553.1730779181281
593.7696989780121,473.8442761887215
534.6481660855585,574.9407420888687
518.4679246313269,537.7758056995494
487.7313165056417,492.9867326651089
476.14883685981425,459.91168685487804
568.7176027949133,588.0172776588289
549.059168386686,552.3285392959182
509.63069908218574,505.02050638562883
462.3016362354688,460.44754571497435
581.0444280615988,647.5680902726858
573.2772425885129,599.9769848929178
573.2354095794708,551.1213721552693
451.3089575089877,472.52946994178103
427.6756646341503,669.2552921093173
425.6165161082352,596.3466261580697
413.64894468625374,549.1605191353327
394.66014909392055,490.7978253864327
613.3467403349949,625.442865133102
574.3866705839907,579.0954605570702
568.2488278768235,533.2729996501785
453.97680327833547,469.629196686305
819.7561852527456,669.1617182055063
744.2625911368712,613.072307141459
647.8911553488601,538.4968182883363
552.4887088495086,469.5634077352808
741.7765600746402,644.4892788477969
710.094898827844,575.5704657999025
332.24320577171915,529.0954651424198
324.1278888269732,485.63010914666427
702.530986930159,643.4208660382894
563.8065338640872,581.0867659232409
530.0139019122432,542.6228070647717
444.08127459114854,484.42407674415375
718.8566753468305,585.8466850345661
694.4020862534777,550.0942041501019
607.0455847899506,501.44787527539154
596.7817564062373,459.5490572981256
702.9841813969207,646.9324244757117
667.6836915769329,585.7131907932555
605.5890594509863,550.0367816453816
476.88068303052614,485.317704289034
528.3165074233303,596.2260534571086
497.3431993846251,545.3017563083273
457.7556894064108,518.7526627544249
454.0423109175739,475.39821851518747
641.3195689295559,708.2027242700406
575.4967663617504,645.9613089331382
502.51975971203007,556.2344404199633
438.0595759547538,472.47005475453886
810.9142535647107,624.6414121463138
696.6767437590739,573.1350062283274
675.2113039371985,538.9302731601784
587.6273972043278,478.3089567173877
558.3184920438251,582.5617327780924
538.9330996587646,546.3454303282714
495.65806695221414,499.7202390018958
458.4502207907911,459.99985177833554
520.9625049252976,584.9867236753927
495.55159589650657,549.0822445929393
476.2101986300317,499.6348023734112
455.947918114199,459.1790238995335
797.2464124719116,628.5606642637588
626.3495502176121,577.810530886777
590.7949413092078,545.8845197636895
468.8188247721748,479.120161026797
575.0041270578758,590.5480920629477
563.3507622177636,555.028587882852
516.0369192880318,505.6442811230122
458.9244135246659,459.93966886180067
822.47233546907,673.3065784352667
640.0302252460112,614.3826896887879
480.5840589229429,532.8801413591226
469.66696091199265,468.6261725753244
673.9644263075822,607.9938023692416
571.4607675281819,566.2626707306677
527.8911497559075,530.9486540104365
452.4317897353498,470.0740538827814
561.2118046750935,636.9564014337845
507.2766454987986,592.8122676987193
441.9149706845173,545.7063520074508
435.3908346214956,470.6722522897362
756.8871065276188,639.0501750493912
593.6332318004021,587.6469424524544
576.3863476427989,554.6141824778089
432.9465330789165,480.9784186039791
541.0646069213947,639.1774156365993
535.491750516534,586.9740382778392
487.4922070220345,556.7078064302574
433.0962101744829,482.0542804212139
642.842507531412,628.5582870213501
579.1742076049975,582.1787506226647
544.821802333994,533.7101652162646
493.9872074384884,469.40261960328206
515.2235243375959,629.2930278109026
484.0151816302753,577.9559784838152
475.31235348623653,544.557539146283
448.526131533754,479.1099150068334
544.8264278932212,655.5246660657634
504.4586353696602,601.7957888981637
476.1808843449634,537.6042367801954
455.654678272116,470.3407710647296
677.5111501863419,626.475742983918
572.2867929089758,583.3068422136693
553.126563660848,539.5305470729855
461.33128038202415,469.9257910676751
596.2905675905635,627.9100386634091
551.6301017650296,585.8267625492011
532.3922616410109,548.0295199916443
469.7482625469141,471.8780232939098
619.0827958036338,577.9288835581264
604.4872891406883,541.1446702809523
577.1910730047197,493.9880505912678
458.9132736009928,459.1833306853162
652.5423789518237,620.8213710382512
598.9655803711697,579.2576461519245
579.9244365101151,545.7957897094026
466.9259554652359,472.2990373290225
540.4727163589555,629.154496891361
506.1234968597247,586.8551849165046
443.30030846637055,543.0432471612659
425.4037156178861,470.19894817917975
856.8205559786115,677.3110909305293
783.8522772905812,596.9041980412067
713.2657186728048,541.5278615923833
625.3167938440248,480.89626321220254
842.6916860042331,674.1326688641076
796.4037391842754,594.5273767534067
699.9965012999407,543.3282363819167
618.6272937304973,481.89305859182
677.5111501863419,632.5503449666717
572.2867929089758,583.6629949892248
553.126563660848,541.4905825655931
461.33128038202415,471.5905495664694
656.542117151021,624.6526709660494
622.4443186404698,576.7030678886066
570.1847305076353,534.5832906565922
529.5240133472662,470.95478682045996
897.5002953992779,707.6109020926849
689.701439370833,644.8890430512804
570.5760958417216,539.1777262809949
412.1720518765279,456.41266001712614
534.782207705619,648.8744537796863
528.9673451985138,581.4529230992958
490.3331783758491,540.2992547864601
452.6201538001583,479.9175812257229
735.3215978263087,659.7777601462029
668.8005889025259,607.8225835375459
645.2771666538749,529.7158742081612
468.19235558327034,460.7386884405892
642.842507531412,627.2826775391147
579.1742076049975,578.5140662887068
544.821802333994,535.1339397424925
493.9872074384884,470.8926272516749
529.9384469988903,630.7959305875025
526.1780121526813,585.7883844350691
463.9538871989624,528.9259405132582
451.7062290751185,464.8812100648583
886.0973914997287,585.0490013897165
673.5272544822762,536.9627599088008
587.5385119329312,496.44540501510284
508.1075038061588,471.1687778095783
602.6943258880774,629.6475806233844
572.8205117183716,579.7925425833661
555.0587327575885,535.4300114412868
454.3658736081916,470.951325431707
683.4840680000094,581.0128762176687
588.9179303042077,549.7499024924646
520.3435647859537,502.29639516908577
409.14876372677094,461.7033163258277
612.656186770732,665.3360288422583
569.5468887178597,610.5225202489588
563.555621855562,532.0126158458745
528.9306849568111,461.81031531759317
749.5254643670708,644.647914869551
582.9842726834017,580.2850841814694
572.2691823328425,532.2041622567697
475.371317540097,476.35070811810687
585.7394020133004,645.3404201902
550.3632709993229,581.3900500816964
517.5891078367027,540.6645769943652
448.2195600461519,478.62283868689667
893.5361726985616,669.1763480417345
830.246972179423,594.5774020368674
736.5681012530437,539.6192311019571
732.6659703498235,478.6197743067919
703.0574020296224,625.0576623304204
580.9031557113021,575.2984736397843
541.6768565091862,539.1556473180186
484.1221023256675,473.97839556126155
897.7859053342904,662.5477509853214
703.6850127063283,585.4774438206106
628.7890620664117,534.6886907335681
617.50121530202,480.7704157468748
630.3045302125053,658.8200093234983
574.6217391240123,579.976651236131
552.0230867177139,533.1645048367369
455.96466391493374,482.6791599867854
588.1142801127593,654.7963244432115
563.2008353028251,588.258843919118
547.33924104203,528.0702648829514
456.1659378459104,473.5399195461133
801.2653781072617,648.8719230303326
731.3363564023596,596.1009369055674
716.0470201082765,553.4867119115904
586.8406411222211,473.50694636725086
655.3756203496673,654.7234263119009
622.5483330307354,585.9421144245315
545.5066529648574,546.9309622447934
483.32506375321367,481.320457839782
544.0097046304677,614.618817427887
525.0187914938344,567.0555386702189
521.1114652109535,535.0414112004686
446.1343339094556,474.18223233477147
427.6756646341503,691.5923613313272
425.6165161082352,603.7390594824062
413.64894468625374,536.9841263585339
394.66014909392055,480.353027542713
676.8394403543999,649.7907304095218
629.3607458874646,596.6722649213556
614.3525646559199,555.0472769743625
481.6278212224103,473.9939570553935
578.0479131695089,624.9264720963085
568.0746795694313,575.7014545925906
557.6167432768373,536.9582063204415
455.8510265242718,472.55389875345196
822.47233546907,650.3400531927988
640.0302252460112,598.6756145844004
480.5840589229429,522.0904989873897
469.66696091199265,460.8569404458252
796.163262730047,704.7550903755507
749.6397817134945,643.200147273642
735.212910397333,555.2638221600275
713.8649404744775,462.21787976475235
617.8885202787397,607.0364059002296
582.2590726071375,553.6738820967065
525.2228710201773,516.2445941564529
474.0915867474108,474.68643850398615
718.8768641364126,655.5802679476747
663.635620780502,583.2925961811966
582.0955673810182,541.8031525296236
464.11249093948686,481.8655038628075
528.3165074233303,606.3877841269738
497.3431993846251,548.1252658826495
457.7556894064108,527.3955588656386
454.0423109175739,482.18041872525646
601.3225399003157,670.6303461653133
570.3468238354822,598.0637507247354
550.7279569202167,550.6377245641395
519.287461081475,480.3670410411578
671.8581231834347,677.0113013464204
643.7564184523649,594.9247506498966
621.0629468009321,542.5375929321494
506.3518049542334,482.51797641481016
577.9110993685471,616.2843742138385
568.4841471810776,564.5347626955128
558.335733396071,540.0231147467338
454.5949914887845,478.5534292073539
508.89640830644754,667.9808672629558
495.4781979481173,590.6615188579365
490.9775905899715,530.6859109602783
459.0731671387516,478.00445061165937
702.4096850860385,640.303661316912
635.7295689687116,589.5059888546183
473.0274494217064,528.8002540057006
433.1207890010415,465.85700381228
581.8584323561282,600.2996116014053
511.72573295896575,546.9651198959214
473.1242150542286,527.7372727278181
458.3567816809858,480.5955113369295
545.8328204491643,584.9648364129952
531.9681442041639,550.0377866084414
491.66545020688056,505.76014002003643
473.5426782384917,464.33029567221917
489.662931386531,631.0547168469196
466.9335638682227,571.673038311284
458.8671942678071,535.1195923597423
457.65177620109154,477.87751082934136
575.6112770814393,595.8346511865427
567.686595595164,559.5350682152484
497.41736818055807,513.1619665119606
468.0385960630664,464.43612152171283
656.1290436899292,653.681256577083
647.2583854153044,602.0530977915622
627.4196766298201,554.220894936411
479.0964321215763,471.3114099083686
597.6288824623451,657.0981871432438
578.7374391778417,588.4182401423245
566.7147893330357,527.6134656043216
448.7439600642569,474.2100939218499
747.8713425682434,665.325524221039
603.1552420896735,589.7730194544262
595.564757016147,542.7352704388936
485.2427962802294,481.51221991571686
534.6481660855585,578.345709453416
518.4679246313269,542.0834502205091
487.7313165056417,503.4220496709034
476.14883685981425,466.6678558733323
704.6186162201132,692.6060600102219
651.4513226105233,633.9739232740313
636.8467915059942,554.1083747206533
543.4121991432592,463.62104446060056
830.7247157185855,678.0930589502077
757.700100136476,596.6485522298841
690.5728477532277,541.4864276092526
600.9108578215097,481.3817443566714
520.7716623631878,613.2610382228668
491.4657762841836,567.754933773657
459.1061029507962,528.527463287054
432.327197044576,470.8074996106411
740.6119263339035,634.849710125933
554.1582209989137,570.14976880469
535.9343041207514,532.4392139919496
458.84806274078306,479.6746484119895
540.0563718886741,621.8164507852292
497.6145714241552,578.9423384883503
481.29936025598886,522.4863687930623
451.71567832169274,463.95562924289436
780.6987926209305,593.1104202487159
642.8986551252577,548.7293134053751
535.7046846205708,518.9679334518376
498.58275004623226,473.2021652710115
695.983310594185,653.153925475707
651.6939612965455,599.9654981725423
631.165102778726,555.501150070813
593.8126480565809,472.94394844519627
521.0028349635531,678.28431169798
492.8694151072838,596.9539561169025
485.92581181990687,525.5329320593596
477.4816921343061,476.0793510988691
684.8335589144109,667.8356715974709
639.2340997346352,590.8401715148299
540.7862787971517,542.9934100667773
463.993622474613,481.8594421373279
680.4300830922333,630.8101131997404
555.0957230304715,574.659058134906
533.9065683608693,536.8559971498918
472.8166178532291,476.1897419638895
851.2799498692817,669.2425769295688
657.5277806932569,586.0144601381131
645.3684755142648,516.620776665495
529.5368141913551,469.68000117673574
618.195107495944,647.3561843593956
588.2131356102992,597.7980599249362
514.4387101205367,543.7956585393362
456.5515428264905,481.40327560268184
562.1902011710922,669.1083940120959
538.0679709738802,594.1516640747238
525.095211952674,526.786867151726
471.46041520475393,476.61694598106595
523.6910141184651,616.4262450219918
515.9252531135904,571.8553858960228
474.0945959430484,539.6140944451915
437.3976525320684,471.7375550604268
673.9644263075822,621.3502479996679
571.4607675281819,575.7969767546483
527.8911497559075,543.5762392215768
452.4317897353498,473.91693803433395
427.6756646341503,676.7415740772117
425.6165161082352,597.7305011265463
413.64894468625374,537.7259484863098
394.66014909392055,477.82416146348834
640.4729645162131,660.4861509646815
588.9786047760023,608.9690191162796
488.90101114773086,548.0881322712298
445.0100773578821,486.09010421840264
569.3827592760473,658.0574821220956
528.8292663406135,589.6654165096378
464.0409262466788,540.3447570437544
446.0146275626546,476.352024461219
768.8995068104871,669.3285029924313
609.8527150971846,623.0006116233424
570.5677359592181,597.9657506284825
552.0152616569843,500.0492223506244
646.3008640255122,673.1134833882124
593.678713886837,623.8606098466405
506.6119749289346,580.2818078661468
471.4044169920629,497.06557781370793
575.6112770814393,606.846100052299
567.686595595164,568.4635759163211
497.41736818055807,518.0836519563279
468.0385960630664,469.36292602450624
762.3073484528429,668.2392847238833
699.0935473429431,615.7399107210476
661.3603080097016,554.0226840642481
611.9997376903796,489.4235763311002
792.9176014986932,727.2516775510386
720.0630712831514,671.9935927096254
392.46014294309293,608.8554757935859
289.52337896433556,519.2087398459014
613.3467403349949,622.0552732631376
574.3866705839907,576.6156475158313
568.2488278768235,539.7093507117117
453.97680327833547,472.99345722824273
497.6407139430207,598.5100361008077
497.45831709318554,545.2457000326125
491.98994120588014,494.0216869616798
440.4613935179751,454.5595631704951
696.4799391387647,614.8285844494837
627.4561392058225,570.1698619191988
499.458432651188,519.425327519377
454.8502215169645,468.12608820456785
617.4932649416379,663.6744870883052
568.9349099759,612.5147547949334
457.9061712796709,550.5296312068734
444.5679197466184,487.9842795454527
815.4286371353267,641.2761694810405
656.9049422633925,574.7174907681122
605.3092397437212,525.9251864270998
580.3870997222236,468.36125125926526
489.662931386531,626.0660240705938
466.9335638682227,571.6245888158113
458.8671942678071,533.7786732545043
457.65177620109154,469.8742936137706
890.6302904494659,649.5463390787249
692.9903111390408,577.8862965644611
611.9395698712516,524.0375219811173
594.3445703388145,468.7015637996263
887.3754949123627,651.7159488777555
667.0744830979241,587.984501848976
607.7772076526338,550.4461162780268
592.425483552561,477.193391896898
777.938865544766,596.5467457290341
600.621012444145,552.0556228958172
542.186274381016,512.8875805489139
465.0502083970718,460.26402946351664
599.9067437901979,654.9995541589738
579.622843559374,605.1264153362274
530.752631532557,552.8141697375345
446.8294265717018,485.5366997412987
602.6943258880774,628.5617104354642
572.8205117183716,581.7893084220204
555.0587327575885,540.9211303651897
454.3658736081916,474.94641783322476
604.5650117456447,657.3709255472218
582.2515573888973,610.4911361180696
474.1508404060144,592.701482906397
470.36307484639593,494.1385522871561
673.1743843670963,721.7163437724907
601.9279607274094,662.6626453756536
498.2262426219892,588.9461601093291
375.85753466179426,511.84737293405965
670.0596517449959,625.9448252314222
612.7939587726802,580.7850732276254
588.7457955390164,541.2487647964587
524.9986463351058,475.1928868045005
752.3610982988511,717.031601817859
614.3920808456768,661.8594435685973
574.5108091644089,610.3330901789593
436.0444400351601,515.1838578007732
856.8205559786115,664.6181682205173
783.8522772905812,592.7949207811281
713.2657186728048,543.5306348208045
625.3167938440248,477.2870367053328
690.5706497394297,589.613809832921
523.0915200206745,554.3550766599988
514.9557170623666,497.7304736443441
439.6166473876625,461.65236121577794
600.1848312627607,643.6749531619696
576.1073616244063,587.9840072187367
568.9894048322717,555.8842782509585
446.8909589703639,479.1696064524859
593.160646298201,686.5225815535975
558.0347101243617,637.2432344069185
539.7606634878863,611.0219521999196
444.9103924964266,506.41157497959114
514.0714714786966,635.0020389431337
508.04603117539824,589.4484121752163
478.1468825417848,551.7764895982793
460.4512454363179,480.05859631648786
868.5557318269211,649.0933970401104
691.3860249854216,577.6225809905253
624.5338006506784,523.8394220939122
601.6365774605574,468.60130933572043
564.6503779062034,619.3111846012583
562.221765439404,574.1773098018465
523.365393761723,536.4655631561994
449.5332418642992,471.6861116689413
642.8187452635799,657.5062384985441
599.9880334144766,594.4876962135834
566.1251270785772,540.5517277776974
457.14190669872056,480.24489804542554
687.3039250038174,667.5742986482485
636.5563789528998,615.4112840549519
616.0569467227309,554.668972916425
440.2990519698755,489.4795162315412
520.7716623631878,615.3816370743357
491.4657762841836,571.5480497328526
459.1061029507962,531.1435338501631
432.327197044576,470.6453845081454
819.3001048406257,733.8448021187481
633.9965261620346,673.1946286453842
629.7871010364094,603.3730742336516
487.48787786924026,517.6895466875816
529.8512444414915,671.1943374887196
514.5006938092062,596.5677224433516
485.17371169383694,530.4879524918489
468.92217672210353,478.14512685397216
702.4096850860385,640.9877767276997
635.7295689687116,591.9861372294425
473.0274494217064,537.6501171177654
433.1207890010415,478.30350383728324
590.8529383009242,652.9801063806183
589.4404294373809,605.0451091781204
564.4612246536981,551.6309357793081
449.47111275655215,485.8736509447487
638.531484013179,632.7696193179914
538.2410542088205,581.5421682416802
494.1925808116165,544.2037818687006
478.8165454897073,476.0186318023305
749.5254643670708,641.8570533125541
582.9842726834017,582.4702771569276
572.2691823328425,536.3331499577332
475.371317540097,474.47223044918445
831.5215709029452,647.302683038674
702.8279199121653,601.0998437978495
627.3304389588875,570.2899563051349
620.4448021319861,487.8305124090088
816.8647005799231,656.678108085332
642.6166556645695,591.377601868416
581.5734571327612,546.4305496570187
577.9376358918604,478.26378702682666
537.15336537158,624.2310272249732
490.2480245716277,562.9011512166995
452.46005007544727,520.567426368416
445.389627165038,463.36854566199924
519.667112032019,634.2507352782521
472.6484310829827,577.5367461351084
448.2488400730608,531.1585967655825
407.65551445247735,472.25760349846433
588.976472965822,632.857936542071
517.7786248379507,565.0176124700546
515.2330212052162,501.1218113509346
445.31166333695944,461.9079396238367
819.7561852527456,655.9077858584221
744.2625911368712,605.5810399746637
647.8911553488601,545.9445649633041
552.4887088495086,484.716172049914
606.2494056772535,660.4147425638705
578.4376667409374,613.695831751942
488.96077135219394,596.011699338754
475.26024521387785,495.8811861848699
601.3225399003157,665.5953356638106
570.3468238354822,601.7227716573116
550.7279569202167,565.6330463251385
519.287461081475,484.92992003756996
842.6916860042331,660.0747717255122
796.4037391842754,589.3028729026772
699.9965012999407,543.2433625628004
618.6272937304973,475.7647134985828
561.3094979686601,655.3688476744766
519.1385951960168,610.0374052496321
453.84358433230335,575.6487985301039
444.42767951170913,491.95149431014744
617.8885202787397,592.7764889161963
582.2590726071375,541.4292990781012
525.2228710201773,506.07298838538463
474.0915867474108,468.1736146311949
579.5766879867067,658.713316519682
514.568213188165,589.9421828143286
503.4052784630531,548.7491530740681
479.76497042240504,485.029514660556
622.3418691115698,636.6034819290348
561.8216819589815,583.8070400492273
472.2113819267588,528.0719966837195
468.41237311769976,470.32803032379996
670.0596517449959,629.1999199989722
612.7939587726802,579.7863441174837
588.7457955390164,537.4793794486555
524.9986463351058,474.2859749555335
581.548441366726,640.8574036278634
568.3209840377929,590.7374132848314
549.5177472598442,553.4032229491926
451.25634764967714,479.7626733168043
655.3756203496673,647.8555507577504
622.5483330307354,584.6256474112838
545.5066529648574,554.4555964619058
483.32506375321367,486.43547458569344
886.0973914997287,562.0174495195702
673.5272544822762,515.7405289521992
587.5385119329312,475.34977677201255
508.1075038061588,457.33694557099443
842.6916860042331,660.3250391237593
796.4037391842754,583.8525357378396
699.9965012999407,545.2086361578909
618.6272937304973,486.97125527346816
541.0646069213947,660.2731554639341
535.491750516534,600.8648656780739
487.4922070220345,571.7385374918116
433.0962101744829,490.12270177416514
529.8512444414915,650.59912523878
514.5006938092062,578.0606007316785
485.17371169383694,522.5923800741526
468.92217672210353,477.1141636627477
719.623737979524,645.9352203080549
716.7012037495248,575.649234160016
641.1897872578048,520.1797609375626
539.265173593385,475.71006922302087
504.3539332100116,589.2967832811928
498.2365942629005,536.6767462905892
460.5035078816221,518.1117215350338
453.10520090102193,474.52815634205245
578.7229577351712,646.6281080498846
517.3271771088082,586.7823312306904
487.00860013679886,518.156072522018
476.2509659227542,467.4807308315526
656.542117151021,629.8181483258794
622.4443186404698,580.2766761851753
570.1847305076353,538.4208216925836
529.5240133472662,474.6639728790179
563.2856424916996,626.7062587662352
562.4941978411848,575.0131344025849
521.5472156952866,535.7236059392251
449.70015750909374,475.009544298113
630.3282482897991,626.3550237387062
605.5789177029181,577.1122684415675
556.1921797987364,536.3739373252333
521.7514128822139,474.2271185507977
735.3215978263087,669.4553259975476
668.8005889025259,608.4548931440498
645.2771666538749,532.893573172355
468.19235558327034,470.72364292601065
811.4085811188739,591.898339640672
562.1979705080112,544.9168995739437
537.9662578714598,513.1274082842472
512.4270076990571,468.773571577617
618.195107495944,652.8241242841425
588.2131356102992,593.4462871435036
514.4387101205367,532.131739999694
456.5515428264905,472.5427035560326
831.5215709029452,643.3532721389691
702.8279199121653,599.9825494140478
627.3304389588875,561.2396324471858
620.4448021319861,479.8923610995595
667.7945674230559,694.6686139988249
639.4837868158477,626.2749375544462
586.0924764432956,541.5736758789117
439.68367672864383,473.8736692132263
652.5423789518237,640.7178550830176
598.9655803711697,595.2620492362915
579.9244365101151,565.7908959398615
466.9259554652359,483.29164749936376
687.3039250038174,673.1627051655911
636.5563789528998,609.194787379286
616.0569467227309,536.0257859088346
440.2990519698755,472.97696400682
577.7556677706319,641.390090311369
535.2261037388306,591.2304626812925
534.5315618764889,553.9565476195771
460.4205357285212,479.95103009608823
569.3827592760473,652.1819584782269
528.8292663406135,581.3109878340916
464.0409262466788,539.2714930374931
446.0146275626546,482.9887637420143
540.4727163589555,645.6297126805434
506.1234968597247,600.6311409760881
443.30030846637055,558.9275771324227
425.4037156178861,479.064108590996
552.095930595623,588.0766926515895
523.1206482874868,553.2054812626149
498.4763277941449,504.2651350889637
460.91392179291466,459.37648873189687
607.989452701624,598.3166976524838
597.5454879324826,552.0442704448403
527.9232006227113,521.3606359650472
448.8796852188461,470.9842411541457
741.7765600746402,638.0911348251465
710.094898827844,559.014513398097
332.24320577171915,509.69572291403614
324.1278888269732,476.4598171069935
702.9841813969207,655.923282849219
667.6836915769329,584.9379648289801
605.5890594509863,550.8563876700264
476.88068303052614,487.4267032049854
851.2799498692817,662.2025174080627
657.5277806932569,570.7860399484703
645.3684755142648,517.2828691990455
529.5368141913551,481.9827538982379
642.8187452635799,637.4695729429301
599.9880334144766,580.2329101939011
566.1251270785772,531.9521057508495
457.14190669872056,475.6483411873819
703.0574020296224,626.927245277467
580.9031557113021,582.264614766724
541.6768565091862,548.4190039781472
484.1221023256675,477.59364840793734
557.1093329501916,599.9370119807155
554.9008187929567,553.6724514047878
486.57131045858114,524.7973204375787
446.1407118983799,472.2278855721781
594.8995052962509,592.8063437708968
592.1930207205863,554.864086899474
533.5683744987524,509.4186162960578
464.9006875214415,462.46847317953035
810.9142535647107,636.758048013333
696.6767437590739,578.9298543353133
675.2113039371985,545.2373052118606
587.6273972043278,481.4976404708218
543.6220750365958,647.2474884246311
523.5444258059472,602.4490290204608
513.3031714656393,569.6491287018025
439.8737608685761,483.5885930578354
638.531484013179,626.361416137687
538.2410542088205,577.3337576780369
494.1925808116165,541.9326780728413
478.8165454897073,477.2642971845913
719.1399891208458,646.1677350286703
696.6552261516447,591.1098138681739
691.4477200859143,529.5596138302107
508.9342663970776,470.4140134738066
575.0947767245403,650.0809319639196
540.7174152913079,603.8055904529068
515.3790723388717,562.280591308338
465.6513964501861,480.39778921645654
830.1292858466161,655.2425603150639
732.266908333465,610.1013086226775
692.1433905657562,576.6138118262222
593.7696989780121,485.63388289799525
578.0479131695089,631.0872510417737
568.0746795694313,578.6868619288472
557.6167432768373,539.9154853417808
455.8510265242718,476.4604334039927
580.214669021434,624.5376883249584
574.4152741961453,576.8671838222299
563.985055817266,538.3163323625375
457.8968754331682,475.38987139126874
561.2118046750935,651.5774779530173
507.2766454987986,604.2215873304074
441.9149706845173,560.0657096956083
435.3908346214956,479.6343204990884
797.2464124719116,644.4676366561479
626.3495502176121,587.1500980239989
590.7949413092078,556.7541311197358
468.8188247721748,485.0102884494811
534.6481660855585,570.4135543996052
518.4679246313269,532.8259403610704
487.7313165056417,489.7196593456943
476.14883685981425,457.32252812797594
837.6158926764983,661.9398559801912
763.2970831799763,599.7828332855056
644.8177243541897,530.163842797222
550.1180683783448,471.3981041381875
543.8669080185891,628.030473698053
524.4265770276072,579.3331600342581
521.6821745730539,523.4137867606069
455.0579206600038,467.71594066486927
677.5111501863419,639.2987054702104
572.2867929089758,592.849501595136
553.126563660848,552.5578208926617
461.33128038202415,477.9630674051673
702.4096850860385,646.6793328083886
635.7295689687116,587.624897214727
473.0274494217064,527.7246806341957
433.1207890010415,471.450103196696
700.627275495785,621.1225590713045
595.4174258764446,574.3824091937059
533.6610553738483,545.599513667339
467.97946618439687,478.42020344201376
590.5546471605375,643.8110393180602
567.3980884969088,591.380608688931
476.6345897264673,556.7456844380388
473.0020120341411,482.6822749460348
642.0375652712104,729.7821783056011
634.2051469157542,649.717586888633
455.7816675912958,548.6056632194768
422.3969585258148,476.6496928308096
642.2036243588196,662.0807668680327
602.296448424304,600.3282566374045
483.4807214393936,530.7362562085785
440.3836981097085,471.4247411917057
830.7247157185855,687.8861001769912
757.700100136476,604.2240230202459
690.5728477532277,549.6268698466148
600.9108578215097,491.45957165227804
690.5706497394297,587.129690616893
523.0915200206745,554.4725322920234
514.9557170623666,499.8393679745775
439.6166473876625,459.0446225321118
747.8713425682434,674.332895488205
603.1552420896735,596.6716783768763
595.564757016147,549.6327898960207
485.2427962802294,490.72652476718036
528.4408345778938,689.5405600903495
432.2186386578388,598.3575703869177
422.2832313764077,528.149863200951
418.12812245621666,483.6200255683581
664.6014143673349,688.9262682214927
619.3985689213596,605.3489948847804
518.9311182718285,550.8081661213015
476.479471533738,492.0257214735097
628.3419593131739,634.978717814877
586.2749066373407,586.8636805972538
543.221784849254,520.6959032811172
446.7457013652693,461.70630286188305
527.6626860286387,601.8945708839246
522.1136152796408,551.9432997986544
461.8948823953812,519.8297202544167
457.9227390710761,472.02980028007175
519.36725424446,677.312364686574
483.3465472703318,598.9404814116998
472.24069896353166,545.2407440298058
457.19397108914393,489.7060735154348
683.664875887254,602.1418150645102
523.737727801765,563.4670368114818
483.8237270248905,513.7706126118884
476.76037337304007,466.8722871770673
539.2630035181747,659.9148458493324
538.9591736445121,589.4483853399651
494.0468783190701,543.6740530395888
453.0898359519887,487.51011129860115
514.0714714786966,636.3753487281012
508.04603117539824,587.39432291594
478.1468825417848,542.4564659485636
460.4512454363179,476.6153375614568
544.6520790404546,693.2559674260634
541.3569862876044,609.5992953908055
470.0012086866222,540.1600108146176
421.44105516161386,491.4750317985816
676.8394403543999,657.5287376389357
629.3607458874646,605.0671698578648
614.3525646559199,570.5526751457187
481.6278212224103,493.49715678806996
673.1743843670963,713.7537976170122
601.9279607274094,654.3583844506072
498.2262426219892,554.8086324818509
375.85753466179426,468.6564531355272
753.174602017494,683.3694808040314
666.4484480610195,629.5332981253242
639.5619718641304,546.3066002731713
590.4467392385372,468.8844447518753
581.548441366726,636.4308815859167
568.3209840377929,586.2714674794468
549.5177472598442,547.4215929522203
451.25634764967714,479.01251715578024
652.5423789518237,639.5870586245768
598.9655803711697,588.3044128464433
579.9244365101151,558.4942424810715
466.9259554652359,487.9029418286706
702.9841813969207,675.1056590241348
667.6836915769329,597.929424066179
605.5890594509863,553.5824835375005
476.88068303052614,492.32156061025444
606.2494056772535,659.0577833347073
578.4376667409374,605.8346391522944
488.96077135219394,577.6835756239354
475.26024521387785,497.59619504443344
497.6407139430207,615.5406467054713
497.45831709318554,557.2863934069138
491.98994120588014,510.70513517582685
440.4613935179751,471.7742723933328
527.0121877424567,602.7459001682237
521.0199339223939,547.2680422526252
491.99350066419214,519.0218542681292
436.9867045585649,473.7788543613162
656.1290436899292,661.2355408289258
647.2583854153044,610.7484878547705
627.4196766298201,571.0185247725559
479.0964321215763,491.79641288626374
727.5555322066733,674.1959570339367
691.9425182055923,596.4858769057172
621.1149307573604,550.9132815780617
488.7959546557436,491.1828585428961
652.678573908941,655.770809790708
629.7985921685502,603.2162017354947
622.2284063047605,568.3122192949584
473.93713311076897,493.0016382917046
792.9176014986932,714.5345257764492
720.0630712831514,658.8064951076415
392.46014294309293,569.149997437975
289.52337896433556,477.5005937649548
645.2571534489554,682.2502012962367
598.0329385295252,606.4613821039763
561.5930909347676,565.2196108483017
486.5123406637388,497.32378427907
581.5200878205168,677.8828898052515
547.0741931027135,623.4695019029682
545.1947702736596,564.4772496442577
462.64375263671224,482.2511187704368
842.6916860042331,683.2735959080121
796.4037391842754,601.5288923995219
699.9965012999407,550.7232778144339
618.6272937304973,491.48639406659646
763.6971532386463,670.6861198805793
614.438065200578,593.2976432481477
602.8261380349064,547.2194131376806
485.63359502806384,489.3273587316717
532.0516958753386,625.0661053020496
522.9586521871431,575.8886521975613
515.2070367424781,539.7051741035332
439.77194905873495,479.13559277330165
883.9137013393809,678.7863359400526
670.2198203880475,596.6567995434197
628.251506204233,542.2608328414638
607.0226160146337,487.9460543783529
655.3756203496673,663.127144121439
622.5483330307354,592.6883369540489
545.5066529648574,554.6220801958
483.32506375321367,492.07175930157456
702.4096850860385,643.1861987652466
635.7295689687116,592.3408100784276
473.0274494217064,528.5204570692348
433.1207890010415,465.2806115547284
796.163262730047,708.565799013692
749.6397817134945,650.1771678343038
735.212910397333,573.7963998389938
713.8649404744775,482.4155964759709
521.100260437306,638.9114459742812
483.7254116604983,573.4622818323675
436.54816744024527,533.9372337398215
435.4205846674595,482.1776727254876
579.5766879867067,681.7716085360477
514.568213188165,605.0999654152114
503.4052784630531,554.3888050862917
479.76497042240504,493.4722296205953
577.4424206616455,604.9569013368013
560.8128116474442,567.6832864676564
516.3654195668769,515.6294033039228
459.4562916962709,466.3176395910608
705.7583074221305,663.5013677441787
685.8493858869784,611.2330180117617
633.1403617562687,535.6003081312027
520.5216649000569,465.77752800923685
696.7534509928574,632.5746773150661
617.953970435682,583.4159682191153
586.9941937714807,536.5907708531132
520.0029818847727,473.53170510186527
702.530986930159,670.6953569965109
563.8065338640872,593.393132344558
530.0139019122432,544.0654971994683
444.08127459114854,488.21972137927935
602.6943258880774,632.7817489422663
572.8205117183716,582.4410648097588
555.0587327575885,534.8758092175995
454.3658736081916,471.44544679882887
574.3081158369903,694.9025378538133
562.4919756701654,612.0240978202407
545.268890057187,564.0282558118931
468.2588059440985,497.5097594717671
552.095930595623,599.4460560696976
523.1206482874868,562.5623338269794
498.4763277941449,510.6173033608512
460.91392179291466,464.24724983644654
499.29478078663095,704.527295693402
447.1465610625411,608.849764563805
446.56582682499766,536.2325294425696
418.1407471581099,487.54212346426175
602.8558096941915,641.7464154504418
537.8163313736185,593.6467097737376
529.7152287926846,530.1097066916386
497.8348305978821,466.67231882357936
572.3824839989642,639.3182982030617
567.2599832537726,589.1038048506241
544.9593648872828,548.2416258279809
447.5078756284887,479.31778043024565
703.0574020296224,632.6448689217741
580.9031557113021,582.0600135202106
541.6768565091862,546.0429846699112
484.1221023256675,483.3309730840253
642.842507531412,631.6958027505975
579.1742076049975,582.4098278882287
544.821802333994,536.6891665569444
493.9872074384884,473.72202685599757
890.6302904494659,675.3187440830771
692.9903111390408,593.3855794897132
611.9395698712516,537.3941007831743
594.3445703388145,486.05513596591277
642.8187452635799,670.5032934022626
599.9880334144766,600.8739515709859
566.1251270785772,544.048205419569
457.14190669872056,491.41009520254056
585.7394020133004,654.4483042844525
550.3632709993229,588.8091954047873
517.5891078367027,548.2433459121156
448.2195600461519,488.70308218624905
744.441471555693,668.0790392830476
615.8720804215559,596.6153231146233
607.6991433081654,552.3159049098556
480.3563608398537,491.42847878777667
819.7561852527456,655.3659030379856
744.2625911368712,603.9709897861337
647.8911553488601,531.7737742277449
552.4887088495086,464.90303976954993
540.0563718886741,627.7794966605351
497.6145714241552,584.6280562096
481.29936025598886,525.4808022522841
451.71567832169274,466.728175232769
683.4840680000094,575.8007756863625
588.9179303042077,541.5270365278664
520.3435647859537,490.5362308076712
409.14876372677094,457.34653407409
744.441471555693,655.1113387826147
615.8720804215559,593.5290187959034
607.6991433081654,556.1169388361642
480.3563608398537,491.3101055976774
618.8671914088792,658.7257729341866
564.1363784954237,593.0328709512587
476.1755096212767,549.0098430381432
451.7991712883813,490.08670433451067
756.8871065276188,664.3188152614842
593.6332318004021,605.6140459243551
576.3863476427989,571.3608175936245
432.9465330789165,495.36122938456543
588.976472965822,623.0801832827372
517.7786248379507,563.4940484511934
515.2330212052162,518.224099149181
445.31166333695944,479.79436212586234
575.0947767245403,652.3335430159061
540.7174152913079,601.5300747050547
515.3790723388717,556.985804781036
465.6513964501861,483.00621442404366
684.8335589144109,663.4181201479836
639.2340997346352,595.3026830316473
540.7862787971517,555.7058308436399
463.993622474613,492.89352124849853
427.6756646341503,675.2984727299003
425.6165161082352,603.1459014181644
413.64894468625374,551.4193936874204
394.66014909392055,492.2366195220049
523.6910141184651,623.9364615008806
515.9252531135904,573.7254686864528
474.0945959430484,539.0443423439551
437.3976525320684,480.0065598400061
702.530986930159,655.5613781795448
563.8065338640872,589.2032735949763
530.0139019122432,548.982157505878
444.08127459114854,490.25504158303363
755.5277184310702,660.8008454872072
679.4799846748333,592.5300664192899
613.9243432197584,540.7504265931383
579.8247315218983,488.41720802789376
538.6835163653345,662.82941335744
520.2622832276276,608.3685315645337
512.2306759356334,565.2565658356734
449.6579066436104,486.14662717746126
563.4933817289186,584.0322853786245
544.7038445041295,546.1362186397375
515.5925864416441,499.52975333214687
458.1901985568487,462.30440877187743
708.7800443095302,659.4860742858178
627.8540466640111,591.8551092843819
572.7192027726784,540.1123272095817
546.9059522732556,488.04879934660477
642.8187452635799,635.5952398803229
599.9880334144766,583.430191440375
566.1251270785772,540.3649567895851
457.14190669872056,485.26888066867537
762.3073484528429,675.8323162818028
699.0935473429431,616.3675025578741
661.3603080097016,533.0078390055431
611.9997376903796,467.31890610294994
638.531484013179,629.6274756818711
538.2410542088205,578.7944722324187
494.1925808116165,543.6888239453762
478.8165454897073,483.90525464576217
819.3001048406257,737.5836296294605
633.9965261620346,670.8565448832471
629.7871010364094,560.4647447352934
487.48787786924026,471.01623744744484
642.0375652712104,727.3953569615041
634.2051469157542,659.300131276975
455.7816675912958,545.669260580631
422.3969585258148,465.8472084904786
656.542117151021,635.1945187551959
622.4443186404698,583.0672259479953
570.1847305076353,536.1435445438511
529.5240133472662,475.87008772858684
855.1238526305019,664.6534110774616
807.3029294437728,596.5799138464268
693.630585231437,555.5283472252141
622.8585413415191,492.75222284960904
487.3007546155335,652.0153541790596
452.6130496607777,586.9257508365481
450.5819555706401,543.016676959928
420.47223918502647,488.21847285552167
646.3008640255122,676.5688511794101
593.678713886837,621.6054223961477
506.6119749289346,556.2517884177516
471.4044169920629,478.2315137075689
600.1848312627607,648.0511801892718
576.1073616244063,590.9414943755836
568.9894048322717,558.3275021710143
446.8909589703639,490.7271725754251
603.5039701358446,634.1853341757532
586.4351074264267,578.9227866582669
472.96665959401713,540.88088337413
418.9705038722263,485.1756405360489
551.7446645653912,661.5311986705007
520.0542634927892,590.5177396686851
464.21164970724425,537.2288450264579
448.8864072957066,487.7826370934378
532.0516958753386,626.4047090323086
522.9586521871431,576.498935236626
515.2070367424781,540.4905324871308
439.77194905873495,480.1790857029268
536.1063956409447,633.857261561607
519.9511170293137,583.468428719342
510.36802665068893,549.2579937017115
438.56577751330695,483.5983247122149
585.7394020133004,643.9242605583123
550.3632709993229,585.980555713047
517.5891078367027,551.3175758817223
448.2195600461519,488.8152085373618
590.8973822687532,637.0610641876773
567.0724655929229,583.58021969347
554.8414215204972,538.0439259653878
449.46823066679326,476.9110233255949
607.989452701624,606.4097744187338
597.5454879324826,556.6189183999232
527.9232006227113,522.2266648124745
448.8796852188461,474.6890401095056
574.83850578051,591.769735031186
571.2346514934544,552.1533431657535
550.0238995615491,507.3392911303825
468.8073440328863,465.80018256950757
734.7944791925964,650.9944778990117
547.5685472748764,587.2069169657346
541.7917029056425,547.8813899108795
410.2175269194429,489.3113197226874
601.3225399003157,668.758540764925
570.3468238354822,605.7786898864216
550.7279569202167,568.4706478535879
519.287461081475,495.6128095081859
897.7859053342904,653.9384357605843
703.6850127063283,586.1242543953672
628.7890620664117,543.5119375392012
617.50121530202,488.8379167727571
599.9067437901979,663.0558955948042
579.622843559374,606.2157667172212
530.752631532557,536.6177861322457
446.8294265717018,471.32769669473043
700.627275495785,627.1457917268675
595.4174258764446,575.9615091751546
533.6610553738483,545.2791294977098
467.97946618439687,484.03916281303873
558.3184920438251,583.1558988043148
538.9330996587646,544.8246188191607
495.65806695221414,499.80805691842477
458.4502207907911,462.99825214643124
527.0121877424567,601.8052225686251
521.0199339223939,546.6335040078438
491.99350066419214,524.1240931771594
436.9867045585649,480.58731644039244
567.4867090590797,656.4990796715018
565.9883438292702,600.7937068254499
558.1085340311523,551.5035734277665
448.4493169352268,480.6002012643362
753.1005291822447,653.4310439627745
717.7043943276791,592.7623832610326
595.5882682549858,560.47933612637
471.386956858488,492.7798516210041
680.4300830922333,630.4437197733204
555.0957230304715,578.3659973395293
533.9065683608693,544.9098773079533
472.8166178532291,484.8752364973856
798.7184937609263,667.0732071921595
648.7422563133529,595.093800626255
600.0438982352738,539.9572192555996
491.39686943231214,488.85945180462676
598.641817832653,662.0136445619936
581.2496063907054,609.729643805391
552.9567277269363,578.3728300543083
465.736931290636,493.6802288842291
777.938865544766,604.7812163054854
600.621012444145,554.9890211388102
542.186274381016,520.1910965949859
465.0502083970718,474.26377350455545
673.1033773963994,636.4188010305313
602.4516648767809,583.743307707852
588.3551751642307,536.2383719798152
520.5575255595601,475.91792298722777
807.2637375769092,664.2362933015401
660.4987789000014,614.4788797092524
614.3881041443576,575.5632541011942
458.0317942493817,490.5884155975585
552.095930595623,587.504381120931
523.1206482874868,550.1234173839323
498.4763277941449,502.27129562766663
460.91392179291466,462.680813243709
516.0381466550244,620.5596516994237
509.065278383735,569.7745401116499
491.4364620089221,538.144497137755
461.5479810490431,481.14611445839756
584.2794944143261,584.9903577764686
563.8677964470476,545.4793335127678
524.6187189122548,501.0146209420342
462.3549764618555,463.77277851673045
492.34848299947487,627.1307015945501
490.1861035177276,576.89673275344
461.0671408438447,540.4795421146015
433.9821062432427,479.9259214371232
607.7916391862393,680.4980810430553
598.5633302247654,622.6514820624012
573.0552368103438,544.1511264514317
448.385589624607,471.6886539815556
830.1292858466161,657.5488201501371
732.266908333465,606.230055785329
692.1433905657562,571.4220273387724
593.7696989780121,490.840937787088
642.842507531412,638.086230363204
579.1742076049975,585.1514442783779
544.821802333994,536.9343511560585
493.9872074384884,475.9909051077319
578.0479131695089,633.8114423315508
568.0746795694313,579.3436659700668
557.6167432768373,536.4562151547161
455.8510265242718,478.03372164256837
897.5002953992779,697.1650486376119
689.701439370833,642.003580390744
570.5760958417216,535.6691011902202
412.1720518765279,463.62056037361356
684.8335589144109,664.3219596024547
639.2340997346352,593.2311793243124
540.7862787971517,554.7192445165185
463.993622474613,489.8967903958212
535.1522375163458,610.236640020091
532.4600786561209,553.7553781676768
458.2712163936379,526.4523644194272
447.3815885391874,478.93429868571656
752.3610982988511,695.0364058622503
614.3920808456768,644.1731506861009
574.5108091644089,559.2907219012956
436.0444400351601,470.9339073586261
810.2016234377421,651.7504719644909
743.825298279839,599.0535248287492
656.114776468272,525.847326403518
605.537227430502,466.92096588022116
868.5557318269211,660.3608195077494
691.3860249854216,586.4464901523014
624.5338006506784,543.5740652081354
601.6365774605574,487.26852000286533
543.6220750365958,643.4411769339741
523.5444258059472,593.0488550409232
513.3031714656393,558.840259694849
439.8737608685761,481.2794017389296
563.2856424916996,630.7434979552094
562.4941978411848,576.4280415226726
521.5472156952866,533.4799381280143
449.70015750909374,476.98753204941823
474.5193247730624,609.0009851209013
456.7290686956979,549.0474191775162
450.0867751540775,520.3386018195131
437.6664699192188,478.45105567679235
604.5650117456447,651.7242171737419
582.2515573888973,601.724648708269
474.1508404060144,571.010994347731
470.36307484639593,484.38595194068506
529.8512444414915,662.5999151581399
514.5006938092062,592.1949492816044
485.17371169383694,540.5151682817121
468.92217672210353,478.7730989942963
705.7583074221305,659.5548634347679
685.8493858869784,606.1499399471759
633.1403617562687,527.5408084465506
520.5216649000569,466.67421902417755
534.6481660855585,589.0691681509858
518.4679246313269,539.9029554095465
487.7313165056417,499.29147585196426
476.14883685981425,463.50244428214455
703.845243639987,650.8387532532453
672.0142960922122,601.5147885426917
633.5596971505722,564.423903576358
451.3859500277666,480.5035120484328
590.8529383009242,648.1361400128892
589.4404294373809,596.8768472666228
564.4612246536981,529.8285449941037
449.47111275655215,468.1077404638544
567.7781364529212,646.0620029150514
561.8271549138334,593.3795406212006
542.6117264100411,548.9458161441598
455.4330496358303,479.2454491750916
582.0455968504493,631.4291188763185
565.8365180204325,577.8903018980103
545.0623704781453,535.3573343835056
448.4534660173425,476.9071866517459
633.7378824024624,637.2833123371009
539.8244226081974,586.4862632040695
535.1941030202516,543.1529327381146
459.2618719271435,476.0343604588389
544.8264278932212,647.1557079676583
504.4586353696602,592.3186604138439
476.1808843449634,529.6317454105923
455.654678272116,471.9195670691364
810.9142535647107,644.8718379184334
696.6767437590739,583.3746430518343
675.2113039371985,549.4988923150397
587.6273972043278,483.95987929589705
738.7630954340286,635.5296941254288
602.8102664915774,583.5536617758228
579.260948154166,553.8343915505609
508.1902462209763,482.10295212625476
642.842507531412,634.1526662735564
579.1742076049975,581.1616359538823
544.821802333994,535.3162734347031
493.9872074384884,475.4859407081898
763.6971532386463,660.3044668209061
614.438065200578,589.7496555854569
602.8261380349064,552.8355042513472
485.63359502806384,489.78989904896474
687.3039250038174,662.1931468867194
636.5563789528998,608.0639820208953
616.0569467227309,529.3124140167309
440.2990519698755,467.59592158097945
700.627275495785,628.2790251908854
595.4174258764446,573.8655223927038
533.6610553738483,544.4597097315465
467.97946618439687,480.941797734569
645.2571534489554,669.49902364065
598.0329385295252,602.849327198808
561.5930909347676,567.171248635943
486.5123406637388,491.06969518485295
627.8152886079606,643.128999438178
567.169174201136,579.5976236237232
547.6231064964916,534.2041396147898
483.55558564990014,474.9979687114633
564.6503779062034,629.4877925492814
562.221765439404,575.6278507337602
523.365393761723,533.5631470791263
449.5332418642992,476.8508929012252
618.195107495944,648.382440775808
588.2131356102992,594.1244589553909
514.4387101205367,528.0403937803194
456.5515428264905,470.27125592555353
638.531484013179,633.4119968817955
538.2410542088205,577.8015722363025
494.1925808116165,543.3800515256273
478.8165454897073,478.8083255660082
842.6916860042331,669.0892931541064
796.4037391842754,596.5669907765358
699.9965012999407,555.605968097462
618.6272937304973,490.22614743198955
489.662931386531,634.6718356750006
466.9335638682227,574.2346512287583
458.8671942678071,542.3009012849636
457.65177620109154,482.5608778676439
520.5013282168767,620.5592871009636
514.6631305360726,566.7322315132935
502.05473773429605,536.7341036834194
452.5480436601496,479.25664026502824
801.2653781072617,649.9391598532696
731.3363564023596,600.7791762640918
716.0470201082765,562.7508279444172
586.8406411222211,479.86927070785237
627.9630793633385,655.1379592541933
607.493175679875,591.0896218241666
515.7313691816903,553.8409878887604
460.5975915677214,485.2310524579844
510.1714411665308,613.1409226703375
504.062559665145,549.9196806436881
489.361788908185,530.0660840470517
450.1084735005105,485.6817416733675
741.7765600746402,656.2782512831643
710.094898827844,580.9299789720103
332.24320577171915,532.1269349097959
324.1278888269732,482.48251907597904
796.163262730047,695.5727588168952
749.6397817134945,644.1399691237239
735.212910397333,558.6182051979458
713.8649404744775,471.02673756947297
673.792897264189,616.2975917201628
599.67926577825,556.3061956097762
579.9439977673546,530.2159346435404
481.42426099656416,481.77018949288185
698.7827201066591,647.9679841206085
686.5595905806545,598.6763979949907
614.797560251236,562.6432884136145
450.8886448973554,480.3109761740077
579.5766879867067,664.7097647419278
514.568213188165,597.3868707996107
503.4052784630531,555.8329635323761
479.76497042240504,486.19574411615736
528.4408345778938,668.3554788545682
432.2186386578388,587.889218958147
422.2832313764077,535.6544642108947
418.12812245621666,485.90658260456263
486.0421852066818,636.3795653949346
465.63583505789865,572.5513423743062
463.087972029255,539.6926694437807
462.9537746466754,483.66966220685197
545.8328204491643,594.0637113817511
531.9681442041639,547.6002235711238
491.66545020688056,501.5966905802337
473.5426782384917,461.19576270658825
520.7716623631878,621.3810018462266
491.4657762841836,569.6170320659236
459.1061029507962,528.6042286406237
432.327197044576,473.5050113928829
883.4891497336907,666.0443667968615
688.3234597943687,594.8261679572361
464.7465696015242,542.782151221243
432.7524403852291,479.9331939730574
563.4933817289186,596.2353211372989
544.7038445041295,550.0337956595577
515.5925864416441,505.1769716258344
458.1901985568487,462.08788100474675
702.4096850860385,644.2766454966544
635.7295689687116,589.6965002120468
473.0274494217064,525.0202961363291
433.1207890010415,470.17341783443004
575.6112770814393,602.7785195074011
567.686595595164,557.8438757528817
497.41736818055807,511.3688689010448
468.0385960630664,462.305832333793
585.7394020133004,645.8836963593416
550.3632709993229,584.1814781271489
517.5891078367027,550.3466221431099
448.2195600461519,484.4427456836571
601.3225399003157,666.1357549760074
570.3468238354822,601.42882691905
550.7279569202167,564.4741134941928
519.287461081475,488.45691435948174
768.8995068104871,656.3575109388627
609.8527150971846,609.0214277160201
570.5677359592181,566.8437110764244
552.0152616569843,478.9574200133977
777.938865544766,611.2239907819103
600.621012444145,556.1906006180549
542.186274381016,523.6765094782756
465.0502083970718,476.2913113119257
567.7781364529212,647.1514157218493
561.8271549138334,595.0575084992877
542.6117264100411,550.3903829307449
455.4330496358303,478.65883502513685
552.095930595623,602.853136290025
523.1206482874868,553.7848190046965
498.4763277941449,505.72239994466025
460.91392179291466,458.3110030033433
582.0455968504493,631.1057390549942
565.8365180204325,578.7550569144646
545.0623704781453,536.7836010553808
448.4534660173425,474.07769992396265
890.6302904494659,650.804808675698
692.9903111390408,581.8521768303489
611.9395698712516,528.6403330888122
594.3445703388145,473.95946818501216
557.1093329501916,610.0594489608426
554.9008187929567,556.4952297611275
486.57131045858114,527.2903836489587
446.1407118983799,472.4252028132414
590.6684906664534,589.9200335483357
586.0675981142068,539.5330062456097
546.5309024521912,496.49003555982983
461.8743270428282,456.2802555610909
489.662931386531,630.1614150081194
466.9335638682227,570.6284375966119
458.8671942678071,534.434088250402
457.65177620109154,475.22157002181535
527.6626860286387,604.2065027885246
522.1136152796408,548.8253164725548
461.8948823953812,523.938798799022
457.9227390710761,472.3085667772688
531.1618701728952,659.0206875509941
512.4795727152284,598.4755221003713
461.3750527457096,556.2955099697815
439.08770624317685,482.4551564588561
830.1292858466161,651.6375648251606
732.266908333465,598.5024999411371
692.1433905657562,561.413371344155
593.7696989780121,482.85477523048525
673.1033773963994,633.4024194294351
602.4516648767809,581.1197773283486
588.3551751642307,535.6834549483566
520.5575255595601,472.9038022674196
508.89640830644754,652.5326662973248
495.4781979481173,584.487450672777
490.9775905899715,525.7092305784469
459.0731671387516,470.5955811167014
637.7903223811521,625.134000683038
577.0704512068247,572.1451029673085
482.8559793794818,536.4533534548583
433.786258147532,474.53040370274533
801.2653781072617,653.3752710113067
731.3363564023596,601.0076017289725
716.0470201082765,559.7646937816883
586.8406411222211,481.2261959497494
856.8205559786115,661.9798836141296
783.8522772905812,593.7106718747069
713.2657186728048,539.2770275555318
625.3167938440248,477.3469609116395
702.530986930159,650.2109139818127
563.8065338640872,583.819775551619
530.0139019122432,536.2411206397426
444.08127459114854,476.7990892619923
562.1902011710922,655.4054599297998
538.0679709738802,585.1539969345394
525.095211952674,516.0614400800872
471.46041520475393,465.04811355599617
687.3039250038174,666.3887545724049
636.5563789528998,614.6337985931341
616.0569467227309,532.1599065838204
440.2990519698755,466.6178459251692
539.2630035181747,643.1499990496925
538.9591736445121,579.7748186430168
494.0468783190701,535.7059353826199
453.0898359519887,475.7335826693551
652.5423789518237,640.1175554320304
598.9655803711697,587.2808506490887
579.9244365101151,555.4668060997966
466.9259554652359,481.90920223084686
883.9137013393809,654.6947992236455
670.2198203880475,586.043344111726
628.251506204233,533.4929207780632
607.0226160146337,475.8703758476021
723.4895969127055,650.5555981532523
647.1522013159661,598.8070916677143
615.9083787428791,532.079717373583
573.9080736333348,468.59176715009187
718.8566753468305,601.7968734745448
694.4020862534777,552.5504354510149
607.0455847899506,505.1228285802863
596.7817564062373,458.2676976714781
810.2016234377421,655.851414289742
743.825298279839,604.713107546656
656.114776468272,528.4799852147702
605.537227430502,465.65610890205915
543.2492470654427,624.6895576648051
513.2446557791833,575.0727892753878
494.45204633491386,518.6557693018128
454.994391472549,463.0264515849201
752.3610982988511,703.5554170467581
614.3920808456768,652.7253675650243
574.5108091644089,561.3695073491258
436.0444400351601,475.4647033672139
487.3007546155335,650.2988125271661
452.6130496607777,582.8296920718889
450.5819555706401,529.0473471330957
420.47223918502647,472.9894759247443
540.0563718886741,630.7895694852801
497.6145714241552,581.1337948819181
481.29936025598886,520.8431708994007
451.71567832169274,463.5045592362158
613.3467403349949,631.3523802290224
574.3866705839907,578.902736051523
568.2488278768235,537.3267163265638
453.97680327833547,474.510911517322
599.9067437901979,656.189567947499
579.622843559374,604.3384387141855
530.752631532557,535.1155809916032
446.8294265717018,469.4809795189084
897.7859053342904,649.3969325334103
703.6850127063283,581.5322992823161
628.7890620664117,530.8336885817477
617.50121530202,474.8371359390144
630.3045302125053,645.3017687096198
574.6217391240123,576.0073356666564
552.0230867177139,528.4338803529641
455.96466391493374,475.54867426823847
868.5557318269211,650.3904640188217
691.3860249854216,581.5287872517222
624.5338006506784,528.486381728623
601.6365774605574,473.88671386150156
564.6503779062034,628.8079657625859
562.221765439404,576.3654829723255
523.365393761723,535.0986063817699
449.5332418642992,473.64392959258475
520.9625049252976,600.2660342577686
495.55159589650657,551.0252057909803
476.2101986300317,502.8782277151564
455.947918114199,457.32813434456017
763.6971532386463,651.5089973812094
614.438065200578,585.3063492428773
602.8261380349064,540.7591685399227
485.63359502806384,479.14158005152086
623.6049869230419,644.0449010900655
590.462502049809,592.07771654689
526.0449080980346,526.1559724137165
450.2458708101062,466.77893650633973
594.8995052962509,606.3506064951573
592.1930207205863,555.7747698057875
533.5683744987524,510.5177491614731
464.9006875214415,461.25032048189865
783.9978111062393,650.3455499848097
645.949655038992,587.6413163876648
616.7397475313217,541.6017751332607
477.71158091102063,477.0744265038548
630.3282482897991,630.0309274689898
605.5789177029181,577.6872919354932
556.1921797987364,534.2249006851487
521.7514128822139,472.55673792702447
642.842507531412,634.7024054367765
579.1742076049975,582.4447702101448
544.821802333994,536.2518012768696
493.9872074384884,473.02513588814537
607.7916391862393,671.3903496989611
598.5633302247654,620.1719641154647
573.0552368103438,540.3944432649172
448.385589624607,469.6147610498304
534.6481660855585,589.8809770516548
518.4679246313269,538.6115207370827
487.7313165056417,496.94948425826317
476.14883685981425,457.0140685528845
702.9841813969207,655.7601177292787
667.6836915769329,590.0526335598778
605.5890594509863,545.9842663446988
476.88068303052614,480.8746493312613
512.9833484117243,611.7066184436709
511.1288202377232,556.8213274034873
463.6488941380858,527.7038515446723
459.6820861700347,472.71137226429175
755.5277184310702,660.7327305465241
679.4799846748333,589.1604348874739
613.9243432197584,522.5764329855142
579.8247315218983,469.5012092855711
596.2905675905635,645.0944630168957
551.6301017650296,593.1342408559931
532.3922616410109,556.242819800724
469.7482625469141,481.1838291908387
622.3418691115698,638.3747883435617
561.8216819589815,587.1339155969713
472.2113819267588,526.8024663922167
468.41237311769976,467.0557108348132
780.6987926209305,602.0519794873873
642.8986551252577,547.9841510497455
535.7046846205708,515.7682803124121
498.58275004623226,467.5074937188808
627.8152886079606,639.7773057985369
567.169174201136,574.5224069477191
547.6231064964916,515.1867939086145
483.55558564990014,464.1836653704071
808.9820195810361,654.9947635614454
737.6270040010118,602.9147917145126
718.5840110078352,560.5701526952241
587.0235374380363,481.27750884171047
563.2856424916996,629.9076334784135
562.4941978411848,577.2854734711416
521.5472156952866,535.1008331324307
449.70015750909374,473.6594706260973
601.3225399003157,661.3435924148104
570.3468238354822,597.8920169389055
550.7279569202167,552.5809356257718
519.287461081475,481.78190387321644
598.641817832653,653.5909224292667
581.2496063907054,600.7195338217575
552.9567277269363,568.0125499775338
465.736931290636,486.10464152118703
727.5555322066733,660.6177831690691
691.9425182055923,596.808028048731
621.1149307573604,550.2020904413911
488.7959546557436,493.38281012277383
727.3940799567282,712.5319590845869
687.1031573287178,653.8266605961405
658.7577673398848,537.1402141002635
592.5923008331594,450.786735553697
519.667112032019,629.1024476037375
472.6484310829827,578.2619149318366
448.2488400730608,537.6683244943556
407.65551445247735,483.35283916640054
763.6971532386463,656.304908382674
614.438065200578,592.9931203155049
602.8261380349064,545.5400608546238
485.63359502806384,492.09483948915266
558.2422870681537,654.1631357883163
517.8796160593799,604.8608523464893
496.91003110273726,559.8496024870697
438.34312406435185,474.80234968883684
630.3045302125053,646.4449823042095
574.6217391240123,581.7000887896431
552.0230867177139,525.3211970897902
455.96466391493374,488.9917852906893
528.4408345778938,658.8214030114096
432.2186386578388,591.3028990705972
422.2832313764077,517.1611914382897
418.12812245621666,488.0510731081068
851.2799498692817,671.16108400724
657.5277806932569,600.8345185785976
645.3684755142648,523.5080435655341
529.5368141913551,490.453131953835
612.656186770732,663.4841753719858
569.5468887178597,611.2572615282783
563.555621855562,522.2764435576009
528.9306849568111,455.0438126089008
523.6910141184651,617.0100867643312
515.9252531135904,570.8122852608534
474.0945959430484,539.7580124581633
437.3976525320684,476.5958356868335
515.2235243375959,649.6824858364505
484.0151816302753,593.2021605748519
475.31235348623653,558.1930388707524
448.526131533754,490.3538697532292
540.4727163589555,644.0541910323373
506.1234968597247,596.1126609414853
443.30030846637055,558.5268787805402
425.4037156178861,477.0757527879014
586.826733870532,626.7574325866199
558.5088216848934,580.2347095111314
534.5227198449309,537.6116542478507
461.4655668837807,471.2338214320516
557.1093329501916,598.2772399888681
554.9008187929567,554.0968759727356
486.57131045858114,522.6304965855373
446.1407118983799,472.7413093190679
633.7378824024624,635.935168261946
539.8244226081974,588.2963322240076
535.1941030202516,547.691183597518
459.2618719271435,474.0499916381013
641.3195689295559,687.8558412522775
575.4967663617504,633.1647820108291
502.51975971203007,533.889820356892
438.0595759547538,454.1946952897351
623.6049869230419,634.9359749818616
590.462502049809,586.6747693024846
526.0449080980346,516.2213772539313
450.2458708101062,458.66924856283447
740.6119263339035,627.7049501067299
554.1582209989137,572.347059284537
535.9343041207514,532.0586829091543
458.84806274078306,485.5062124367323
735.3215978263087,657.9882414169319
668.8005889025259,608.3441320713764
645.2771666538749,522.2310901056117
468.19235558327034,454.1629147926876
822.47233546907,644.251581414221
640.0302252460112,595.2692852502261
480.5840589229429,504.3205371232943
469.66696091199265,449.8010550905111
427.6756646341503,679.0590319757448
425.6165161082352,609.9400118948729
413.64894468625374,542.1562937193336
394.66014909392055,493.6724279374231
801.2653781072617,658.5901933048302
731.3363564023596,607.781459132186
716.0470201082765,577.7001952967793
586.8406411222211,485.23776553830396
701.4898062456023,612.3277459629194
617.4823858242494,558.6391332540469
602.4585156754242,522.2669620170726
485.5927582626337,483.4004199450937
886.0973914997287,565.9551431270029
673.5272544822762,528.124000841298
587.5385119329312,486.32696716532496
508.1075038061588,467.6936019423955
883.4891497336907,665.87679183612
688.3234597943687,603.7684462871273
464.7465696015242,539.5722943857861
432.7524403852291,490.9391346649503
606.2494056772535,664.460899843402
578.4376667409374,611.655829723818
488.96077135219394,589.3091598575943
475.26024521387785,490.6284075640838
753.174602017494,680.7498305827202
666.4484480610195,627.6045052216062
639.5619718641304,533.34180013913
590.4467392385372,454.90166635867547
696.7534509928574,628.8154754142122
617.953970435682,581.3691645392364
586.9941937714807,533.6716292092357
520.0029818847727,469.3166567635637
627.5799880739429,650.958376555172
601.4296172538308,601.9663353829054
472.377445675868,571.6756734790458
457.766359273481,484.2146063937777
680.7479835441547,633.9098443939589
567.5579647993288,584.9097348350177
531.7119378490902,558.0828143493117
447.83671443775125,483.45667734061834
830.7247157185855,669.8729174362982
757.700100136476,603.2368114245727
690.5728477532277,546.3470849806429
600.9108578215097,493.3533558917494
558.3184920438251,579.1351239506062
538.9330996587646,545.3837758274935
495.65806695221414,504.02365713449467
458.4502207907911,459.68440404830926
577.9110993685471,617.8984251973037
568.4841471810776,568.9381464482567
558.335733396071,546.4055258987906
454.5949914887845,484.08936153093583
768.8995068104871,668.8038030318326
609.8527150971846,617.4996173542829
570.5677359592181,584.7007284900074
552.0152616569843,484.54958349171676
637.7903223811521,618.1987353753011
577.0704512068247,571.7405810490562
482.8559793794818,536.9488119086857
433.786258147532,474.68081176759404
810.9142535647107,642.114465918759
696.6767437590739,586.9254209540128
675.2113039371985,550.1208244893737
587.6273972043278,488.2740476542137
618.195107495944,643.7910305520282
588.2131356102992,594.0559887989297
514.4387101205367,522.3287685184622
456.5515428264905,460.0331543450322
747.8713425682434,659.776047182266
603.1552420896735,596.3805693730385
595.564757016147,548.6176099980347
485.2427962802294,492.7106256375568
521.100260437306,624.8999703617545
483.7254116604983,570.435510233871
436.54816744024527,533.1437037117189
435.4205846674595,485.36646455217954
593.160646298201,690.335624313245
558.0347101243617,633.842933846249
539.7606634878863,588.7519001077826
444.9103924964266,482.71213147012065
588.1142801127593,646.6936022827585
563.2008353028251,594.4416614130523
547.33924104203,548.8646980466256
456.1659378459104,487.75889038165275
577.7556677706319,637.9706452518628
535.2261037388306,588.0627740698656
534.5315618764889,548.5938515963096
460.4205357285212,475.5062750518814
572.3824839989642,639.7359393447392
567.2599832537726,590.0757541166618
544.9593648872828,548.6543847737181
447.5078756284887,474.6973178075567
573.7649751736172,589.3547958339469
559.8733208533798,553.2101543603258
516.5917588149247,512.4706339538599
459.338777272405,462.890492440079
590.8529383009242,646.4800143150981
589.4404294373809,598.4499498550183
564.4612246536981,528.6484973608599
449.47111275655215,460.1799251264772
708.7800443095302,665.2532536002659
627.8540466640111,600.3454904631445
572.7192027726784,533.1521342639876
546.9059522732556,490.2416880109085
642.2036243588196,651.3302949537234
602.296448424304,601.1695135266896
483.4807214393936,519.6616815885471
440.3836981097085,456.12176976897837
702.530986930159,654.0125900430294
563.8065338640872,591.6582014651899
530.0139019122432,541.6673877634148
444.08127459114854,490.5782594929062
504.37827607283606,648.1639718786738
488.5474710611747,587.9050038749083
464.6056293585397,525.7782942149479
417.20570848878344,486.8823799005831
585.3743432379556,578.4226655018413
531.8175069306365,546.0510903123717
526.2858934549797,501.388200695867
454.6720658071067,456.69196445119996
578.7229577351712,635.5472866098763
517.3271771088082,588.3442978533179
487.00860013679886,507.52857031013605
476.2509659227542,452.80657102504455
580.214669021434,629.0585723941135
574.4152741961453,581.0556536854527
563.985055817266,546.3431652637677
457.8968754331682,482.4495037312621
821.9933564063326,659.7675459721783
729.9181171662959,608.9121309665477
702.8692286502011,578.288230151613
604.4447867751416,484.99984469078765
652.678573908941,657.0457542459521
629.7985921685502,606.1728493226625
622.2284063047605,577.0826904075622
473.93713311076897,485.8134836788562
702.530986930159,646.1112704496106
563.8065338640872,584.8664552304202
530.0139019122432,542.2697642115771
444.08127459114854,485.13359020847565
811.4085811188739,596.4959436989403
562.1979705080112,551.1252856159875
537.9662578714598,515.352247503014
512.4270076990571,466.9234512391839
574.83850578051,598.000632826496
571.2346514934544,555.3522290940568
550.0238995615491,511.4082216327987
468.8073440328863,464.54957984422333
633.4884334828556,683.4569507619925
595.4181261686513,628.7247268379334
504.0702553624982,568.9915559331645
452.4407751493582,481.6839180383302
734.7944791925964,643.9585663029562
547.5685472748764,583.9152831946982
541.7917029056425,542.1347934385849
410.2175269194429,484.5409804911567
747.8713425682434,652.4771279310065
603.1552420896735,590.419559291376
595.564757016147,549.1554213408444
485.2427962802294,487.39000875178226
537.15336537158,625.7092144351303
490.2480245716277,568.9289964890112
452.46005007544727,532.1614179338972
445.389627165038,479.81799273151074
582.0455968504493,631.5434611239531
565.8365180204325,582.6779556753071
545.0623704781453,541.0632762825383
448.4534660173425,473.5199319879608
607.7916391862393,674.3372055822196
598.5633302247654,621.0478859811184
573.0552368103438,553.8344090268474
448.385589624607,475.53399958258973
633.0855537735334,655.4841266742015
626.1386646949923,604.3642842321311
541.5995896549817,544.6213579526385
444.47380938997776,473.12313808096945
792.9176014986932,720.4251024290376
720.0630712831514,662.4614037151126
392.46014294309293,577.9321004241599
289.52337896433556,482.1413423931555
672.1381166805804,642.7874950173534
655.1758286712538,593.957165339128
435.9472710660316,522.1623149691363
421.1182565604609,463.9770628761238
560.8489159458138,600.0922381089051
546.4638452902718,558.1713608217234
505.9816322727785,512.3358713116208
467.6263442790666,464.09210448637367
683.664875887254,597.0065769719126
523.737727801765,554.8600580537149
483.8237270248905,510.638641683753
476.76037337304007,464.2277150787621
701.4898062456023,610.5300413117715
617.4823858242494,557.2171359392988
602.4585156754242,524.1783833953592
485.5927582626337,475.5604886537549
594.8995052962509,599.3143773684437
592.1930207205863,556.3756428726014
533.5683744987524,512.3797719249493
464.9006875214415,464.841700301822
543.6220750365958,657.772074111598
523.5444258059472,604.7878115837958
513.3031714656393,570.7106578393727
439.8737608685761,485.7968182875613
887.3754949123627,654.3736092925024
667.0744830979241,593.4506074806324
607.7772076526338,555.436998965454
592.425483552561,488.40414338267715
492.34848299947487,628.8676444271816
490.1861035177276,579.7958780210101
461.0671408438447,544.1593168292799
433.9821062432427,476.3292100947873
739.8655657728997,633.4173944585032
614.0837079121808,584.564485133075
544.5777363049323,541.1870146469951
519.7895359357627,473.68275318709
574.3081158369903,674.398528455481
562.4919756701654,608.3102097748359
545.268890057187,565.436878573643
468.2588059440985,493.82878246512007
598.641817832653,671.3412549351119
581.2496063907054,615.9434857403203
552.9567277269363,585.0351228999939
465.736931290636,491.46889219991465
704.6186162201132,706.8154052901501
651.4513226105233,649.2493860864514
636.8467915059942,581.8429379991563
543.4121991432592,485.36685821974334
536.1063956409447,638.0176350456579
519.9511170293137,587.2333245911364
510.36802665068893,553.1958483083004
438.56577751330695,480.2622134216411
622.3418691115698,635.2640193283124
561.8216819589815,587.1274549160321
472.2113819267588,532.2988073451951
468.41237311769976,469.2374725047396
528.3165074233303,597.6638401244021
497.3431993846251,546.5536234512942
457.7556894064108,518.417914373045
454.0423109175739,472.8225904214929
486.0421852066818,625.4796909507797
465.63583505789865,570.4745546642728
463.087972029255,533.5392196305805
462.9537746466754,479.2114579109524
604.5650117456447,672.1209105898915
582.2515573888973,616.581585378042
474.1508404060144,585.7371244211985
470.36307484639593,491.973875357743
540.4727163589555,653.5858105623499
506.1234968597247,602.1630517207934
443.30030846637055,560.9635626112221
425.4037156178861,481.4624201595502
568.7176027949133,598.8552555144375
549.059168386686,556.8150734386581
509.63069908218574,511.9216202928512
462.3016362354688,464.24948033472623
504.3539332100116,594.7151113819993
498.2365942629005,546.0699757824614
460.5035078816221,519.5419928550552
453.10520090102193,471.52879586179375
527.0121877424567,594.657940611121
521.0199339223939,546.1098754939678
491.99350066419214,519.8221475659468
436.9867045585649,471.5459095325234
597.6288824623451,642.2176529381438
578.7374391778417,583.2655005888817
566.7147893330357,535.4376062462338
448.7439600642569,484.49898463716505
612.656186770732,665.543355302683
569.5468887178597,613.3192266200953
563.555621855562,541.2464498410566
528.9306849568111,470.69437492992483
519.36725424446,649.2840099449938
483.3465472703318,587.3009964711873
472.24069896353166,541.7187373662349
457.19397108914393,485.90090450564173
581.5200878205168,687.6467028434511
547.0741931027135,632.049329760966
545.1947702736596,574.0219349822984
462.64375263671224,483.5097175607574
529.9384469988903,639.1595838621861
526.1780121526813,591.4117416799443
463.9538871989624,537.8302626569078
451.7062290751185,471.3682473417462
528.8204891980407,597.3118797470266
510.3625384901165,553.8451042362659
494.3328986406138,511.1817572227566
463.91949640449496,464.3087625780829
831.5215709029452,653.5042619864981
702.8279199121653,601.1393994452011
627.3304389588875,562.9702458834748
620.4448021319861,483.91213827536114
573.7649751736172,598.6088993241472
559.8733208533798,555.726915360991
516.5917588149247,512.0025487819682
459.338777272405,464.81793488061027
578.7229577351712,638.8739648707215
517.3271771088082,590.5501646391507
487.00860013679886,524.0721417508421
476.2509659227542,465.078190917282
575.0041270578758,601.1119963428125
563.3507622177636,559.2704102936303
516.0369192880318,512.7435703205434
458.9244135246659,464.02390850285275
593.160646298201,699.6476704689742
558.0347101243617,642.0324728730775
539.7606634878863,595.8021583944297
444.9103924964266,492.1467498795768
798.7184937609263,652.9973008940206
648.7422563133529,585.778264965756
600.0438982352738,527.942247709163
491.39686943231214,485.87762571002355
497.6407139430207,592.5234456838715
497.45831709318554,543.340607441163
491.98994120588014,504.5164751735073
440.4613935179751,468.7379498652378
572.3824839989642,648.1449162657531
567.2599832537726,597.1202679148025
544.9593648872828,555.857416768208
447.5078756284887,478.7144173198465
516.0381466550244,621.6451553863017
509.065278383735,572.2522548299314
491.4364620089221,539.669676484106
461.5479810490431,476.3156000309491
744.441471555693,652.1550403946542
615.8720804215559,592.2423604117978
607.6991433081654,552.6013780533549
480.3563608398537,487.2229748810099
588.976472965822,615.5229083725612
517.7786248379507,557.955469919829
515.2330212052162,508.65580014024425
445.31166333695944,475.74050624343585
627.8152886079606,632.1093655033495
567.169174201136,573.8207997422545
547.6231064964916,524.5472291082301
483.55558564990014,481.46460017139754
545.8328204491643,585.9150185755005
531.9681442041639,545.7427948731587
491.66545020688056,499.2912397892884
473.5426782384917,459.4827455561292
886.0973914997287,565.6474703140415
673.5272544822762,521.0807230261901
587.5385119329312,479.42475892148985
508.1075038061588,460.8365429318585
577.4424206616455,601.945915426873
560.8128116474442,559.9913684463942
516.3654195668769,513.2445710679829
459.4562916962709,464.14237894507636
630.3282482897991,630.0257612923701
605.5789177029181,581.3960665205364
556.1921797987364,538.9720221298703
521.7514128822139,473.22006947932806
575.0041270578758,601.3947832152085
563.3507622177636,567.6296142116073
516.0369192880318,514.5258466374362
458.9244135246659,465.79573951579783
531.1618701728952,675.2307284487558
512.4795727152284,606.8690609277191
461.3750527457096,569.3397772669138
439.08770624317685,490.30201392618346
536.1063956409447,627.7847525644331
519.9511170293137,580.9141895002027
510.36802665068893,549.8388383020774
438.56577751330695,482.1436819313545
627.8152886079606,662.5753659242563
567.169174201136,593.0096319039507
547.6231064964916,534.3521899492503
483.55558564990014,479.9383337945937
564.6503779062034,611.1615943003804
562.221765439404,569.3348880016526
523.365393761723,531.4730030424766
449.5332418642992,475.15291085318995
601.3225399003157,675.7849915764397
570.3468238354822,603.7185518904331
550.7279569202167,564.4486048000597
519.287461081475,490.3632982541154
886.9439863131249,646.0330457514558
642.6408561991865,583.0565879930841
628.2031712590773,556.5874037798694
463.27141934123927,490.3960372964864
543.2492470654427,618.5235748445768
513.2446557791833,578.5712222591455
494.45204633491386,519.6848704747149
454.994391472549,466.10296463149035
598.641817832653,664.5991922899981
581.2496063907054,608.0942070920405
552.9567277269363,578.332864086267
465.736931290636,489.59000000991074
718.8768641364126,644.3671597611309
663.635620780502,578.7793380779055
582.0955673810182,546.3585104842173
464.11249093948686,487.97884992161323
574.5465252401535,570.732396130862
546.786302923824,540.0646468973353
506.62031199489616,536.9480664861006
452.6627833180645,484.3928976112107
590.6684906664534,569.7564072126452
586.0675981142068,542.7662237487943
546.5309024521912,497.5909352122587
461.8743270428282,464.02199589611314
641.3195689295559,701.7125522355354
575.4967663617504,636.1743689229778
502.51975971203007,534.2444486137821
438.0595759547538,460.91406906152724
627.9630793633385,659.8093625600999
607.493175679875,592.8075735511164
515.7313691816903,552.7935067707837
460.5975915677214,486.94105746707714
893.5361726985616,672.0427937896202
830.246972179423,598.6441732095559
736.5681012530437,550.3982798021381
732.6659703498235,486.1673347128705
652.5423789518237,638.8886148489652
598.9655803711697,589.3671943221444
579.9244365101151,561.0500881832271
466.9259554652359,485.3303429717668
690.5706497394297,579.518436190151
523.0915200206745,553.0439643358175
514.9557170623666,498.85979157426425
439.6166473876625,460.9792902503339
851.2799498692817,675.8954767740737
657.5277806932569,590.0614349995126
645.3684755142648,528.1907037013883
529.5368141913551,482.9270094691379
740.6119263339035,621.0413498518895
554.1582209989137,564.8000479500572
535.9343041207514,534.1124354946428
458.84806274078306,483.83623322830454
763.6971532386463,651.1381008417062
614.438065200578,582.2828928994904
602.8261380349064,546.3997031854618
485.63359502806384,487.925030622622
855.1238526305019,663.1244418165785
807.3029294437728,589.9215918099142
693.630585231437,548.6263356805642
622.8585413415191,487.9649471088731
673.1743843670963,731.8163154117619
601.9279607274094,657.4160623236568
498.2262426219892,537.0687607059627
375.85753466179426,457.6987526225408
581.5200878205168,689.8571174791953
547.0741931027135,627.589784892481
545.1947702736596,558.2684411021537
462.64375263671224,474.54664206524245
615.4855524048013,681.4753040835293
588.1246044796945,622.0674390468827
498.8689134589234,552.9578987121209
458.5371911970298,473.0708953732201
579.5766879867067,673.2600866983933
514.568213188165,599.6034220169156
503.4052784630531,553.5575678882215
479.76497042240504,487.32394972809556
801.2653781072617,668.0058764008235
731.3363564023596,611.3013551393802
716.0470201082765,570.9138466863197
586.8406411222211,485.1293453008777
504.37827607283606,659.7098781797196
488.5474710611747,585.4695986569171
464.6056293585397,528.3763323044041
417.20570848878344,480.9109459255192
673.792897264189,587.7271171799653
599.67926577825,546.1336730508123
579.9439977673546,525.5268974060425
481.42426099656416,480.96171946781953
780.6987926209305,575.9802397700531
642.8986551252577,542.3740718927563
535.7046846205708,513.68148188214
498.58275004623226,473.7292305631356
532.0516958753386,616.9784618463042
522.9586521871431,573.2608683583535
515.2070367424781,541.0413512032617
439.77194905873495,479.4742887344847
667.7945674230559,692.1605502963256
639.4837868158477,628.7236023435461
586.0924764432956,529.3721691928648
439.68367672864383,460.41094647360023
562.1902011710922,682.7035093211275
538.0679709738802,601.4679631769322
525.095211952674,534.9622847416176
471.46041520475393,481.3227639522886
679.852888414925,604.8870558933708
606.0578820118811,550.870325666429
579.9853391014994,526.1870329326342
480.8642400701781,483.93206514903164
887.3754949123627,656.6420244329101
667.0744830979241,588.8965052502318
607.7772076526338,554.5312098614232
592.425483552561,489.1643223735592
529.8512444414915,685.7043204174471
514.5006938092062,604.0056113309047
485.17371169383694,537.6978203209048
468.92217672210353,481.9159864431987
727.5555322066733,656.9484845406175
691.9425182055923,586.6211190428166
621.1149307573604,550.2956455847191
488.7959546557436,488.81079281612085
796.163262730047,731.1847718105424
749.6397817134945,657.5522541348518
735.212910397333,562.634811545334
713.8649404744775,469.9039339206182
655.3756203496673,650.5873425799703
622.5483330307354,586.2383135257068
545.5066529648574,555.9030506560598
483.32506375321367,489.51245273643394
510.8983046511708,664.8881628737465
474.4800886757949,590.8819284457111
451.58803496673806,540.9386973264476
431.522039623743,484.57227299912347
680.7479835441547,633.9217928993271
567.5579647993288,584.5899515684482
531.7119378490902,554.7538558048349
447.83671443775125,484.16777579041076
578.1348301689227,700.5163959171355
557.3629908126866,636.8275576037839
547.806739631287,578.8796718258925
481.1148231652136,482.109736761771
520.7716623631878,608.7707374937473
491.4657762841836,568.3552362249206
459.1061029507962,528.4516317605221
432.327197044576,473.9438772858766
528.8204891980407,587.9320266956208
510.3625384901165,554.0679839935651
494.3328986406138,511.8090328560258
463.91949640449496,468.94988041481315
510.1714411665308,572.4646599326294
504.062559665145,533.0313990837807
489.361788908185,522.5503496914239
450.1084735005105,483.23474159369357
588.1142801127593,673.0753107477892
563.2008353028251,603.3964096721037
547.33924104203,545.8523486931003
456.1659378459104,481.83120636801857
667.2196459071486,619.6102774565842
612.0925607041158,559.2428255312205
601.0785238321068,526.6243973714551
528.319509214999,483.5723476734527
738.7630954340286,633.1337601338698
602.8102664915774,584.7372106205478
579.260948154166,557.7959510843813
508.1902462209763,485.1111262913104
673.1033773963994,621.5709074183469
602.4516648767809,577.176258461936
588.3551751642307,534.0464828660382
520.5575255595601,474.63691113191516
696.4799391387647,604.3836663616244
627.4561392058225,565.4019131771315
499.458432651188,513.6259413296776
454.8502215169645,467.1009251281819
543.8669080185891,624.2960560713784
524.4265770276072,581.5262980596474
521.6821745730539,520.7294310631062
455.0579206600038,466.301389038799
508.89640830644754,666.8937304846992
495.4781979481173,592.1314209168754
490.9775905899715,538.350361061591
459.0731671387516,483.378603028236
528.3165074233303,575.5534118347325
497.3431993846251,533.0362059236107
457.7556894064108,520.9284756790837
454.0423109175739,483.50860195362543
581.548441366726,630.5814096531288
568.3209840377929,583.8247840324963
549.5177472598442,546.6554697341554
451.25634764967714,479.0480480168158
645.2571534489554,674.5233761774781
598.0329385295252,601.6567904710274
561.5930909347676,565.7028586167992
486.5123406637388,491.80082497787464
544.6520790404546,672.3980706250471
541.3569862876044,600.2409912893186
470.0012086866222,545.921683771333
421.44105516161386,496.1892547064617
581.0444280615988,660.8134199002058
573.2772425885129,606.2651623496458
573.2354095794708,561.7001746039097
451.3089575089877,478.43026183619656
534.6481660855585,573.1907321224712
518.4679246313269,535.0187474468125
487.7313165056417,489.20596812589696
476.14883685981425,454.92929737310135
887.3754949123627,668.6801462204348
667.0744830979241,599.3112050182033
607.7772076526338,559.9455963166831
592.425483552561,490.50106262448116
683.4840680000094,572.5293754077015
588.9179303042077,540.3848000982588
520.3435647859537,491.85642185871257
409.14876372677094,453.59123353971415
607.7916391862393,687.3216059059582
598.5633302247654,628.8991430814372
573.0552368103438,556.1845005447201
448.385589624607,477.63893304021303
633.0855537735334,666.542557008478
626.1386646949923,610.5990393244336
541.5995896549817,544.9761365170139
444.47380938997776,473.5494402962381
569.3827592760473,672.490408168152
528.8292663406135,600.764058762328
464.0409262466788,553.3272583089234
446.0146275626546,492.11562178383826
606.2494056772535,651.8223919292126
578.4376667409374,601.8570464102378
488.96077135219394,580.8223945857335
475.26024521387785,486.3612403479086
705.7583074221305,681.1455187034569
685.8493858869784,622.5384763574236
633.1403617562687,543.5616104409544
520.5216649000569,473.37354623894913
683.664875887254,585.346433281813
523.737727801765,548.7270222081128
483.8237270248905,506.5416603533083
476.76037337304007,460.32140722678
627.9630793633385,660.9687550715021
607.493175679875,595.7786301667127
515.7313691816903,556.8426407136366
460.5975915677214,489.3405538869089
673.792897264189,611.1889024539408
599.67926577825,556.3081506668283
579.9439977673546,520.4948762843165
481.42426099656416,469.81522946705115
871.8903709476441,649.5247466462131
808.6992940453625,600.1946198933365
789.1294533825247,572.568071886933
625.6326029029589,483.9188890673622
540.0563718886741,626.9676251283499
497.6145714241552,581.7250901038617
481.29936025598886,524.8826321973554
451.71567832169274,465.64964386404955
504.3539332100116,605.3390763695783
498.2365942629005,549.2224380346394
460.5035078816221,515.2747571565715
453.10520090102193,467.4153859229882
630.3282482897991,631.142650173502
605.5789177029181,580.290873416495
556.1921797987364,534.6781459178678
521.7514128822139,469.69377822792546
808.9820195810361,650.2416076260785
737.6270040010118,601.3365470450366
718.5840110078352,572.9377546623291
587.0235374380363,483.96214073191607
573.7649751736172,590.0176771233317
559.8733208533798,551.093876242151
516.5917588149247,508.09074956830034
459.338777272405,461.1007673396402
618.8671914088792,675.4813401224906
564.1363784954237,602.0518343008956
476.1755096212767,552.4787895643415
451.7991712883813,492.47879825512183
574.3081158369903,697.0233592884829
562.4919756701654,619.1451037733018
545.268890057187,574.1885952681408
468.2588059440985,499.035272622871
604.5650117456447,649.5899953102693
582.2515573888973,599.3981214835638
474.1508404060144,578.6888903392091
470.36307484639593,485.8851580845968
695.983310594185,661.3562776604647
651.6939612965455,608.6608931787729
631.165102778726,572.5373893523538
593.8126480565809,482.3065400705856
536.1063956409447,627.8626125895245
519.9511170293137,578.5374318989541
510.36802665068893,547.4140668179954
438.56577751330695,475.21617285881126
590.6684906664534,571.8088251567906
586.0675981142068,535.1563046674348
546.5309024521912,488.84872461640236
461.8743270428282,454.1148306616298
584.2794944143261,583.0982432374999
563.8677964470476,544.9068277836014
524.6187189122548,500.31986013383295
462.3549764618555,458.13662684572097
602.6943258880774,644.8260809746404
572.8205117183716,590.0322191104547
555.0587327575885,537.372324439363
454.3658736081916,470.21385542169463
543.2492470654427,617.6620868342711
513.2446557791833,574.3292782475951
494.45204633491386,521.041549591356
454.994391472549,464.33114867040473
703.845243639987,649.2588274545981
672.0142960922122,599.9755403881915
633.5596971505722,573.3508527475911
451.3859500277666,484.57011394050545
880.4209657324252,662.6511510163771
723.639895856916,597.3455795869406
722.9494731819235,561.4060363270913
632.392256729312,489.61608476213064
489.662931386531,633.850405764407
466.9335638682227,575.7235680242023
458.8671942678071,539.478219215141
457.65177620109154,479.01576144874696
575.0041270578758,588.0821594606119
563.3507622177636,552.5273262471275
516.0369192880318,508.44141991901233
458.9244135246659,460.0761587418894
752.3610982988511,724.4603146744132
614.3920808456768,662.4505683576367
574.5108091644089,589.1708251741375
436.0444400351601,489.45752693088787
543.8669080185891,631.8446586918205
524.4265770276072,583.9877370792316
521.6821745730539,525.7282302619456
455.0579206600038,466.18369459512246
520.5013282168767,614.823913853143
514.6631305360726,565.4513100114424
502.05473773429605,532.1348552379644
452.5480436601496,469.87946401869755
810.2016234377421,668.8994135300427
743.825298279839,612.7871754104189
656.114776468272,538.8711575810504
605.537227430502,471.4235891747075
645.2571534489554,681.4026476253299
598.0329385295252,610.4216922792498
561.5930909347676,572.9697882283874
486.5123406637388,495.2303590192493
883.4891497336907,676.4094408193095
688.3234597943687,603.2029838163153
464.7465696015242,548.8993279861502
432.7524403852291,497.28191725597253
586.826733870532,632.5339423848068
558.5088216848934,582.7475824801555
534.5227198449309,538.9101019869555
461.4655668837807,471.02979912501644
597.6288824623451,646.032021434637
578.7374391778417,586.4827089752566
566.7147893330357,545.2231735533825
448.7439600642569,489.78870372599505
561.3094979686601,647.341539076511
519.1385951960168,599.5562521867469
453.84358433230335,560.4975945619672
444.42767951170913,478.534824508789
528.4408345778938,690.1005993212939
432.2186386578388,604.8076633890621
422.2832313764077,537.1506270235477
418.12812245621666,494.0263778801479
696.7534509928574,638.4170991209418
617.953970435682,586.5822615503291
586.9941937714807,537.9625968432498
520.0029818847727,470.7694111156834
546.5412607481817,671.7435753865285
527.7291200234451,599.2728196978188
490.5235888006426,544.1596507028479
461.93768459841544,495.7857812898207
768.8995068104871,656.9660810621331
609.8527150971846,608.5183688301818
570.5677359592181,579.3764485236318
552.0152616569843,485.40893659274195
543.4020887360975,620.7610829052583
537.7181402118088,559.700037260633
516.530324335695,513.065009288764
461.3252547412272,473.1575883454621
734.7944791925964,663.884117309312
547.5685472748764,594.0602268743067
541.7917029056425,548.9273153303104
410.2175269194429,488.2631091422331
519.36725424446,672.3859495666047
483.3465472703318,599.9572943488419
472.24069896353166,551.4798085378505
457.19397108914393,491.6854174645548
580.214669021434,625.3090790604377
574.4152741961453,574.5890657836992
563.985055817266,541.1635329676687
457.8968754331682,479.2246037069594
677.5111501863419,637.6583641393107
572.2867929089758,588.4044803091494
553.126563660848,549.640548912167
461.33128038202415,474.8420570404616
561.3788649431702,583.9219431442398
541.2751165108117,544.504446309736
474.0762947000208,501.3205313980183
470.9380710949574,459.01101888060106
617.4932649416379,679.5677748609081
568.9349099759,621.1831297730295
457.9061712796709,541.5566786061078
444.5679197466184,472.66484880692377
539.2630035181747,655.1112140149869
538.9591736445121,589.2500517463252
494.0468783190701,547.3395811593706
453.0898359519887,486.06161952989254
558.5021808890314,596.3178493796893
534.152745696776,554.2229344813454
474.11215856882217,504.74774129466755
465.01940426241794,459.43746146305216
588.1142801127593,675.3611278048209
563.2008353028251,602.6862614846609
547.33924104203,542.0460438724447
456.1659378459104,476.10826700734737
798.7184937609263,681.9854369669627
648.7422563133529,597.8364726161261
600.0438982352738,526.2839314637017
491.39686943231214,476.2130072185371
540.0563718886741,623.2395150413585
497.6145714241552,578.7073016469192
481.29936025598886,521.4239402588113
451.71567832169274,463.5447955555878
545.8328204491643,598.2417686965864
531.9681442041639,550.8005292702727
491.66545020688056,501.52231535896135
473.5426782384917,458.90543634580905
529.8512444414915,685.7687851701544
514.5006938092062,603.7146934419449
485.17371169383694,531.3654406885423
468.92217672210353,475.1189625874113
544.6520790404546,685.4234643232851
541.3569862876044,603.3793859076677
470.0012086866222,530.9357218966994
421.44105516161386,475.0711457111106
735.3215978263087,643.9836341651514
668.8005889025259,601.5626509934674
645.2771666538749,524.1093978250841
468.19235558327034,461.7516470412507
563.2856424916996,615.5427355868245
562.4941978411848,569.1042948147702
521.5472156952866,533.4549522238456
449.70015750909374,472.44839106178074
581.8584323561282,599.0679245221432
511.72573295896575,541.319918101674
473.1242150542286,524.4970818040805
458.3567816809858,476.4385540888992
558.2422870681537,650.3330420133327
517.8796160593799,604.0598275289849
496.91003110273726,558.6559720859354
438.34312406435185,476.9904985240354
618.8671914088792,666.5362103197941
564.1363784954237,593.2858501153504
476.1755096212767,541.2665428702077
451.7991712883813,480.0859796941135
642.842507531412,623.5848033454026
579.1742076049975,576.8942967317649
544.821802333994,536.769413796948
493.9872074384884,472.4088942262633
819.3001048406257,693.4858819292994
633.9965261620346,652.1557657004297
629.7871010364094,547.916286932537
487.48787786924026,464.87496312771805
499.29478078663095,678.0652818341076
447.1465610625411,593.7420453609033
446.56582682499766,523.7883112792214
418.1407471581099,476.5816148668154
830.1292858466161,657.8793762713408
732.266908333465,606.5207907521783
692.1433905657562,575.7976380463073
593.7696989780121,485.55978051699486
578.7229577351712,624.6626904432029
517.3271771088082,581.4046553136827
487.00860013679886,511.66520290050954
476.2509659227542,459.8417964070774
560.8489159458138,610.7494583052816
546.4638452902718,563.4229987471206
505.9816322727785,514.1148589412891
467.6263442790666,462.25381446903407
783.9978111062393,662.1542627052995
645.949655038992,595.3603407352532
616.7397475313217,552.135089824635
477.71158091102063,482.05175780761886
837.6158926764983,636.344592935265
763.2970831799763,592.8143750268251
644.8177243541897,522.1061915300203
550.1180683783448,462.94292414386155
676.8394403543999,660.2426224218966
629.3607458874646,610.0280633442069
614.3525646559199,576.2762194757305
481.6278212224103,484.7735765341506
520.9625049252976,602.8418719309948
495.55159589650657,555.5225061647062
476.2101986300317,505.5711870786698
455.947918114199,459.7721674649522
487.3007546155335,661.270754493922
452.6130496607777,587.6181127940011
450.5819555706401,535.2186814447905
420.47223918502647,478.37640606355126
543.8669080185891,621.7443639871578
524.4265770276072,576.944906249416
521.6821745730539,521.3172482912269
455.0579206600038,464.2668576192034
738.7630954340286,636.6772637863764
602.8102664915774,585.9602881925304
579.260948154166,561.3991956898659
508.1902462209763,482.57412711808246
536.1063956409447,632.3910944485848
519.9511170293137,581.6382526665323
510.36802665068893,552.7018363338077
438.56577751330695,479.3148295737041
581.548441366726,629.1028876785304
568.3209840377929,583.0115708424449
549.5177472598442,550.1572744790168
451.25634764967714,477.41698580738483
569.3827592760473,666.5742806392896
528.8292663406135,594.1429430594502
464.0409262466788,543.3257903545714
446.0146275626546,480.45340692338453
638.531484013179,642.0202170333015
538.2410542088205,583.3042793598885
494.1925808116165,546.1198147350865
478.8165454897073,478.0687050461319
628.3419593131739,619.1945420910208
586.2749066373407,575.1857253889826
543.221784849254,513.103422838053
446.7457013652693,461.51559405441765
552.095930595623,606.0619618233832
523.1206482874868,558.9348298474603
498.4763277941449,509.3593954413899
460.91392179291466,460.8260228614679
807.2637375769092,666.2489330383861
660.4987789000014,616.5249693242197
614.3881041443576,580.8913062083246
458.0317942493817,485.4030758324239
868.5557318269211,656.6844533571901
691.3860249854216,582.2632361601541
624.5338006506784,531.5163621825004
601.6365774605574,478.4482950843015
633.7378824024624,634.3427861857468
539.8244226081974,587.0908876055621
535.1941030202516,548.4406890397189
459.2618719271435,475.6406957974163
534.6481660855585,590.7754254801621
518.4679246313269,540.7964679162757
487.7313165056417,496.83482392813244
476.14883685981425,459.42656746235707
607.989452701624,601.86580565955
597.5454879324826,551.7376029584605
527.9232006227113,524.1131795112735
448.8796852188461,471.5446306260437
528.8204891980407,602.394241420051
510.3625384901165,553.557827897525
494.3328986406138,512.0108854639149
463.91949640449496,464.5305369867745
651.9904231605137,619.8193366506708
626.0263938267012,576.3446189586958
485.383247950352,510.1630229063153
465.4658220536958,459.73456851255247
856.8205559786115,670.9537385672165
783.8522772905812,597.1143128646379
713.2657186728048,546.0399844246288
625.3167938440248,482.23069781351717
816.8647005799231,665.3215960611809
642.6166556645695,595.4896855854993
581.5734571327612,548.5111529649498
577.9376358918604,481.54812544139503
577.9110993685471,621.8684356728171
568.4841471810776,567.7828591394194
558.335733396071,548.3111925556084
454.5949914887845,480.9975572121967
646.3008640255122,658.3037520452066
593.678713886837,613.7790247132776
506.6119749289346,554.7213742951441
471.4044169920629,473.68214420842787
672.1381166805804,627.1806607194574
655.1758286712538,584.3308231784466
435.9472710660316,507.6603822560275
421.1182565604609,457.6766398508211
575.5486722407551,655.0048683302817
563.2357159535104,578.9974400367453
552.1882003404754,522.6623557605128
480.8285145314334,474.93430479667813
696.7534509928574,624.533286835833
617.953970435682,577.9063077772427
586.9941937714807,536.328994303267
520.0029818847727,471.9746297815964
645.2571534489554,671.3282144817337
598.0329385295252,603.9275888189024
561.5930909347676,566.2549409474691
486.5123406637388,488.0299433445414
708.7800443095302,677.8335174703884
627.8540466640111,596.8980537680998
572.7192027726784,529.5764146326419
546.9059522732556,476.3650336652015
664.6014143673349,671.2780720421135
619.3985689213596,597.0745717608276
518.9311182718285,546.0631855886085
476.479471533738,482.51248097975844
679.852888414925,622.2278011157649
606.0578820118811,556.2184823389543
579.9853391014994,525.5312345019662
480.8642400701781,477.57198706812585
564.6503779062034,615.3491780287452
562.221765439404,568.9244996938774
523.365393761723,533.997182450153
449.5332418642992,472.60894142256893
519.667112032019,646.2727339473784
472.6484310829827,581.1424843713411
448.2488400730608,535.7667119082668
407.65551445247735,475.6624705300757
579.4580149243694,608.0159188649341
570.3064167873396,559.2647008711438
509.617360517563,514.3358409665133
474.26983647895366,463.93312602773204
637.7903223811521,619.2507091310315
577.0704512068247,570.1664108630877
482.8559793794818,539.4983272813153
433.786258147532,475.1195003959227
880.4209657324252,660.1264190092469
723.639895856916,594.8454582518015
722.9494731819235,558.059820010582
632.392256729312,484.6814447257343
821.9933564063326,660.7576070251038
729.9181171662959,610.6535947626719
702.8692286502011,574.9046770023594
604.4447867751416,483.91687149591854
868.5557318269211,649.5028347308274
691.3860249854216,582.8106173286324
624.5338006506784,526.5525735991167
601.6365774605574,474.7866360023486
581.5200878205168,677.9174344291006
547.0741931027135,624.5685008920424
545.1947702736596,568.1252904623084
462.64375263671224,481.4393102175365
702.4096850860385,629.7614965125529
635.7295689687116,585.8080129965779
473.0274494217064,523.2226514480731
433.1207890010415,466.3034349409397
567.4867090590797,636.7624930459489
565.9883438292702,589.3754620617144
558.1085340311523,547.3530598239295
448.4493169352268,476.20648887991194
698.7827201066591,659.376888153094
686.5595905806545,606.2117374462872
614.797560251236,575.3843607834659
450.8886448973554,488.09681184155033
613.3467403349949,612.7416868112873
574.3866705839907,569.786551607584
568.2488278768235,529.4399140882675
453.97680327833547,470.6471129509231
564.6503779062034,610.0943566209401
562.221765439404,567.7185746619265
523.365393761723,527.1340707031877
449.5332418642992,469.98071334905046
640.4729645162131,649.436064851869
588.9786047760023,602.7997566907203
488.90101114773086,529.597773250798
445.0100773578821,467.18472345051646
846.2989795017129,594.0087372050887
519.3340435775315,560.42431113353
476.0801284568726,508.38456797812273
472.4757093430973,464.4366272519046
529.8512444414915,684.2272560605478
514.5006938092062,610.8681265991908
485.17371169383694,541.7323702621853
468.92217672210353,481.5114147950714
808.9820195810361,664.1373199373559
737.6270040010118,610.7199151394815
718.5840110078352,577.7440613709216
587.0235374380363,488.4361778889458
815.4286371353267,641.1382342517185
656.9049422633925,578.4306829837541
605.3092397437212,528.070450825351
580.3870997222236,474.99002061227554
822.47233546907,639.1765678054975
640.0302252460112,595.3227618726099
480.5840589229429,516.1504865913527
469.66696091199265,462.2245648780047
487.3007546155335,655.4403143305594
452.6130496607777,589.08897155687
450.5819555706401,533.4721937927034
420.47223918502647,477.20844702631604
633.7378824024624,633.319885446227
539.8244226081974,587.0877118281927
535.1941030202516,547.1450893078074
459.2618719271435,477.0593026821345
652.678573908941,660.1862261714948
629.7985921685502,606.7663289451217
622.2284063047605,575.0897059006463
473.93713311076897,487.9294478519369
521.0028349635531,684.5155612382754
492.8694151072838,610.8291061543508
485.92581181990687,541.1561388600941
477.4816921343061,481.2456613207765
474.5193247730624,584.1886879987421
456.7290686956979,540.7954119954992
450.0867751540775,503.0363089193185
437.6664699192188,465.4080072714145
628.3419593131739,622.3600396576562
586.2749066373407,580.9339555641737
543.221784849254,515.9266963263464
446.7457013652693,463.85939996096613
679.852888414925,607.2228049504636
606.0578820118811,552.4868474930789
579.9853391014994,511.5002303541162
480.8642400701781,469.10151967656043
627.5799880739429,659.1153227211879
601.4296172538308,606.0406406715588
472.377445675868,571.388222558542
457.766359273481,487.0639147280143
596.2905675905635,642.0968647047923
551.6301017650296,592.9349324586126
532.3922616410109,562.3723059204677
469.7482625469141,482.8638679223558
489.662931386531,625.6138429339089
466.9335638682227,572.2608969698881
458.8671942678071,534.4802146873604
457.65177620109154,476.2769194599467
504.37827607283606,659.657754992948
488.5474710611747,591.4195855214236
464.6056293585397,526.2547085796186
417.20570848878344,475.5820415234492
755.5277184310702,675.4083917112364
679.4799846748333,601.8038159239383
613.9243432197584,533.5311415160716
579.8247315218983,478.0402599757184
574.83850578051,601.0331359993241
571.2346514934544,563.6557227962926
550.0238995615491,516.4210493350905
468.8073440328863,467.76127423364346
683.4840680000094,590.4130173748571
588.9179303042077,558.7719163271998
520.3435647859537,505.0195957970858
409.14876372677094,463.0602392938215
563.2856424916996,610.5817712010447
562.4941978411848,567.9814188583456
521.5472156952866,526.504854316322
449.70015750909374,469.6561398615157
520.7716623631878,609.7872132334677
491.4657762841836,568.0133359440433
459.1061029507962,526.5192034269722
432.327197044576,470.57082359006023
544.6520790404546,683.9077421126899
541.3569862876044,610.4796525703338
470.0012086866222,541.0001638961579
421.44105516161386,481.1984558509255
763.6971532386463,648.052022273568
614.438065200578,583.5199248212549
602.8261380349064,537.7581821123821
485.63359502806384,478.0807431947799
673.792897264189,592.3427212598772
599.67926577825,546.8041991814448
579.9439977673546,513.8631496679135
481.42426099656416,469.0702006801144
508.89640830644754,665.1018145835897
495.4781979481173,596.6669005934389
490.9775905899715,536.6945233563362
459.0731671387516,478.7178852870609
819.7561852527456,645.4604882971387
744.2625911368712,599.7668109333232
647.8911553488601,528.8722498497294
552.4887088495086,467.260528278095
740.6119263339035,622.2227472972107
554.1582209989137,566.4012936114959
535.9343041207514,524.7648944769708
458.84806274078306,473.5060462173353
837.6158926764983,646.137160471996
763.2970831799763,600.063353010574
644.8177243541897,528.5363297991955
550.1180683783448,467.1012712163374
560.8489159458138,604.8813940972888
546.4638452902718,568.3651706850095
505.9816322727785,519.4418802468232
467.6263442790666,468.3677563103284
633.4884334828556,676.1739581863205
595.4181261686513,623.7643146950314
504.0702553624982,564.7364872358125
452.4407751493582,480.23007080238517
708.7800443095302,675.0163282559533
627.8540466640111,601.7957102410502
572.7192027726784,533.590822567108
546.9059522732556,478.04908662976436
753.1005291822447,647.3231514665249
717.7043943276791,587.1020721878742
595.5882682549858,551.4664667495803
471.386956858488,482.32253556578837
734.7944791925964,647.7511187038252
547.5685472748764,584.7237060041377
541.7917029056425,537.0419701530021
410.2175269194429,477.9026643557285
701.4898062456023,600.3831710566257
617.4823858242494,549.1125065461579
602.4585156754242,512.0628133576449
485.5927582626337,469.0709748916592
810.2016234377421,646.3114063999892
743.825298279839,600.7715694933493
656.114776468272,531.0893614752541
605.537227430502,468.16876171936644
830.1292858466161,657.9508985614002
732.266908333465,604.2448949082766
692.1433905657562,575.1378073405677
593.7696989780121,488.1296145363753
590.8973822687532,616.5199943206146
567.0724655929229,573.0337101819797
554.8414215204972,532.1911632903686
449.46823066679326,471.61426116540173
601.3225399003157,670.2157976710234
570.3468238354822,603.9117338269323
550.7279569202167,562.3817578065665
519.287461081475,486.2527926436371
546.5412607481817,682.1799116249031
527.7291200234451,608.913130903729
490.5235888006426,538.8220215926438
461.93768459841544,480.4966793307009
682.8227759367221,741.9209452140669
654.9981918243433,679.940573846644
387.9498803965478,584.0037946422905
292.6504186034527,482.2390268010893
690.5706497394297,587.8276633060387
523.0915200206745,556.5103250858566
514.9557170623666,503.88536917215447
439.6166473876625,462.9689765583215
810.9142535647107,642.3543429337136
696.6767437590739,584.3798252550386
675.2113039371985,544.8472437217968
587.6273972043278,480.0871074642702
797.2464124719116,646.3061023636031
626.3495502176121,587.7875558641814
590.7949413092078,553.2934321789293
468.8188247721748,482.6764924235739
684.8335589144109,655.1444889460897
639.2340997346352,588.6688703025113
540.7862787971517,541.061539264019
463.993622474613,479.3209433397353
607.7916391862393,667.6976442181387
598.5633302247654,617.7113980863139
573.0552368103438,548.2449862794417
448.385589624607,473.65561470050596
522.9689765969911,662.2115295381906
492.88653012164735,589.5234587519103
460.18378981307853,527.1821585244456
455.26681037314086,475.07480942134043
702.4096850860385,649.218021615881
635.7295689687116,590.6986171572962
473.0274494217064,521.0026664452963
433.1207890010415,459.81685020091777
603.5039701358446,636.1557760170969
586.4351074264267,577.6917923793659
472.96665959401713,543.0120595482422
418.9705038722263,484.0403155684559
797.2464124719116,651.1645017823215
626.3495502176121,591.385345162006
590.7949413092078,565.0599619073615
468.8188247721748,491.84280091680336
727.3940799567282,713.0250388839041
687.1031573287178,644.8891095507742
658.7577673398848,530.6352973272699
592.5923008331594,442.0061583428449
528.8204891980407,601.3906250946536
510.3625384901165,554.9670170860594
494.3328986406138,511.77015382617543
463.91949640449496,467.2997193375639
543.8669080185891,630.5795991566525
524.4265770276072,579.813755633892
521.6821745730539,519.7871933163112
455.0579206600038,461.2453771987915
676.8394403543999,659.3289100386133
629.3607458874646,608.7419520010363
614.3525646559199,580.4862527114684
481.6278212224103,487.7354106816062
598.641817832653,661.1744274395198
581.2496063907054,609.7666069874122
552.9567277269363,588.9930596721657
465.736931290636,493.33517023771856
576.522440376285,607.4613349495924
560.0415125668151,562.1988717960002
514.3630951435205,518.3705872197912
473.275337009688,467.45056938222234
640.4729645162131,664.2803162624754
588.9786047760023,603.2339439624312
488.90101114773086,520.2479722634102
445.0100773578821,453.7854917396712
531.1618701728952,664.4445695276175
512.4795727152284,604.0933822891358
461.3750527457096,576.2745724124038
439.08770624317685,493.2507187442641
585.7394020133004,644.9789622269541
550.3632709993229,585.0322363076614
517.5891078367027,554.8221721705347
448.2195600461519,488.4966143860588
886.0973914997287,573.965968233288
673.5272544822762,525.8280901998289
587.5385119329312,487.17542131154727
508.1075038061588,468.5579416147164
718.8768641364126,653.7353169602984
663.635620780502,585.6950466229686
582.0955673810182,552.5477978168033
464.11249093948686,490.8017754140721
532.0516958753386,628.7617591430105
522.9586521871431,578.2332929386755
515.2070367424781,546.9773583360142
439.77194905873495,480.9507998460148
582.0455968504493,636.0139992826204
565.8365180204325,582.038411627871
545.0623704781453,539.3765967915319
448.4534660173425,474.93650704240525
581.548441366726,646.9892650817073
568.3209840377929,592.7757241521344
549.5177472598442,554.0537860873768
451.25634764967714,479.32534743751916
537.15336537158,637.2482468427287
490.2480245716277,571.7188919101662
452.46005007544727,538.9781609152436
445.389627165038,487.59733249183176
474.5193247730624,602.807037977283
456.7290686956979,548.5615101452971
450.0867751540775,518.0710199920675
437.6664699192188,479.4855400072001
672.1381166805804,652.4972168869245
655.1758286712538,592.3113606474127
435.9472710660316,503.89279665807464
421.1182565604609,447.9963783716961
642.8187452635799,637.4749869876358
599.9880334144766,580.4402531640852
566.1251270785772,541.3498638137264
457.14190669872056,481.6410613502172
519.667112032019,629.0242528521547
472.6484310829827,573.0342581173322
448.2488400730608,538.2045886944518
407.65551445247735,481.9771804714085
756.8871065276188,663.4383966698489
593.6332318004021,603.3973540636948
576.3863476427989,576.6848880277735
432.9465330789165,493.7249340636051
763.6971532386463,658.5460534953263
614.438065200578,588.3146880334398
602.8261380349064,551.972820458064
485.63359502806384,490.2279137219328
638.531484013179,631.9924830823009
538.2410542088205,579.288648871538
494.1925808116165,549.3967044472518
478.8165454897073,484.0382691674163
664.6014143673349,668.9896074834
619.3985689213596,595.176982646352
518.9311182718285,551.62705872747
476.479471533738,488.57649700053963
633.7378824024624,642.63861278603
539.8244226081974,591.1741501410996
535.1941030202516,550.877485009633
459.2618719271435,476.92564501690117
588.6514000659456,614.8863428083635
561.7603783178113,563.4030426061155
472.966119527276,532.7541359875887
439.3658505881931,479.57271134695503
871.8903709476441,658.5705533557642
808.6992940453625,608.1674717151027
789.1294533825247,579.387737513567
625.6326029029589,487.2133672417806
535.1522375163458,607.8074060757849
532.4600786561209,556.0099968500369
458.2712163936379,528.6524121754157
447.3815885391874,481.07642928853227
606.2494056772535,663.3015627669654
578.4376667409374,612.5973392191028
488.96077135219394,591.4869299691447
475.26024521387785,493.22200738317235
561.2118046750935,652.7857595136238
507.2766454987986,601.1472735759885
441.9149706845173,559.3734617572784
435.3908346214956,477.4931614344302
561.3094979686601,653.2737549658603
519.1385951960168,603.536204126586
453.84358433230335,561.4711247259795
444.42767951170913,476.83467286697316
821.9933564063326,658.6119897660875
729.9181171662959,608.467804041029
702.8692286502011,578.6556718453373
604.4447867751416,486.43148673542385
596.2905675905635,651.2828596717546
551.6301017650296,599.885804669996
532.3922616410109,570.1940612251267
469.7482625469141,485.4797719037811
673.1743843670963,713.1675326729352
601.9279607274094,644.9358641820514
498.2262426219892,530.4547674188352
375.85753466179426,441.91529529840756
580.214669021434,628.6291969499038
574.4152741961453,577.4101903124091
563.985055817266,546.0332578753028
457.8968754331682,482.2828854668972
627.5799880739429,648.9986878677911
601.4296172538308,600.2751210978613
472.377445675868,570.8951900620857
457.766359273481,485.1103633664641
735.3215978263087,665.020768333076
668.8005889025259,606.1515554547432
645.2771666538749,520.5613468744148
468.19235558327034,451.40818767238693
679.852888414925,630.7628486031933
606.0578820118811,564.4139979790422
579.9853391014994,531.9106977937512
480.8642400701781,486.9471557454773
883.4891497336907,654.4870166055922
688.3234597943687,585.55122885051
464.7465696015242,534.5241431538719
432.7524403852291,480.8073202117941
700.627275495785,629.7791205582579
595.4174258764446,577.951723569639
533.6610553738483,552.8544987634292
467.97946618439687,486.0806027181285
590.8973822687532,637.7741302262118
567.0724655929229,583.7382180468034
554.8414215204972,540.7669301894688
449.46823066679326,475.0126016168562
762.3073484528429,670.8904639255552
699.0935473429431,608.8547443673821
661.3603080097016,522.7996550538093
611.9997376903796,453.0004369093428
543.6220750365958,650.8391754232109
523.5444258059472,600.0366127600861
513.3031714656393,573.253224794675
439.8737608685761,487.37483834496845
703.0574020296224,632.8043959806632
580.9031557113021,582.8658935149892
541.6768565091862,553.7187145739251
484.1221023256675,483.04751603976007
645.2571534489554,671.821537860364
598.0329385295252,604.1924202341884
561.5930909347676,573.3003816689131
486.5123406637388,494.9333760666122
578.7229577351712,647.2100128608854
517.3271771088082,589.0474009630872
487.00860013679886,508.80640151395363
476.2509659227542,452.1542720736635
561.3549338206711,593.0734849016886
539.5171489714845,551.9758048227293
513.5404354169157,505.3896585886568
458.7352007178072,461.989354875412
837.6158926764983,660.6184787843719
763.2970831799763,600.4603043464261
644.8177243541897,519.8553719899508
550.1180683783448,454.6004361548176
618.8671914088792,658.1384349267863
564.1363784954237,588.4232029976316
476.1755096212767,545.695956504788
451.7991712883813,486.14022681956124
796.163262730047,710.9121379581213
749.6397817134945,647.5983276947112
735.212910397333,562.5532292552886
713.8649404744775,460.2177184254755
783.9978111062393,653.1477596043467
645.949655038992,590.7629788230221
616.7397475313217,556.7711375962026
477.71158091102063,488.3455048544882
698.7827201066591,655.1247380446881
686.5595905806545,605.3175790295203
614.797560251236,578.3559906850633
450.8886448973554,487.81661477532003
702.4096850860385,643.4676055124136
635.7295689687116,588.0329470060937
473.0274494217064,527.1095447345052
433.1207890010415,470.33897788608704
680.7479835441547,639.14226841818
567.5579647993288,592.9288383181464
531.7119378490902,560.1092801679716
447.83671443775125,484.50767450438326
696.7534509928574,634.8923823215304
617.953970435682,585.4500503911455
586.9941937714807,539.1689303393024
520.0029818847727,474.7037307536436
486.0421852066818,623.1805579599173
465.63583505789865,570.1672431376112
463.087972029255,528.3335597744124
462.9537746466754,475.15901502009046
601.3225399003157,668.4628234264262
570.3468238354822,610.6177738192963
550.7279569202167,569.4391293128429
519.287461081475,493.68709150297144
627.8152886079606,631.0529936694174
567.169174201136,570.6784115885566
547.6231064964916,519.3755257134593
483.55558564990014,481.9211205483585
504.37827607283606,636.2002536324967
488.5474710611747,570.914426984126
464.6056293585397,513.4201337942559
417.20570848878344,478.1687397286725
763.6971532386463,649.8161422061709
614.438065200578,590.2146300412841
602.8261380349064,544.1187404823407
485.63359502806384,482.836307929097
740.6119263339035,622.7308921557203
554.1582209989137,568.8438043073234
535.9343041207514,526.2504066909032
458.84806274078306,474.4049563604899
588.1142801127593,641.4768945577595
563.2008353028251,583.2368744841156
547.33924104203,536.3257581537187
456.1659378459104,487.9547776855636
886.0973914997287,558.4970809367575
673.5272544822762,509.7269392382219
587.5385119329312,462.2649793398074
508.1075038061588,453.3136893984848
890.6302904494659,643.5066155089631
692.9903111390408,579.7795158694953
611.9395698712516,526.1790645765429
594.3445703388145,478.59514270753283
886.9439863131249,649.729034867916
642.6408561991865,595.8597707885724
628.2031712590773,558.8313148906109
463.27141934123927,486.24768534762717
585.7394020133004,641.5723395980526
550.3632709993229,588.2184148064971
517.5891078367027,548.5370556015812
448.2195600461519,483.729935899567
673.792897264189,598.8298502303611
599.67926577825,552.2090087423976
579.9439977673546,515.5815355811409
481.42426099656416,466.6324027519163
623.6049869230419,640.7915258605977
590.462502049809,585.6878820469889
526.0449080980346,524.879123100572
450.2458708101062,469.55570590311225
568.7176027949133,593.4239786137381
549.059168386686,549.0804663982249
509.63069908218574,504.34507084706587
462.3016362354688,465.0595018831649
497.6407139430207,587.705369371399
497.45831709318554,537.269881484696
491.98994120588014,492.4504783715501
440.4613935179751,462.01592886765
618.195107495944,650.226211483008
588.2131356102992,594.1057854684411
514.4387101205367,532.867753521339
456.5515428264905,472.97515722231253
798.7184937609263,657.1044020152053
648.7422563133529,584.7364017084517
600.0438982352738,520.2725150590582
491.39686943231214,482.4851751705079
719.1399891208458,644.4484103643108
696.6552261516447,589.8671581194252
691.4477200859143,530.0829083961731
508.9342663970776,472.5491535468417
719.623737979524,645.3187102367427
716.7012037495248,578.8104527805416
641.1897872578048,521.1615433104462
539.265173593385,484.97752627884535
735.3215978263087,666.1928492425589
668.8005889025259,606.1410542952839
645.2771666538749,535.9734525912781
468.19235558327034,475.98206935300607
677.5111501863419,644.4316399089621
572.2867929089758,596.5608145897759
553.126563660848,556.4435782569592
461.33128038202415,482.34959877676977
810.2016234377421,656.4209048764137
743.825298279839,598.6309237341658
656.114776468272,532.9877025606266
605.537227430502,474.03914620656565
641.3195689295559,697.6577814675857
575.4967663617504,632.117384170197
502.51975971203007,554.742488589347
438.0595759547538,484.36515276494293
585.3743432379556,582.8342143014061
531.8175069306365,538.5972322788892
526.2858934549797,491.0008210824302
454.6720658071067,459.6576760657779
727.3940799567282,723.4277972022375
687.1031573287178,651.8350868691681
658.7577673398848,564.2218431448648
592.5923008331594,489.16346457271044
538.6835163653345,665.2044778955086
520.2622832276276,616.6420275377974
512.2306759356334,578.7331558682382
449.6579066436104,489.53802320431475
582.0455968504493,629.7298037444322
565.8365180204325,581.7060127188646
545.0623704781453,538.1372163884065
448.4534660173425,473.12184061297916
671.8581231834347,659.8230343885865
643.7564184523649,595.4325385275336
621.0629468009321,543.778651860704
506.3518049542334,484.46814962123307
683.4840680000094,577.2572523466599
588.9179303042077,533.7195249194142
520.3435647859537,484.77071777073996
409.14876372677094,457.4693704444445
651.9904231605137,632.4227004155938
626.0263938267012,577.0956966162406
485.383247950352,512.4378692538229
465.4658220536958,465.5977838196564
523.6910141184651,621.6641468826672
515.9252531135904,576.3458899669806
474.0945959430484,540.2126345132934
437.3976525320684,475.24822946694314
546.5412607481817,648.1750252428039
527.7291200234451,580.2974258931001
490.5235888006426,521.0660067341889
461.93768459841544,484.7159141651811
633.4884334828556,687.6399786314574
595.4181261686513,630.6027872487293
504.0702553624982,574.1115721502595
452.4407751493582,490.59730018049663
521.100260437306,620.8114519313579
483.7254116604983,568.4167714787815
436.54816744024527,527.8006373072014
435.4205846674595,474.15335504127387
613.3467403349949,629.9696979041383
574.3866705839907,581.8768735405082
568.2488278768235,538.2183187103184
453.97680327833547,472.78948480454727
541.0646069213947,667.264540693847
535.491750516534,613.738884765135
487.4922070220345,579.3300490856067
433.0962101744829,494.9560205084059
528.3165074233303,592.7532022506423
497.3431993846251,544.7084093686449
457.7556894064108,507.9502242448111
454.0423109175739,462.6608859189169
597.6288824623451,641.4702444176136
578.7374391778417,581.9539105502547
566.7147893330357,533.326404218841
448.7439600642569,486.73796077787523
543.6220750365958,655.8658804729619
523.5444258059472,609.4206870458452
513.3031714656393,576.9223344492506
439.8737608685761,490.36300655354023
792.9176014986932,730.8152743137034
720.0630712831514,663.2564542280079
392.46014294309293,585.6951289659096
289.52337896433556,498.3004017065965
529.9384469988903,638.6933429905853
526.1780121526813,587.893696423947
463.9538871989624,535.695084390856
451.7062290751185,475.8135673489105
797.2464124719116,649.549193045755
626.3495502176121,597.25862443994
590.7949413092078,560.8330724024884
468.8188247721748,487.4691316804922
642.2036243588196,658.3732796999278
602.296448424304,599.5625602005821
483.4807214393936,532.2293341001994
440.3836981097085,473.474455320866
667.2196459071486,621.6780586382883
612.0925607041158,563.6277463992578
601.0785238321068,515.4295707790775
528.319509214999,470.9113074156433
768.8995068104871,679.5385237174479
609.8527150971846,630.776341841936
570.5677359592181,595.7032490562551
552.0152616569843,499.5268124376215
551.7446645653912,650.7664572491078
520.0542634927892,580.0800212562276
464.21164970724425,517.0961189068884
448.8864072957066,480.19850405440724
623.4231553280721,635.773359495847
569.1829565819573,589.8173573764672
556.6905740776033,556.9158248937694
505.4921251375621,482.52284374252184
633.0855537735334,658.0741239561585
626.1386646949923,602.1731632164688
541.5995896549817,542.7431305239055
444.47380938997776,477.3617812183371
510.8983046511708,649.7971828153835
474.4800886757949,586.497724116699
451.58803496673806,533.9738035561502
431.522039623743,483.24869771319806
656.542117151021,631.5773291289609
622.4443186404698,583.1092650070973
570.1847305076353,538.540701231003
529.5240133472662,474.2027005590284
574.83850578051,592.6261264610373
571.2346514934544,547.8733751730468
550.0238995615491,503.31680325869416
468.8073440328863,464.38839264966373
810.2016234377421,651.1348055153148
743.825298279839,599.6732083018184
656.114776468272,529.2329201434675
605.537227430502,463.6091729922253
543.2492470654427,613.1168304270982
513.2446557791833,575.7357641214359
494.45204633491386,521.4355612362235
454.994391472549,463.0645790227463
474.5193247730624,591.80144759738
456.7290686956979,542.3212811789152
450.0867751540775,517.0061598498755
437.6664699192188,471.7861576018444
576.522440376285,598.9176694844022
560.0415125668151,562.9840422888573
514.3630951435205,519.107702734933
473.275337009688,465.0346337933212
646.3008640255122,661.7906639696877
593.678713886837,611.4511251725547
506.6119749289346,547.6454695340423
471.4044169920629,469.93563648317325
783.9978111062393,634.5650778604893
645.949655038992,578.1705665064732
616.7397475313217,541.7396340302316
477.71158091102063,481.7642453101099
645.2571534489554,651.6388594875641
598.0329385295252,586.592593494728
561.5930909347676,552.8035722221122
486.5123406637388,486.06057925216163
749.5254643670708,619.9843569522334
582.9842726834017,569.5983608543909
572.2691823328425,532.4027802539746
475.371317540097,478.59513729436634
702.4096850860385,642.6506236401983
635.7295689687116,588.9574159780202
473.0274494217064,527.7149281543741
433.1207890010415,464.8924792166736
704.6186162201132,688.5770455893667
651.4513226105233,634.464501773766
636.8467915059942,556.308462778993
543.4121991432592,470.3171652085898
541.0646069213947,645.8777895895674
535.491750516534,586.5601642282794
487.4922070220345,555.9646761471372
433.0962101744829,484.85127756377346
627.8152886079606,611.3216092380864
567.169174201136,566.9146590842864
547.6231064964916,522.7412753518112
483.55558564990014,478.6325725997254
670.0596517449959,626.0312642880282
612.7939587726802,577.4291521674809
588.7457955390164,533.5408033978223
524.9986463351058,469.12331424393943
567.4867090590797,644.5334365248411
565.9883438292702,590.9660984299986
558.1085340311523,544.6288481773881
448.4493169352268,471.9186850020339
531.1618701728952,644.9207785053783
512.4795727152284,589.2872115005346
461.3750527457096,553.7133099087282
439.08770624317685,483.5848105469014
604.5650117456447,644.190164219419
582.2515573888973,596.612954537032
474.1508404060144,562.2672829630815
470.36307484639593,479.97065023180903
558.5021808890314,593.9314243111595
534.152745696776,557.4741144846981
474.11215856882217,512.6661057102732
465.01940426241794,462.7206742534925
679.852888414925,615.9914612165865
606.0578820118811,551.3425242027763
579.9853391014994,526.7683574090647
480.8642400701781,479.26141498634587
580.214669021434,612.9122311391553
574.4152741961453,570.8699430500093
563.985055817266,533.7174646621825
457.8968754331682,475.52351895622553
705.7583074221305,660.2637911205989
685.8493858869784,606.4745283004205
633.1403617562687,531.0065669303563
520.5216649000569,463.5424927202281
741.7765600746402,625.8459209312441
710.094898827844,561.743577381717
332.24320577171915,519.4815314153338
324.1278888269732,481.1389835043423
504.37827607283606,624.3794242028049
488.5474710611747,565.5302480500202
464.6056293585397,522.2541378436642
417.20570848878344,480.9942796808161
523.6910141184651,615.2032349364168
515.9252531135904,568.3433000907311
474.0945959430484,535.5822720162257
437.3976525320684,472.29885892260063
677.5111501863419,631.4229187193625
572.2867929089758,585.1504956166341
553.126563660848,542.2927126117553
461.33128038202415,471.91043627381265
560.8489159458138,589.380164695406
546.4638452902718,561.3070726851406
505.9816322727785,514.1894918183801
467.6263442790666,462.1195729421142
855.1238526305019,644.1382383458453
807.3029294437728,576.5473721022781
693.630585231437,540.7502231682222
622.8585413415191,484.6110998628723
633.4884334828556,668.4886108437831
595.4181261686513,616.5398221289813
504.0702553624982,549.2718976705816
452.4407751493582,469.9607345199821
520.9625049252976,583.4194913060189
495.55159589650657,555.5102659423708
476.2101986300317,508.7470617175844
455.947918114199,460.6380198463479
897.7859053342904,635.5625599484018
703.6850127063283,568.2656113747871
628.7890620664117,532.3664013233474
617.50121530202,482.7093385202379
762.3073484528429,664.4717942678932
699.0935473429431,608.38563829325
661.3603080097016,531.9198806488142
611.9997376903796,463.90968359857936
846.2989795017129,581.353277392494
519.3340435775315,555.0182774888478
476.0801284568726,506.9276572459368
472.4757093430973,459.5804214332211
810.9142535647107,626.4637801532144
696.6767437590739,572.1601298107913
675.2113039371985,539.5208026554766
587.6273972043278,479.9773989553811
561.3788649431702,583.795801907106
541.2751165108117,551.0238970730367
474.0762947000208,510.9489938492916
470.9380710949574,463.47835960258396
842.6916860042331,647.4315225530793
796.4037391842754,577.6306891302393
699.9965012999407,541.3990444451825
618.6272937304973,485.20780992119796
886.0973914997287,562.9324941603638
673.5272544822762,528.1491148529643
587.5385119329312,495.5781604268415
508.1075038061588,466.9594867078558
683.664875887254,586.6890813317216
523.737727801765,557.9249332255054
483.8237270248905,513.4348959704845
476.76037337304007,462.90858743060716
883.4891497336907,632.3928708038814
688.3234597943687,576.3513141439834
464.7465696015242,527.6510274381382
432.7524403852291,483.2074572841079
492.34848299947487,618.0568380154574
490.1861035177276,571.3238957410822
461.0671408438447,536.6576583806135
433.9821062432427,472.0910654997859
557.1093329501916,603.2174537376426
554.9008187929567,555.2697286202788
486.57131045858114,526.4744105986564
446.1407118983799,470.2198378370925
673.1743843670963,706.4007955082329
601.9279607274094,646.2506328558701
498.2262426219892,542.0871005872192
375.85753466179426,462.9139480586768
575.6112770814393,590.5798094738346
567.686595595164,562.3296130540675
497.41736818055807,514.6992405593443
468.0385960630664,462.1329085775181
601.3225399003157,647.290237863211
570.3468238354822,586.5068456299551
550.7279569202167,550.7140667900196
519.287461081475,484.8556494263036
642.8187452635799,617.5294527875831
599.9880334144766,573.891800742322
566.1251270785772,530.1103163451288
457.14190669872056,479.4019805336538
602.8558096941915,638.0169656010999
537.8163313736185,589.9134505065603
529.7152287926846,527.6615209916257
497.8348305978821,464.21549674353884
588.1142801127593,616.0518972787883
563.2008353028251,574.9214224930952
547.33924104203,530.4118885221878
456.1659378459104,479.1412460376025
656.1290436899292,648.2331832624405
647.2583854153044,604.3761564380025
627.4196766298201,557.0132963745092
479.0964321215763,475.4002969973
684.8335589144109,643.3504709130435
639.2340997346352,575.3248469287793
540.7862787971517,541.1384353469016
463.993622474613,484.5665748863165
763.6971532386463,640.1199310757057
614.438065200578,572.4906077883297
602.8261380349064,539.9769569590673
485.63359502806384,483.8419271968655
590.8529383009242,646.3524506858464
589.4404294373809,597.5662317318067
564.4612246536981,532.124050506379
449.47111275655215,465.00365080793944
642.842507531412,629.1937991797555
579.1742076049975,579.2247728298462
544.821802333994,534.6379125394797
493.9872074384884,469.46489302264575
680.7479835441547,624.2463720607504
567.5579647993288,577.4746601321986
531.7119378490902,544.9938528277197
447.83671443775125,476.00076590959253
727.5555322066733,642.7301197314247
691.9425182055923,575.3636061658015
621.1149307573604,542.454969004977
488.7959546557436,484.50998898644445
544.0097046304677,614.4470438408608
525.0187914938344,567.5382569728702
521.1114652109535,534.6937148403742
446.1343339094556,471.97765694244833
535.1522375163458,597.3714765013725
532.4600786561209,549.088476555495
458.2712163936379,523.9184546242876
447.3815885391874,471.47619430274943
581.8584323561282,600.7683794133458
511.72573295896575,546.5299467440838
473.1242150542286,524.5700213318665
458.3567816809858,471.1233247196676
492.34848299947487,621.8661627893019
490.1861035177276,574.2257892573983
461.0671408438447,540.1380153231863
433.9821062432427,472.98913022441667
696.7534509928574,630.6292729660429
617.953970435682,581.9376135402307
586.9941937714807,539.0705084691344
520.0029818847727,473.6595047629767
563.2856424916996,625.4221973344972
562.4941978411848,576.2361081063398
521.5472156952866,537.1256478216304
449.70015750909374,473.6261363083465
579.4580149243694,594.513165326609
570.3064167873396,557.2286036631797
509.617360517563,514.8871926565433
474.26983647895366,462.6540954754509
600.1848312627607,644.152917407456
576.1073616244063,583.0064739047002
568.9894048322717,551.0111428871742
446.8909589703639,478.95361807993737
617.8885202787397,600.5208700483511
582.2590726071375,548.5508659615267
525.2228710201773,514.4366835199341
474.0915867474108,466.5821699610133
602.8558096941915,637.4063530331434
537.8163313736185,589.6733566603584
529.7152287926846,533.3780236556056
497.8348305978821,472.2271984743342
837.6158926764983,652.2788261984376
763.2970831799763,599.8682649448003
644.8177243541897,536.474991348647
550.1180683783448,475.0220849860223
567.7781364529212,645.3835650339371
561.8271549138334,593.6814482208852
542.6117264100411,553.1087237992733
455.4330496358303,478.3008735187016
821.9933564063326,653.6480186439061
729.9181171662959,602.5075164160249
702.8692286502011,564.0689722140996
604.4447867751416,479.4356844160951
590.5546471605375,644.4833647367575
567.3980884969088,585.8422733674669
476.6345897264673,551.1480753995137
473.0020120341411,477.8847046423358
558.3184920438251,585.4385909793566
538.9330996587646,550.9281059549224
495.65806695221414,507.90531469500286
458.4502207907911,459.9283645403321
534.782207705619,643.2023681369552
528.9673451985138,576.9054097356805
490.3331783758491,543.8825405515444
452.6201538001583,478.7929259570549
680.3067441056282,647.8911588242399
636.8202661301145,597.0042755498451
494.8083296652253,535.1041840452493
447.2748230458219,474.0789742999333
703.0574020296224,627.147352548909
580.9031557113021,578.351101777672
541.6768565091862,543.9266501775479
484.1221023256675,473.7125312884962
633.7378824024624,635.4374078063223
539.8244226081974,587.1940856158243
535.1941030202516,546.347112262624
459.2618719271435,474.9065929858822
527.6626860286387,598.143748351775
522.1136152796408,550.272097118916
461.8948823953812,523.6267806489916
457.9227390710761,468.9178347620716
868.5557318269211,651.4472080824243
691.3860249854216,574.2006271811993
624.5338006506784,535.3513806215532
601.6365774605574,479.826981129903
641.3195689295559,683.8870794127929
575.4967663617504,627.3857791031893
502.51975971203007,550.2611517797593
438.0595759547538,479.9104742742043
846.2989795017129,584.1926342416069
519.3340435775315,552.3220303373765
476.0801284568726,505.52625078324206
472.4757093430973,458.48004869217914
831.5215709029452,640.4747827952627
702.8279199121653,591.4888297490639
627.3304389588875,552.931473177873
620.4448021319861,475.7722293124335
704.6186162201132,693.3436148090565
651.4513226105233,636.1677744777514
636.8467915059942,569.5726530229088
543.4121991432592,484.34505951913826
672.1381166805804,644.102513043276
655.1758286712538,593.4683798066992
435.9472710660316,526.3536612425523
421.1182565604609,472.0887468064657
561.2118046750935,646.0848026548937
507.2766454987986,596.8223339090218
441.9149706845173,553.5436133835966
435.3908346214956,476.9656081542797
567.4867090590797,646.0443157032515
565.9883438292702,593.9991199011753
558.1085340311523,551.5449100140345
448.4493169352268,478.0974151609178
568.7176027949133,592.9152127134208
549.059168386686,558.2411552512216
509.63069908218574,513.7954900221333
462.3016362354688,461.33421456067657
682.8227759367221,727.5632281900876
654.9981918243433,663.9975498943884
387.9498803965478,573.7954363345559
292.6504186034527,488.17937126051356
590.8973822687532,628.593588327585
567.0724655929229,579.5991637088782
554.8414215204972,540.0977637577759
449.46823066679326,474.17430386371456
582.0455968504493,626.7353728322271
565.8365180204325,577.9540277842887
545.0623704781453,538.9016447447779
448.4534660173425,473.8213665175809
842.6916860042331,663.3775195836703
796.4037391842754,585.1548013157161
699.9965012999407,547.9382559417786
618.6272937304973,483.4893116240377
558.5021808890314,595.054046390657
534.152745696776,556.450651299866
474.11215856882217,512.585512184726
465.01940426241794,463.0172983170621
897.7859053342904,650.4712380383921
703.6850127063283,574.811158352446
628.7890620664117,537.1163947254206
617.50121530202,479.8823404500959
723.4895969127055,645.3759170385479
647.1522013159661,594.4591681477771
615.9083787428791,538.5361920436538
573.9080736333348,474.7364851613119
574.3081158369903,676.3421838188335
562.4919756701654,596.4637900279689
545.268890057187,559.4946711641425
468.2588059440985,486.8722432529854
585.3743432379556,584.7892026187935
531.8175069306365,552.1578976177051
526.2858934549797,506.0523096060908
454.6720658071067,458.8862624265222
642.2036243588196,652.3192668435896
602.296448424304,600.1903995888206
483.4807214393936,536.8005762644564
440.3836981097085,475.00629212404607
893.5361726985616,657.7104304379859
830.246972179423,585.7040557074354
736.5681012530437,545.3522992847478
732.6659703498235,480.11606456713463
808.9820195810361,654.2816943729538
737.6270040010118,603.215852262051
718.5840110078352,564.4379902162054
587.0235374380363,479.5091160048094
607.7916391862393,667.7974591998201
598.5633302247654,613.8562364229571
573.0552368103438,549.2499727221266
448.385589624607,478.50658806242245
579.5766879867067,660.6261334784158
514.568213188165,587.958261732974
503.4052784630531,548.7275173678286
479.76497042240504,481.3651634992617
887.3754949123627,654.8132587880355
667.0744830979241,584.0931410177727
607.7772076526338,550.9457414980841
592.425483552561,481.9455424655597
719.623737979524,650.7189680610782
716.7012037495248,576.9961328566668
641.1897872578048,527.9582789119911
539.265173593385,474.6207410800678
741.7765600746402,644.8567837840815
710.094898827844,567.1074757899431
332.24320577171915,522.7133158122411
324.1278888269732,476.02534629075507
897.5002953992779,702.3618935229384
689.701439370833,640.7774545023586
570.5760958417216,553.8424395633128
412.1720518765279,482.94475080552775
588.6514000659456,606.65010950138
561.7603783178113,559.4492442645615
472.966119527276,528.6842246201339
439.3658505881931,470.0880265914544
670.0596517449959,627.0801970852331
612.7939587726802,579.2883569606399
588.7457955390164,537.8451083626813
524.9986463351058,473.0065069704861
586.826733870532,628.1203029205172
558.5088216848934,580.6558357507257
534.5227198449309,539.8703109161307
461.4655668837807,473.189884042443
740.6119263339035,628.816425482857
554.1582209989137,564.8645200999498
535.9343041207514,533.2967060051739
458.84806274078306,475.53623755302107
628.3419593131739,630.6451297397394
586.2749066373407,582.9369790661665
543.221784849254,526.0680746202039
446.7457013652693,470.6602619057572
536.1063956409447,628.8934467812751
519.9511170293137,579.6565576738816
510.36802665068893,546.5746965562951
438.56577751330695,474.8078433547975
534.6481660855585,575.9869928704146
518.4679246313269,540.9484359261456
487.7313165056417,500.39365553978627
476.14883685981425,458.26878135332703
519.36725424446,654.3559305710166
483.3465472703318,580.4296131370489
472.24069896353166,540.9543354117282
457.19397108914393,479.84666359129704
540.0563718886741,621.6539701925948
497.6145714241552,579.8968013154201
481.29936025598886,526.9080459649567
451.71567832169274,468.02348746052337
543.8669080185891,630.4225921795047
524.4265770276072,579.657772403896
521.6821745730539,519.7340241404736
455.0579206600038,460.7399065293577
474.5193247730624,599.1748823165957
456.7290686956979,546.8395422028957
450.0867751540775,518.752583446401
437.6664699192188,479.1996895385597
572.3824839989642,637.7216382365216
567.2599832537726,589.9227040236524
544.9593648872828,547.3588108351236
447.5078756284887,473.4482286819631
819.7561852527456,661.0267300349866
744.2625911368712,604.7506270033961
647.8911553488601,522.7487489331418
552.4887088495086,456.1535478473087
719.623737979524,653.4531500206223
716.7012037495248,578.7692494575242
641.1897872578048,517.4777253058487
539.265173593385,467.7808586603634
532.0516958753386,619.3512336041101
522.9586521871431,572.0951857969343
515.2070367424781,540.074574968695
439.77194905873495,475.6633715126443
801.2653781072617,643.9904026814814
731.3363564023596,596.6064015270091
716.0470201082765,561.0236879378346
586.8406411222211,474.065105281891
880.4209657324252,647.7656179300137
723.639895856916,588.7077904636825
722.9494731819235,551.4258131286471
632.392256729312,481.62218796929244
603.5039701358446,633.1780573678528
586.4351074264267,573.3279965376674
472.96665959401713,532.8872909878534
418.9705038722263,475.42986568235494
527.0121877424567,598.119082113751
521.0199339223939,548.360623866106
491.99350066419214,530.3809211520635
436.9867045585649,486.73120985068067
580.214669021434,624.1187447100257
574.4152741961453,570.0503110713573
563.985055817266,534.0994768426077
457.8968754331682,472.672589106635
667.7945674230559,690.6640155278766
639.4837868158477,629.8958070448732
586.0924764432956,526.6922464069298
439.68367672864383,448.7111935440134
883.9137013393809,657.8675052434241
670.2198203880475,588.3616804250474
628.251506204233,536.4798976340293
607.0226160146337,480.7102232331039
575.0041270578758,599.5454484707581
563.3507622177636,552.7829622326408
516.0369192880318,508.4034818239892
458.9244135246659,459.7235413840557
718.8566753468305,594.6362570705827
694.4020862534777,547.693361094466
607.0455847899506,504.5533757099045
596.7817564062373,460.4651546888958
570.1884409927653,593.643506137203
545.9290263916728,545.8660636641284
471.57757643981887,506.62631072132234
470.88472749278645,464.90523811189274
543.6220750365958,636.4057854241929
523.5444258059472,590.3230351734417
513.3031714656393,559.1584185726551
439.8737608685761,477.05636832348546
672.1381166805804,658.3474795950875
655.1758286712538,600.3087107029069
435.9472710660316,511.12805514411025
421.1182565604609,452.573266070873
622.3418691115698,638.0770551338827
561.8216819589815,586.2812578819592
472.2113819267588,524.1779699187846
468.41237311769976,462.3958502393669
512.9833484117243,605.8934415385627
511.1288202377232,557.756790152464
463.6488941380858,530.9285602183191
459.6820861700347,478.7706496690486
749.5254643670708,634.7466360682355
582.9842726834017,574.307732626944
572.2691823328425,532.5535313887135
475.371317540097,474.8657046386811
578.1348301689227,668.8848437230666
557.3629908126866,620.0286644305984
547.806739631287,566.9103558263284
481.1148231652136,467.24756560784476
588.6514000659456,607.0058400935247
561.7603783178113,559.5450155675445
472.966119527276,530.863594003495
439.3658505881931,477.8760423637768
590.5546471605375,638.417457571221
567.3980884969088,584.2086973399664
476.6345897264673,549.7646347380996
473.0020120341411,477.67060615869525
667.2196459071486,635.0815585916223
612.0925607041158,570.6677134162065
601.0785238321068,528.9788370380647
528.319509214999,483.02779438024413
819.3001048406257,729.3848489278221
633.9965261620346,663.9221242230806
629.7871010364094,540.0708969443632
487.48787786924026,442.7951465490553
601.3225399003157,658.1485567149916
570.3468238354822,596.9158130230932
550.7279569202167,555.7585459275766
519.287461081475,481.08117078560775
561.3094979686601,644.0635276251493
519.1385951960168,596.0090187126656
453.84358433230335,549.1474826892307
444.42767951170913,467.6580796131476
815.4286371353267,645.0651845789187
656.9049422633925,579.4798121434013
605.3092397437212,533.5211162276937
580.3870997222236,480.3233071180628
723.4895969127055,652.153336667132
647.1522013159661,598.3373439116912
615.9083787428791,528.5061638987797
573.9080736333348,461.2218348425199
633.4884334828556,673.5016498624607
595.4181261686513,620.0063803952679
504.0702553624982,547.8102624365495
452.4407751493582,460.62118723632807
604.5650117456447,643.2503240110218
582.2515573888973,597.5731785276588
474.1508404060144,570.748290144796
470.36307484639593,479.64377222970995
740.6119263339035,628.6329783668149
554.1582209989137,569.4872679387768
535.9343041207514,533.8086211963949
458.84806274078306,481.62076076498266
797.2464124719116,640.29887367364
626.3495502176121,584.9687125564825
590.7949413092078,552.6203613424678
468.8188247721748,482.066880521734
529.8512444414915,657.6603629064482
514.5006938092062,582.1545314320715
485.17371169383694,519.6967879735743
468.92217672210353,468.61670473874983
704.6186162201132,694.6892945020244
651.4513226105233,638.7780746795038
636.8467915059942,553.5793318992401
543.4121991432592,456.05962059659464
573.7943117669732,597.0129195336265
565.8129079900003,550.363977336325
517.0931507506743,508.090485955376
458.7169576715217,460.465375438036
886.9439863131249,643.4623822018694
642.6408561991865,585.9518109928715
628.2031712590773,554.279745963187
463.27141934123927,485.80981845962185
575.6112770814393,599.8503834400989
567.686595595164,552.9951916679601
497.41736818055807,509.06147864833497
468.0385960630664,460.2639014756871
578.0479131695089,630.495275698508
568.0746795694313,582.1232069478024
557.6167432768373,538.9064075963664
455.8510265242718,474.1352193849583
505.7377145716787,725.206549567646
497.19856329910266,660.6726895724468
444.3938252338676,539.1354141026555
426.6980255518923,442.81473758817214
529.9384469988903,635.4780546143878
526.1780121526813,585.4095661519794
463.9538871989624,526.3085920561061
451.7062290751185,460.2860262913529
574.3081158369903,671.8508521172231
562.4919756701654,604.8170050768435
545.268890057187,556.3779665142148
468.2588059440985,483.3176418547624
528.3165074233303,605.5323091910386
497.3431993846251,551.6238151846507
457.7556894064108,529.8810233378265
454.0423109175739,488.27898867184047
552.095930595623,595.6111319603245
523.1206482874868,548.7296512854564
498.4763277941449,505.02652047338046
460.91392179291466,460.0627723112438
871.8903709476441,644.5637606117097
808.6992940453625,597.3586763074957
789.1294533825247,562.1666073475303
625.6326029029589,474.53924618708373
574.83850578051,598.0744593060805
571.2346514934544,550.4634108178128
550.0238995615491,509.59362382857637
468.8073440328863,463.2074689406053
617.4932649416379,667.7253754920115
568.9349099759,610.3793297568428
457.9061712796709,522.6892746193631
444.5679197466184,453.7391385379953
683.4840680000094,587.912731573586
588.9179303042077,541.5723994560295
520.3435647859537,495.02334386534034
409.14876372677094,456.22781674642135
684.8335589144109,656.6639899786344
639.2340997346352,590.8193138790881
540.7862787971517,545.1441473550572
463.993622474613,482.7720006895785
551.7446645653912,666.7537871403061
520.0542634927892,588.0578910291999
464.21164970724425,521.4859413739632
448.8864072957066,474.40704847250163
683.664875887254,596.3143285332766
523.737727801765,549.0826311425558
483.8237270248905,508.24134099554976
476.76037337304007,462.00980373111287
735.3215978263087,668.2702479794889
668.8005889025259,611.1720260686549
645.2771666538749,522.2279797728903
468.19235558327034,452.03047619954407
680.7479835441547,626.2662895692852
567.5579647993288,578.7642748481408
531.7119378490902,550.4772854514221
447.83671443775125,478.1454740552459
615.4855524048013,673.188506964729
588.1246044796945,615.0797580646438
498.8689134589234,547.4695590711465
458.5371911970298,466.5679963616013
612.656186770732,679.5106522527059
569.5468887178597,612.2092828177274
563.555621855562,523.351131825867
528.9306849568111,452.61095307981014
868.5557318269211,655.8321629858611
691.3860249854216,584.3347016229378
624.5338006506784,538.216749819067
601.6365774605574,484.9241542467628
561.3094979686601,645.8237474909977
519.1385951960168,598.4630785376861
453.84358433230335,550.5899814254428
444.42767951170913,474.74992451974725
558.2422870681537,650.3980609912162
517.8796160593799,600.3551933423493
496.91003110273726,549.9604885038234
438.34312406435185,473.364825102116
673.1743843670963,728.3885467881303
601.9279607274094,650.1295055983067
498.2262426219892,532.6738621121143
375.85753466179426,445.90729484129076
623.6049869230419,649.8386016956915
590.462502049809,589.9480716351594
526.0449080980346,519.6027154547105
450.2458708101062,457.70675332056953
656.1290436899292,652.6971193359877
647.2583854153044,605.9221766359082
627.4196766298201,563.3297765349294
479.0964321215763,480.339181749359
740.6119263339035,629.3375721851377
554.1582209989137,570.3940148967393
535.9343041207514,536.2472673223514
458.84806274078306,483.3350695898584
652.5423789518237,634.246602094444
598.9655803711697,586.8941387817588
579.9244365101151,556.6641287718189
466.9259554652359,482.49797003924465
567.4867090590797,649.426056654724
565.9883438292702,594.143416240558
558.1085340311523,544.8851101047906
448.4493169352268,471.58294736433305
753.1005291822447,645.6784708722672
717.7043943276791,587.2311562082052
595.5882682549858,555.9129736193637
471.386956858488,488.92938049073564
581.548441366726,639.2871255946194
568.3209840377929,586.8938550379431
549.5177472598442,544.4309153019561
451.25634764967714,473.5880912407568
886.9439863131249,646.828863754589
642.6408561991865,586.1092527960784
628.2031712590773,556.5359400143439
463.27141934123927,489.7336192198046
491.2320484562486,636.5730304099218
471.94500360542247,567.7794119533062
459.9210087067679,528.9122893605733
431.5703119089766,481.94346967695253
842.6916860042331,665.9316030545004
796.4037391842754,594.1825565718725
699.9965012999407,550.9291799044769
618.6272937304973,488.1897056762612
807.2637375769092,650.633185075475
660.4987789000014,604.9539861728874
614.3881041443576,568.4357529936467
458.0317942493817,484.4698489885083
723.4895969127055,655.7072288685798
647.1522013159661,596.3141971510703
615.9083787428791,526.4896640814111
573.9080736333348,459.9316127225109
667.7945674230559,697.1635068626871
639.4837868158477,626.2457699515072
586.0924764432956,526.7248114229678
439.68367672864383,450.041790499469
727.3940799567282,728.1454475486152
687.1031573287178,650.0099923505761
658.7577673398848,532.7675867359379
592.5923008331594,445.94208985277646
607.7916391862393,679.8541194271218
598.5633302247654,616.0327218872936
573.0552368103438,534.3833025459276
448.385589624607,458.07361416141754
883.4891497336907,658.847824750066
688.3234597943687,592.6870875364621
464.7465696015242,538.7137764931263
432.7524403852291,487.57605808904157
683.664875887254,590.4288605004482
523.737727801765,555.2422346821604
483.8237270248905,510.4260150633458
476.76037337304007,465.9677692901771
664.6014143673349,669.2180260078323
619.3985689213596,596.4829719921349
518.9311182718285,550.1978207967933
476.479471533738,488.09618849345844
656.542117151021,630.8835401681063
622.4443186404698,579.7827897414703
570.1847305076353,532.8146191968689
529.5240133472662,469.4820064379235
510.1714411665308,600.5844933802191
504.062559665145,548.124987077061
489.361788908185,527.003754752835
450.1084735005105,481.1713455808166
810.2016234377421,662.8109050837838
743.825298279839,601.5195274632487
656.114776468272,521.9263057007774
605.537227430502,455.2671748513701
520.9625049252976,587.178995669751
495.55159589650657,552.0607242154686
476.2101986300317,503.65208561008586
455.947918114199,462.30088126190003
492.34848299947487,620.465753232726
490.1861035177276,573.702844058614
461.0671408438447,538.499481157181
433.9821062432427,475.9777533376188
519.667112032019,624.6534654475438
472.6484310829827,573.5854136180855
448.2488400730608,535.6456325191273
407.65551445247735,482.7393316763107
696.4799391387647,622.6755310107065
627.4561392058225,570.9097761191514
499.458432651188,514.0907449436052
454.8502215169645,461.01001645448514
618.195107495944,657.1842889839262
588.2131356102992,596.046832937522
514.4387101205367,524.129053936353
456.5515428264905,458.53651149413315
599.9067437901979,662.57349730099
579.622843559374,601.4577065776195
530.752631532557,529.3157152514435
446.8294265717018,459.9182117362943
702.9841813969207,659.1928920304539
667.6836915769329,591.8721348475028
605.5890594509863,554.265614489633
476.88068303052614,489.1741384780357
590.8973822687532,632.1300801901697
567.0724655929229,579.7924837005538
554.8414215204972,534.301225100041
449.46823066679326,470.0581944576559
508.89640830644754,653.2030157807898
495.4781979481173,587.2632472899863
490.9775905899715,539.0217140919461
459.0731671387516,485.8835562745911
543.2492470654427,618.949860874334
513.2446557791833,574.2691173034648
494.45204633491386,516.6960958561959
454.994391472549,461.7726789895181
897.7859053342904,654.1751050464416
703.6850127063283,584.1648525520269
628.7890620664117,539.9061804992452
617.50121530202,485.09396196435233
651.9904231605137,643.814305647246
626.0263938267012,586.0340535269021
485.383247950352,510.32110322557224
465.4658220536958,453.33214193101367
684.8335589144109,660.1299081567898
639.2340997346352,590.8565860216253
540.7862787971517,550.4141758029996
463.993622474613,488.1355901434313
575.5486722407551,647.4422391939789
563.2357159535104,578.7260437675882
552.1882003404754,530.3896199659318
480.8285145314334,483.17397013345334
552.095930595623,589.6311904829188
523.1206482874868,554.6443193276904
498.4763277941449,506.67646066366257
460.91392179291466,463.18510713304323
544.0097046304677,616.6284538336066
525.0187914938344,570.0782954539051
521.1114652109535,536.3267531952299
446.1343339094556,476.00808707014534
796.163262730047,715.800443654032
749.6397817134945,646.4418637120319
735.212910397333,555.5184232509453
713.8649404744775,461.03087060958995
581.8584323561282,600.7856153805755
511.72573295896575,549.2203468236656
473.1242150542286,527.0702538802931
458.3567816809858,480.3530368073775
668.6561112534706,647.2607888062128
599.129168668199,578.4333080404838
582.1404886914792,538.3652914662017
489.0205461654842,484.5621850921128
748.8183849762993,592.579292794297
695.4413182313432,556.440179925647
641.6897079914676,504.92097775274783
513.423598472593,461.0703119418221
590.8529383009242,656.189524275123
589.4404294373809,598.8681558222524
564.4612246536981,526.8217253844817
449.47111275655215,459.2063762123687
588.976472965822,629.2977897237257
517.7786248379507,567.4778173839574
515.2330212052162,519.9720178021902
445.31166333695944,480.87562587413663
545.4034794009249,660.01198786298
533.7014375594252,597.6549065520887
441.13860889588346,551.4316587041934
440.76046783578727,489.26655141011133
683.4840680000094,580.4166713135621
588.9179303042077,548.1879416592357
520.3435647859537,496.6595218005609
409.14876372677094,458.7233117324431
543.8669080185891,630.4938369869267
524.4265770276072,580.4277750051422
521.6821745730539,518.7040797237878
455.0579206600038,460.66549606792495
585.7394020133004,638.2686045859544
550.3632709993229,582.2908036507489
517.5891078367027,548.270708640466
448.2195600461519,485.9996295776844
821.9933564063326,647.2341710116499
729.9181171662959,600.8550130257529
702.8692286502011,563.8125600552195
604.4447867751416,483.1681316966961
673.1743843670963,763.3440118010307
601.9279607274094,687.2824287073245
498.2262426219892,570.196500048632
375.85753466179426,474.08443967480207
521.100260437306,628.1540559761444
483.7254116604983,567.7131736983291
436.54816744024527,534.1146893969
435.4205846674595,482.83856582137633
744.441471555693,661.8115903471304
615.8720804215559,596.1574290198572
607.6991433081654,553.766288729762
480.3563608398537,490.58015300038534
622.3418691115698,647.7723214152021
561.8216819589815,593.4111618336959
472.2113819267588,532.274144871623
468.41237311769976,467.1153567869018
521.0028349635531,691.8706348177217
492.8694151072838,610.3027953607173
485.92581181990687,536.4160704134372
477.4816921343061,484.1802050431421
554.5416560579024,658.1296063047228
535.9902264708055,609.6705147566527
485.36127278066334,571.7777358085697
452.404970385509,487.006180520479
588.976472965822,649.7502457088914
517.7786248379507,575.8536196832601
515.2330212052162,515.0415913325754
445.31166333695944,475.4807507416943
574.3081158369903,691.8761596514801
562.4919756701654,616.6052025635859
545.268890057187,569.8906114070386
468.2588059440985,501.17213247274293
543.8669080185891,639.7360868345952
524.4265770276072,587.7517853020672
521.6821745730539,526.4715812844412
455.0579206600038,463.559280890932
753.174602017494,718.4400294352031
666.4484480610195,651.8470537691014
639.5619718641304,556.5409214946555
590.4467392385372,471.16488036654044
718.8566753468305,597.1699717746793
694.4020862534777,553.9702735633261
607.0455847899506,501.72240246648425
596.7817564062373,452.7243761613824
520.9625049252976,595.7882934823942
495.55159589650657,552.4138511125003
476.2101986300317,499.0865854121376
455.947918114199,451.4584166843483
563.4933817289186,594.1143679971992
544.7038445041295,550.7516752245534
515.5925864416441,499.4723253837145
458.1901985568487,452.3321221767299
529.9384469988903,647.856427698957
526.1780121526813,596.7706975468165
463.9538871989624,535.4620277191556
451.7062290751185,466.44280289657604
684.8335589144109,671.37274417222
639.2340997346352,598.5687165538596
540.7862787971517,553.6787998740963
463.993622474613,494.1845816904857
561.3094979686601,657.2619665342588
519.1385951960168,607.8948681980709
453.84358433230335,559.5961856271676
444.42767951170913,479.2560959854353
544.8264278932212,662.4612297381675
504.4586353696602,603.8907107486651
476.1808843449634,539.9451753833465
455.654678272116,471.3888035971454
627.9630793633385,662.0307250370612
607.493175679875,596.7627177595917
515.7313691816903,552.9507621863885
460.5975915677214,489.61051716114684
687.3039250038174,693.9602895232927
636.5563789528998,629.7582915029486
616.0569467227309,546.3628690712409
440.2990519698755,470.17652423166726
641.3195689295559,728.1848007000003
575.4967663617504,659.2720279542061
502.51975971203007,559.6622044415768
438.0595759547538,472.1603312345391
627.8152886079606,661.419693574532
567.169174201136,591.5224054496662
547.6231064964916,527.2402982104322
483.55558564990014,476.6678932908752
702.4096850860385,660.3329917424799
635.7295689687116,601.6625954206278
473.0274494217064,534.9363926001117
433.1207890010415,468.5621887860346
596.2905675905635,642.5457372863846
551.6301017650296,595.2010178951946
532.3922616410109,562.7559408641491
469.7482625469141,484.79679888712246
561.3788649431702,591.8534212990048
541.2751165108117,547.2028840641577
474.0762947000208,501.41512025679975
470.9380710949574,455.8968821877732
783.9978111062393,662.4139503080713
645.949655038992,597.4256402399949
616.7397475313217,552.715609186419
477.71158091102063,489.0352027057949
801.2653781072617,655.9017767749906
731.3363564023596,607.3335157236907
716.0470201082765,570.0637775285667
586.8406411222211,486.92846616206725
680.4300830922333,631.3271059315456
555.0957230304715,577.6243288345976
533.9065683608693,541.8556901618447
472.8166178532291,480.69414383135927
593.160646298201,692.9096349072698
558.0347101243617,639.4348595585311
539.7606634878863,590.93667839659
444.9103924964266,493.0726805401499
543.2492470654427,629.0551602127958
513.2446557791833,580.2869653982704
494.45204633491386,521.1948805245302
454.994391472549,460.5732362909274
696.7534509928574,637.160800731608
617.953970435682,585.7409130005567
586.9941937714807,539.5409877799466
520.0029818847727,473.4927754693036
560.8489159458138,602.9654805480316
546.4638452902718,559.7227083654567
505.9816322727785,507.2592436634803
467.6263442790666,454.76210621747794
499.29478078663095,706.1200510979882
447.1465610625411,613.5962039435033
446.56582682499766,540.4257425424737
418.1407471581099,492.26939704576273
544.0097046304677,614.5033829642317
525.0187914938344,567.4031629535442
521.1114652109535,536.2310047155945
446.1343339094556,475.3223482326535
718.8768641364126,655.969555773479
663.635620780502,587.9575295980587
582.0955673810182,549.5888470745433
464.11249093948686,491.81667011564895
890.6302904494659,670.9537811469263
692.9903111390408,593.5021809481419
611.9395698712516,540.1467557496671
594.3445703388145,489.25712394408725
505.7377145716787,770.4107924958657
497.19856329910266,694.7560534199484
444.3938252338676,580.3416101745939
426.6980255518923,478.61113706985543
551.7446645653912,694.6370091870216
520.0542634927892,607.2582438081745
464.21164970724425,536.4454982745183
448.8864072957066,488.4870937022748
756.8871065276188,666.6161988065684
593.6332318004021,606.2577323408572
576.3863476427989,569.0750073317953
432.9465330789165,494.7173319300232
615.4855524048013,689.2642974618243
588.1246044796945,631.9014302853635
498.8689134589234,565.7680185705419
458.5371911970298,479.68608642243566
577.4424206616455,605.3597241081197
560.8128116474442,562.0119937684173
516.3654195668769,508.19897533476507
459.4562916962709,454.65587498734004
562.1902011710922,688.901825819646
538.0679709738802,607.5248888478224
525.095211952674,533.4037485650789
471.46041520475393,482.8780730364884
601.3225399003157,675.2408667997277
570.3468238354822,608.6251263702245
550.7279569202167,566.4977011306249
519.287461081475,496.06445622483164
585.3743432379556,594.3472042781829
531.8175069306365,551.1749896163063
526.2858934549797,497.1158900127558
454.6720658071067,450.3198133659471
578.0479131695089,630.7169971654477
568.0746795694313,579.8008565409517
557.6167432768373,540.4951965812369
455.8510265242718,475.8114929421478
581.5200878205168,697.9907179012464
547.0741931027135,639.2134720532152
545.1947702736596,573.2270054910578
462.64375263671224,483.30668903727485
798.7184937609263,703.3416552999014
648.7422563133529,613.6826012889646
600.0438982352738,539.5373444622968
491.39686943231214,489.99824592450034
574.5465252401535,574.4638772315825
546.786302923824,535.6286697513042
506.62031199489616,530.0017610225785
452.6627833180645,476.8334709035899
703.845243639987,656.5533615505423
672.0142960922122,607.9242604833471
633.5596971505722,571.6565871536576
451.3859500277666,487.9661510667664
679.852888414925,625.3311836109707
606.0578820118811,560.7080666351518
579.9853391014994,527.8580940086437
480.8642400701781,483.34764252418984
487.3007546155335,670.1643007005755
452.6130496607777,595.4883464516515
450.5819555706401,541.0409857694107
420.47223918502647,487.579334278749
677.5111501863419,639.8872382463845
572.2867929089758,591.0722005891304
553.126563660848,550.1180381910735
461.33128038202415,477.9370721740239
651.9904231605137,654.7774317547443
626.0263938267012,596.9268864361815
485.383247950352,523.1473967723335
465.4658220536958,461.1712227259993
561.3549338206711,597.6366254157675
539.5171489714845,553.9201601013968
513.5404354169157,501.87536674415514
458.7352007178072,453.13490259738995
575.0041270578758,604.3532252872378
563.3507622177636,561.1850089131563
516.0369192880318,507.6243493860858
458.9244135246659,454.43664383302615
597.6288824623451,639.8547082563123
578.7374391778417,573.2035476918967
566.7147893330357,528.0146412963494
448.7439600642569,475.1015594730764
846.2989795017129,594.0902618075386
519.3340435775315,559.8399144747651
476.0801284568726,507.80510699812305
472.4757093430973,458.9143135152165
687.3039250038174,676.2880211000872
636.5563789528998,622.4520840711617
616.0569467227309,546.7570885146514
440.2990519698755,477.8934776548023
682.8227759367221,756.5082568664243
654.9981918243433,686.806043846777
387.9498803965478,585.8979126226944
292.6504186034527,494.839180812596
777.938865544766,589.9775685895179
600.621012444145,553.370193179782
542.186274381016,518.0952879198308
465.0502083970718,465.54871171642645
508.89640830644754,645.0939349648854
495.4781979481173,572.6327155744017
490.9775905899715,527.3628253731862
459.0731671387516,476.8713706964133
558.5021808890314,598.7340671900171
534.152745696776,562.0351826407814
474.11215856882217,512.8251409020914
465.01940426241794,462.06718188514503
719.623737979524,652.0019147378688
716.7012037495248,573.1912862022293
641.1897872578048,522.3217582875703
539.265173593385,475.5394096147298
655.3756203496673,629.0348372072358
622.5483330307354,573.3586271287015
545.5066529648574,542.2679033791654
483.32506375321367,480.0055595489956
808.9820195810361,641.1566262680599
737.6270040010118,599.4124529062317
718.5840110078352,561.0780463444512
587.0235374380363,482.8378276275794
702.4096850860385,646.8245931722855
635.7295689687116,599.6284432656304
473.0274494217064,536.1282094480879
433.1207890010415,473.13948105184073
890.6302904494659,639.1461899979157
692.9903111390408,568.2379584756181
611.9395698712516,526.4807487342026
594.3445703388145,476.86864515107436
529.8512444414915,655.4302811687984
514.5006938092062,575.241486921248
485.17371169383694,524.2531398107712
468.92217672210353,476.6934301543274
703.845243639987,639.0574634706282
672.0142960922122,597.1391355574926
633.5596971505722,560.71108349188
451.3859500277666,482.88575438546064
604.5650117456447,633.9281248247948
582.2515573888973,594.264764868502
474.1508404060144,564.2693444271985
470.36307484639593,484.33493375259457
886.9439863131249,625.3629042520191
642.6408561991865,571.3062592179873
628.2031712590773,542.5201082528154
463.27141934123927,479.95817414134297
512.9833484117243,591.0827950651093
511.1288202377232,553.9386658416693
463.6488941380858,522.1797503573808
459.6820861700347,467.5304273581811
633.4884334828556,676.7937166762158
595.4181261686513,626.583481959696
504.0702553624982,562.6946999976542
452.4407751493582,483.87499169123515
749.5254643670708,626.2525468500206
582.9842726834017,568.7125683893604
572.2691823328425,529.5621125574969
475.371317540097,474.4310830237067
673.1033773963994,622.1874037360245
602.4516648767809,582.180987848146
588.3551751642307,536.6584394907677
520.5575255595601,472.83435227135107
598.641817832653,633.358445051789
581.2496063907054,593.9950821347937
552.9567277269363,563.915127317218
465.736931290636,484.177848781552
584.2794944143261,590.7464082757447
563.8677964470476,555.7001657727402
524.6187189122548,508.8799443636877
462.3549764618555,460.10782076560014
514.0714714786966,628.1851649736835
508.04603117539824,587.890607469497
478.1468825417848,541.9994309708494
460.4512454363179,474.8558233192352
727.5555322066733,637.9442294634556
691.9425182055923,574.0890682962274
621.1149307573604,538.7166275408937
488.7959546557436,480.41701334638344
887.3754949123627,634.8936782884755
667.0744830979241,575.1771084647723
607.7772076526338,541.564590865605
592.425483552561,480.5338493067886
652.678573908941,636.7274255377431
629.7985921685502,595.0212073332758
622.2284063047605,558.6891827273228
473.93713311076897,482.07279200201583
677.5111501863419,627.1219149751522
572.2867929089758,587.5758305788135
553.126563660848,545.3731299957129
461.33128038202415,476.14271022701257
734.7944791925964,632.7488159284032
547.5685472748764,570.2236817625602
541.7917029056425,532.5813517257942
410.2175269194429,477.36252644190205
603.5039701358446,624.0964959853459
586.4351074264267,567.5210700519405
472.96665959401713,529.2464481052875
418.9705038722263,474.1623680194491
738.7630954340286,614.8179509309005
602.8102664915774,577.3290028151853
579.260948154166,546.9417272075898
508.1902462209763,477.19739697956396
573.7943117669732,598.8204251301294
565.8129079900003,563.9403420477362
517.0931507506743,514.8103175898933
458.7169576715217,461.9829855535827
540.0563718886741,630.2359333688172
497.6145714241552,589.0008678936196
481.29936025598886,529.8693600395446
451.71567832169274,469.0480821270954
763.6971532386463,634.9483870925692
614.438065200578,571.4029546737983
602.8261380349064,535.7893738336129
485.63359502806384,479.22253757070786
575.0947767245403,635.929111860016
540.7174152913079,595.4165497686308
515.3790723388717,552.6054613986506
465.6513964501861,479.0811695920019
607.7916391862393,679.5637422557859
598.5633302247654,626.752356107722
573.0552368103438,554.2576848257552
448.385589624607,480.69310715537847
741.7765600746402,640.3865343489404
710.094898827844,563.2970742382815
332.24320577171915,515.055706775015
324.1278888269732,473.1769606562915
780.6987926209305,584.2317979500343
642.8986551252577,548.2064404510769
535.7046846205708,512.1595754481016
498.58275004623226,462.99784026619284
807.2637375769092,644.2662799336983
660.4987789000014,602.7110115144095
614.3881041443576,565.0305064674435
458.0317942493817,484.32894482309644
819.3001048406257,746.3135569526049
633.9965261620346,677.0346052381279
629.7871010364094,577.5978838832276
487.48787786924026,491.7886149489796
532.0516958753386,608.8924465952638
522.9586521871431,571.1676956127849
515.2070367424781,535.3829140366533
439.77194905873495,472.35557633292933
574.3081158369903,656.5531868955021
562.4919756701654,587.2030159415378
545.268890057187,549.6692303531657
468.2588059440985,485.8307775740605
519.667112032019,619.2297245625296
472.6484310829827,564.7528092482013
448.2488400730608,525.8581583384298
407.65551445247735,472.1930266401485
664.6014143673349,651.7252858201537
619.3985689213596,579.5567912828901
518.9311182718285,538.0124252007705
476.479471533738,481.6364011014535
633.7378824024624,627.4597556525273
539.8244226081974,587.7066388588021
535.1941030202516,544.2206660397678
459.2618719271435,475.6796035135643
670.0596517449959,620.9841663340995
612.7939587726802,581.4960582272945
588.7457955390164,535.9971928676189
524.9986463351058,472.4167933080552
680.4300830922333,614.5145335343566
555.0957230304715,568.1637647141758
533.9065683608693,534.350596547911
472.8166178532291,474.0605551612955
871.8903709476441,639.031829526003
808.6992940453625,597.5462637933496
789.1294533825247,560.555831440246
625.6326029029589,482.7105016541415
596.2905675905635,628.1010164996759
551.6301017650296,589.8922692259944
532.3922616410109,554.0629551440029
469.7482625469141,479.7282600969119
830.1292858466161,634.3352731632357
732.266908333465,593.0936603716168
692.1433905657562,559.3140043172314
593.7696989780121,482.4757346821706
516.0381466550244,600.7585988823676
509.065278383735,562.7284861051807
491.4364620089221,530.8937336446656
461.5479810490431,471.0519083273114
811.4085811188739,586.5835139537696
562.1979705080112,550.3562593336466
537.9662578714598,514.4204267675404
512.4270076990571,464.0005586654913
842.6916860042331,646.3042145107711
796.4037391842754,577.2866493781428
699.9965012999407,538.3821273837858
618.6272937304973,481.2893453783133
816.8647005799231,640.3626629730732
642.6166556645695,576.5171353324671
581.5734571327612,537.4897233666853
577.9376358918604,479.29444994747536
486.0421852066818,612.043204099177
465.63583505789865,559.4788163808515
463.087972029255,525.7207145060595
462.9537746466754,472.54235777769395
512.9833484117243,607.3106927422696
511.1288202377232,558.7756692195484
463.6488941380858,533.3922344388047
459.6820861700347,478.5626630459981
573.7649751736172,577.9350702453569
559.8733208533798,552.8917837069581
516.5917588149247,509.3197704327798
459.338777272405,462.2804254860125
534.6481660855585,556.5212821912222
518.4679246313269,535.1542271978407
487.7313165056417,495.8176125577445
476.14883685981425,459.84888600100953
645.2571534489554,680.3364122058732
598.0329385295252,601.1705399208653
561.5930909347676,567.1372485690911
486.5123406637388,493.59543377296546
747.8713425682434,665.8275502965182
603.1552420896735,587.8154825467692
595.564757016147,552.4837834768371
485.2427962802294,490.41458785924476
846.2989795017129,561.9616726677673
519.3340435775315,546.321836708615
476.0801284568726,496.9728258206582
472.4757093430973,455.4051506971486
883.4891497336907,646.6045409227204
688.3234597943687,581.4734123387232
464.7465696015242,528.5196949098687
432.7524403852291,479.85456268972143
622.3418691115698,632.5035252303948
561.8216819589815,588.1322451963557
472.2113819267588,524.890088977193
468.41237311769976,464.17465126547347
540.4727163589555,643.9562022022121
506.1234968597247,596.2899341124005
443.30030846637055,551.0076080127816
425.4037156178861,475.8446621577774
703.845243639987,658.6860814142451
672.0142960922122,605.6766820183332
633.5596971505722,566.5857332089519
451.3859500277666,482.64176216465506
543.4020887360975,604.1705708921398
537.7181402118088,548.6261601755959
516.530324335695,519.1618902288092
461.3252547412272,478.69790106874694
831.5215709029452,640.2753306626194
702.8279199121653,593.3033781011346
627.3304389588875,553.1816346854688
620.4448021319861,478.145496028425
741.7765600746402,640.031644701245
710.094898827844,568.8740199675739
332.24320577171915,521.9107375432459
324.1278888269732,481.01840930129487
798.7184937609263,665.0394383981677
648.7422563133529,584.6724934823956
600.0438982352738,530.2825455731348
491.39686943231214,483.9306124285901
588.6514000659456,608.8445095068273
561.7603783178113,560.7478192706016
472.966119527276,533.0753992085721
439.3658505881931,477.4227015190473
819.3001048406257,731.293501916428
633.9965261620346,668.1855825307579
629.7871010364094,542.3299776492477
487.48787786924026,455.0314253608341
563.2856424916996,633.2415641897148
562.4941978411848,580.8129238350089
521.5472156952866,537.7507072034364
449.70015750909374,474.51563100855907
777.938865544766,600.9265509854537
600.621012444145,555.5858211244873
542.186274381016,526.3789174489735
465.0502083970718,475.0211487198339
670.0596517449959,631.2213372631868
612.7939587726802,582.8321865484199
588.7457955390164,536.6917016134645
524.9986463351058,472.53719019446544
545.8328204491643,562.9406906309041
531.9681442041639,544.3689825377344
491.66545020688056,497.47374089981446
473.5426782384917,457.01957188391214
727.3940799567282,715.3049502869472
687.1031573287178,657.4221175568406
658.7577673398848,532.0865153633817
592.5923008331594,451.6432543696879
719.623737979524,633.9396917003938
716.7012037495248,575.0571786175088
641.1897872578048,523.0657362316393
539.265173593385,477.353050779274
585.7394020133004,644.6638386305
550.3632709993229,581.305060453495
517.5891078367027,549.7018920338061
448.2195600461519,485.9557520651915
560.8489159458138,574.64316653927
546.4638452902718,554.6479736311177
505.9816322727785,506.81423582527236
467.6263442790666,459.0555862805827
574.3081158369903,690.3291474946957
562.4919756701654,604.3346969622369
545.268890057187,565.1494500231482
468.2588059440985,494.3103130913981
543.2492470654427,605.5385593298246
513.2446557791833,574.2552925585247
494.45204633491386,515.8628109545211
454.994391472549,460.46720778130924
796.163262730047,716.9089101496895
749.6397817134945,655.7575909367922
735.212910397333,556.2880537401287
713.8649404744775,464.78883479349616
617.4932649416379,661.1457741718544
568.9349099759,611.7784182835952
457.9061712796709,523.3850509212879
444.5679197466184,457.99098945861505
504.3539332100116,604.5013983348657
498.2365942629005,546.647928173383
460.5035078816221,533.9110431816766
453.10520090102193,485.1798934314672
637.7903223811521,624.5402969855178
577.0704512068247,575.2018235543624
482.8559793794818,540.6430204298002
433.786258147532,477.1475392841266
540.0563718886741,614.31274275347
497.6145714241552,580.5953736974305
481.29936025598886,517.580952051675
451.71567832169274,460.06307767952734
563.4933817289186,566.6295503381293
544.7038445041295,547.0516063905116
515.5925864416441,501.30782462471467
458.1901985568487,458.41992945745574
558.5021808890314,582.9401146940199
534.152745696776,553.9639127755322
474.11215856882217,507.3710569806026
465.01940426241794,461.72912470518264
633.7378824024624,639.4939776773286
539.8244226081974,590.7297695091755
535.1941030202516,545.6291340642034
459.2618719271435,474.89684109157236
652.5423789518237,647.9840173861916
598.9655803711697,592.4741239581911
579.9244365101151,561.929019185919
466.9259554652359,484.26262288374
652.678573908941,655.8957326456452
629.7985921685502,603.2690371936279
622.2284063047605,564.6993851853454
473.93713311076897,482.30645253491895
702.4096850860385,645.6407347278396
635.7295689687116,595.2532718277045
473.0274494217064,525.227418270887
433.1207890010415,463.8062852435199
630.3282482897991,628.9385571276172
605.5789177029181,580.364507641842
556.1921797987364,536.4889869895699
521.7514128822139,473.26396218770327
579.5766879867067,664.3522344282583
514.568213188165,592.1190756078128
503.4052784630531,551.318512514202
479.76497042240504,487.444515706131
585.3743432379556,563.4922884084253
531.8175069306365,546.4294903979797
526.2858934549797,498.05070731027246
454.6720658071067,456.30185444571015
543.8669080185891,619.740016362076
524.4265770276072,581.7838447758661
521.6821745730539,519.6956084971646
455.0579206600038,461.8323832236669
723.4895969127055,650.2397849318038
647.1522013159661,600.3409293359568
615.9083787428791,529.8088269915683
573.9080736333348,464.5435181839474
886.0973914997287,547.9031131338166
673.5272544822762,519.8811804657508
587.5385119329312,488.6558536977156
508.1075038061588,464.9898558134584
551.7446645653912,659.6482756459424
520.0542634927892,580.8516487194103
464.21164970724425,529.0771658024911
448.8864072957066,483.68339899874144
602.8558096941915,638.0081044915687
537.8163313736185,593.923363885188
529.7152287926846,523.6653488675198
497.8348305978821,461.8379982863584
656.1290436899292,662.4930351668588
647.2583854153044,612.1022313418562
627.4196766298201,564.3075857132026
479.0964321215763,478.6200093442811
486.0421852066818,630.6438558655324
465.63583505789865,568.2912402627968
463.087972029255,539.1231500098305
462.9537746466754,484.2446477981302
577.9110993685471,625.8261714408129
568.4841471810776,570.0599701834896
558.335733396071,550.3334036087283
454.5949914887845,485.6516770017941
673.1743843670963,715.4258148194433
601.9279607274094,657.4874037674948
498.2262426219892,531.9347645149635
375.85753466179426,451.5869443882451
718.8768641364126,658.8648506536963
663.635620780502,582.6030791135898
582.0955673810182,551.8920608165109
464.11249093948686,490.68561431439474
572.3824839989642,648.8632434615203
567.2599832537726,594.627114077913
544.9593648872828,550.2638270662421
447.5078756284887,477.20644288813423
753.174602017494,682.2957566227074
666.4484480610195,631.3310798304245
639.5619718641304,529.8428144269591
590.4467392385372,456.07298670547743
581.0444280615988,665.2645829998839
573.2772425885129,607.4746864294209
573.2354095794708,556.8795883562925
451.3089575089877,477.659985267714
780.6987926209305,590.216313621406
642.8986551252577,548.476500176213
535.7046846205708,519.3952353899482
498.58275004623226,472.75195161403866
603.5039701358446,641.383074788456
586.4351074264267,577.733276703873
472.96665959401713,535.751193370374
418.9705038722263,479.28436335100474
562.1902011710922,666.1893544240601
538.0679709738802,591.4799006093766
525.095211952674,524.6124425948228
471.46041520475393,476.32574021668944
821.9933564063326,628.6651110154544
729.9181171662959,583.4522977905623
702.8692286502011,553.0384205472423
604.4447867751416,473.12276493531044
627.9630793633385,656.406441273699
607.493175679875,589.2562960987494
515.7313691816903,548.8478490369703
460.5975915677214,484.6107061166292
819.3001048406257,705.3271274651586
633.9965261620346,657.4972474351399
629.7871010364094,543.2600249090929
487.48787786924026,459.54277575258067
486.0421852066818,647.291207750696
465.63583505789865,579.0422996309526
463.087972029255,541.5821661363739
462.9537746466754,486.57132397980956
551.7446645653912,693.2755809328596
520.0542634927892,607.3056903498486
464.21164970724425,537.1165556159962
448.8864072957066,488.24327460995374
890.6302904494659,682.2909437738234
692.9903111390408,600.6526673043368
611.9395698712516,545.7287958525186
594.3445703388145,491.926447019311
536.1063956409447,624.7791960565015
519.9511170293137,573.4704448524517
510.36802665068893,545.0175301111389
438.56577751330695,478.01386739850466
508.89640830644754,669.136122007148
495.4781979481173,594.0305192052731
490.9775905899715,536.6529059379577
459.0731671387516,483.1243661315446
543.2492470654427,615.9122063257987
513.2446557791833,572.211217368267
494.45204633491386,515.5817155627925
454.994391472549,462.49761192710787
630.3045302125053,687.2796541231991
574.6217391240123,601.6216544548657
552.0230867177139,549.8725029297218
455.96466391493374,497.62112261063584
534.782207705619,656.676115703677
528.9673451985138,587.4223815461297
490.3331783758491,549.7713656746811
452.6201538001583,488.0529692351795
735.3215978263087,660.7336319379936
668.8005889025259,612.7580762478956
645.2771666538749,526.2819626481116
468.19235558327034,462.81597818682536
527.0121877424567,630.2622176102225
521.0199339223939,562.7939597395912
491.99350066419214,540.2679411219143
436.9867045585649,491.6552573089902
702.4096850860385,654.180916312101
635.7295689687116,600.7408696717384
473.0274494217064,530.8929525532845
433.1207890010415,471.61314139319785
581.0444280615988,646.6380517975249
573.2772425885129,596.2046809827299
573.2354095794708,552.86671963846
451.3089575089877,477.1973154529724
617.4932649416379,663.8815170011572
568.9349099759,613.6960022587322
457.9061712796709,528.2404058256392
444.5679197466184,465.2878924414536
586.826733870532,630.0817787420639
558.5088216848934,579.7418004875655
534.5227198449309,537.5449815562331
461.4655668837807,474.4732907242766
594.8995052962509,598.6303230321288
592.1930207205863,554.2451618807671
533.5683744987524,508.76562062528956
464.9006875214415,463.067856263243
796.163262730047,682.0430707965886
749.6397817134945,636.8008061392267
735.212910397333,551.168697885517
713.8649404744775,463.85767819769177
656.1290436899292,629.695629151886
647.2583854153044,587.107145176318
627.4196766298201,551.7411387236408
479.0964321215763,470.2257329669351
581.548441366726,638.7634931461986
568.3209840377929,586.5442195108727
549.5177472598442,549.1606992118549
451.25634764967714,479.4664005099931
734.7944791925964,666.0326210030189
547.5685472748764,592.6181988326588
541.7917029056425,547.6046874237787
410.2175269194429,488.57915047024227
606.2494056772535,630.1417314319297
578.4376667409374,583.6806397884676
488.96077135219394,562.7890413901704
475.26024521387785,477.7336100897866
748.8183849762993,593.5809040012355
695.4413182313432,553.1688961446436
641.6897079914676,501.0665459850598
513.423598472593,457.83606248653786
830.1292858466161,629.981121568563
732.266908333465,582.1215389660426
692.1433905657562,556.2527261679307
593.7696989780121,476.6298575262781
474.5193247730624,625.0732128855836
456.7290686956979,561.014633162116
450.0867751540775,527.2143969639058
437.6664699192188,483.5903193357775
797.2464124719116,648.4153164876227
626.3495502176121,585.0424986311082
590.7949413092078,554.5899276155376
468.8188247721748,486.13877726913813
491.2320484562486,673.2617777350822
471.94500360542247,590.8416119336414
459.9210087067679,544.3034438177588
431.5703119089766,496.1676556174678
718.8768641364126,669.3658719692849
663.635620780502,594.2008447520566
582.0955673810182,554.6619801909939
464.11249093948686,493.0095981589478
708.7800443095302,683.512591521158
627.8540466640111,602.5121983037519
572.7192027726784,535.8683897589102
546.9059522732556,484.6809643172619
855.1238526305019,679.5531153247541
807.3029294437728,601.9973655567561
693.630585231437,554.4401955291838
622.8585413415191,492.00177679296627
535.1522375163458,620.8290163586726
532.4600786561209,561.5992320002338
458.2712163936379,533.1368658693918
447.3815885391874,482.93742630074496
808.9820195810361,628.7088391919447
737.6270040010118,583.7981356717321
718.5840110078352,553.0577231665291
587.0235374380363,472.8301258127393
607.7916391862393,664.5893913421586
598.5633302247654,616.0976550558916
573.0552368103438,537.0756750858429
448.385589624607,466.19435552509907
673.9644263075822,622.1822510988134
571.4607675281819,569.826794701261
527.8911497559075,540.0183791532768
452.4317897353498,477.6099282815151
574.5465252401535,610.7000738591175
546.786302923824,554.9076199887467
506.62031199489616,546.4855354246896
452.6627833180645,487.8749048915559
602.6943258880774,644.7046951867723
572.8205117183716,590.0292220203839
555.0587327575885,540.933972590969
454.3658736081916,478.28012016782765
695.983310594185,641.4632239125041
651.6939612965455,593.761733644571
631.165102778726,557.8153591861909
593.8126480565809,476.48064637487596
599.9067437901979,656.9417359498746
579.622843559374,605.6150465149321
530.752631532557,535.4225735820185
446.8294265717018,470.16267491692895
584.2794944143261,595.3144177249488
563.8677964470476,550.3602195871246
524.6187189122548,504.5136391397071
462.3549764618555,463.00021440504906
762.3073484528429,670.0940740019175
699.0935473429431,618.4712957236087
661.3603080097016,531.7190996870262
611.9997376903796,466.83201479079247
573.7649751736172,597.8627064173194
559.8733208533798,553.5051905439186
516.5917588149247,508.4304319009176
459.338777272405,462.99938165068846
577.4424206616455,592.6641935461781
560.8128116474442,553.0515879892912
516.3654195668769,504.3847239803639
459.4562916962709,457.9692597941547
690.5706497394297,579.9561102976564
523.0915200206745,541.9214969668942
514.9557170623666,490.68000599218817
439.6166473876625,454.1889267481582
623.6049869230419,652.0583447671069
590.462502049809,599.0010057374919
526.0449080980346,529.3111163599065
450.2458708101062,471.0510232117264
588.976472965822,655.7134629654719
517.7786248379507,580.247329159456
515.2330212052162,521.0371119711432
445.31166333695944,480.8357294941677
673.792897264189,629.5676688246485
599.67926577825,565.4077959164484
579.9439977673546,536.771319579894
481.42426099656416,486.3931515653744
807.2637375769092,627.977736942709
660.4987789000014,584.4530248254064
614.3881041443576,555.443276767367
458.0317942493817,472.30234808749674
546.5412607481817,667.2984334498473
527.7291200234451,592.3192894278455
490.5235888006426,525.3971001157116
461.93768459841544,476.6903213812858
538.6835163653345,640.9105331143185
520.2622832276276,591.7225881669943
512.2306759356334,556.9526713213817
449.6579066436104,478.266331335235
504.37827607283606,668.8770935542319
488.5474710611747,591.4560545613501
464.6056293585397,528.8076225983091
417.20570848878344,482.0302361459263
831.5215709029452,622.2582371336092
702.8279199121653,576.2036777272183
627.3304389588875,543.4408614309342
620.4448021319861,471.5486447604464
677.5111501863419,636.6700161410611
572.2867929089758,587.6122658611743
553.126563660848,552.2703403599471
461.33128038202415,480.53285202059294
560.8489159458138,617.5240326090607
546.4638452902718,564.9937064171808
505.9816322727785,516.5942798167091
467.6263442790666,467.5754379511714
667.7945674230559,695.1649043716837
639.4837868158477,628.3078735712961
586.0924764432956,549.0236296786776
439.68367672864383,478.2320696834034
792.9176014986932,733.5657001702818
720.0630712831514,665.058434849998
392.46014294309293,589.9507900720278
289.52337896433556,493.35596290447785
633.4884334828556,680.3144893399781
595.4181261686513,623.2302121747553
504.0702553624982,571.2830221225269
452.4407751493582,486.8847819562101
544.6520790404546,698.0650885996392
541.3569862876044,609.3226402771301
470.0012086866222,540.6648974448169
421.44105516161386,492.58422718277404
590.8529383009242,657.1914290080374
589.4404294373809,599.624867042051
564.4612246536981,539.501520010104
449.47111275655215,474.7849559083049
886.9439863131249,643.2192365487606
642.6408561991865,584.1987717963664
628.2031712590773,550.0421398746041
463.27141934123927,486.6498872365425
627.8152886079606,676.3962244130157
567.169174201136,596.7336749506485
547.6231064964916,537.3053313265464
483.55558564990014,488.3265634404178
590.6684906664534,596.107536204446
586.0675981142068,543.5137592082139
546.5309024521912,491.12674406721925
461.8743270428282,458.4471997460458
856.8205559786115,674.9743741389133
783.8522772905812,599.4940019875199
713.2657186728048,544.7789557574548
625.3167938440248,489.5751757172831
783.9978111062393,661.2780074722617
645.949655038992,595.3280513655018
616.7397475313217,552.376229323301
477.71158091102063,489.20579222412294
897.7859053342904,658.0857408668954
703.6850127063283,584.3806886619802
628.7890620664117,527.9831867837504
617.50121530202,482.65832034316486
696.7534509928574,629.3818979455431
617.953970435682,578.6748403192896
586.9941937714807,534.5083309552194
520.0029818847727,473.46040165270506
687.3039250038174,672.2740998552085
636.5563789528998,609.8853665572885
616.0569467227309,538.8272397481041
440.2990519698755,474.5366287161949
593.160646298201,679.0836139964222
558.0347101243617,629.2744702683021
539.7606634878863,598.7423754363805
444.9103924964266,497.1060626248962
652.678573908941,654.5276084619776
629.7985921685502,605.1281594157122
622.2284063047605,580.0711089930169
473.93713311076897,492.47567059594684
703.0574020296224,629.6079561431569
580.9031557113021,579.8438009369854
541.6768565091862,548.382934737804
484.1221023256675,480.86418902319406
590.5546471605375,652.0856663004977
567.3980884969088,594.2474772541084
476.6345897264673,560.8014871911765
473.0020120341411,489.3892679022978
819.7561852527456,660.8073908455011
744.2625911368712,600.2328619965656
647.8911553488601,531.3964760034517
552.4887088495086,471.66395417278534
529.9384469988903,645.4865440490207
526.1780121526813,591.1122904427428
463.9538871989624,539.3172216069427
451.7062290751185,475.0369030319184
580.214669021434,644.777578942358
574.4152741961453,585.1649070081988
563.985055817266,545.839649488112
457.8968754331682,484.0405092511704
543.2492470654427,631.2876592856006
513.2446557791833,577.4551402516954
494.45204633491386,524.3193281728493
454.994391472549,469.54732425397356
747.8713425682434,659.3951079674991
603.1552420896735,590.3481149739458
595.564757016147,542.7384169211952
485.2427962802294,486.8763400825999
521.0028349635531,698.6752448451284
492.8694151072838,609.7324490010252
485.92581181990687,540.8765804500337
477.4816921343061,492.72470964641394
603.5039701358446,650.93700255308
586.4351074264267,585.0516907426261
472.96665959401713,539.2188494887083
418.9705038722263,484.13563149439875
594.8995052962509,613.9254055736435
592.1930207205863,561.2101220965577
533.5683744987524,513.4725205675647
464.9006875214415,466.93355751002366
763.6971532386463,654.011985467635
614.438065200578,585.9175862848176
602.8261380349064,538.3706152088189
485.63359502806384,484.9205699597043
753.1005291822447,647.5493690484378
717.7043943276791,588.0721303477504
595.5882682549858,553.2855607876518
471.386956858488,487.75283414006253
508.89640830644754,676.588161547225
495.4781979481173,597.0086291069415
490.9775905899715,536.420631791504
459.0731671387516,487.7840735208554
540.4727163589555,645.4621924995612
506.1234968597247,595.8164738999873
443.30030846637055,562.1803083639346
425.4037156178861,484.5076431593214
585.3743432379556,609.4240379557444
531.8175069306365,556.3901633012829
526.2858934549797,503.8792117663981
454.6720658071067,462.69392499995814
520.5013282168767,608.4491929070831
514.6631305360726,561.3795580169863
502.05473773429605,529.2272793712311
452.5480436601496,472.93451384185363
749.5254643670708,653.7397319764049
582.9842726834017,586.9316853827812
572.2691823328425,540.1452006513214
475.371317540097,484.73925210406395
810.9142535647107,645.5461378153955
696.6767437590739,584.5825396216626
675.2113039371985,545.5364062365253
587.6273972043278,484.9863053995365
577.4424206616455,619.4849497227013
560.8128116474442,566.864107163018
516.3654195668769,517.9031297228419
459.4562916962709,467.8823506717357
668.6561112534706,644.0664388849017
599.129168668199,574.6636616811605
582.1404886914792,522.0090865551523
489.0205461654842,479.1230837065686
701.4898062456023,609.3645942724002
617.4823858242494,551.4435677119353
602.4585156754242,508.77015264476364
485.5927582626337,470.46064407239095
585.7394020133004,645.3779863975846
550.3632709993229,584.7602630822954
517.5891078367027,546.0460068263757
448.2195600461519,485.0294593963492
564.6503779062034,616.7573954633422
562.221765439404,568.5791177088407
523.365393761723,527.2053227291269
449.5332418642992,470.3707289938632
489.662931386531,630.4728473913152
466.9335638682227,572.6388081636217
458.8671942678071,533.805787383521
457.65177620109154,479.3449472307407
842.6916860042331,667.6181614801638
796.4037391842754,594.9519183295697
699.9965012999407,543.1816587523532
618.6272937304973,488.14549210040104
642.0375652712104,728.0769953703341
634.2051469157542,653.3426998178952
455.7816675912958,559.4071580049282
422.3969585258148,482.35175018644003
535.1522375163458,593.8317948816757
532.4600786561209,545.388309528606
458.2712163936379,509.0511242368909
447.3815885391874,466.24693160758505
575.5486722407551,662.1675909153354
563.2357159535104,582.952853498378
552.1882003404754,518.6903895514022
480.8285145314334,480.9323083884183
676.8394403543999,655.742166309913
629.3607458874646,607.0670010270311
614.3525646559199,582.8182516789213
481.6278212224103,493.12016300090386
627.5799880739429,655.4992673288028
601.4296172538308,603.7426081978881
472.377445675868,575.5196572682706
457.766359273481,491.59831804977614
705.7583074221305,670.6370580000763
685.8493858869784,608.5274390178168
633.1403617562687,537.4280255131122
520.5216649000569,473.8932195881067
597.6288824623451,680.7744336595518
578.7374391778417,603.6771322341447
566.7147893330357,549.3807283713852
448.7439600642569,491.98022709697443
567.7781364529212,637.5582207930124
561.8271549138334,589.4526782684487
542.6117264100411,553.0545241285979
455.4330496358303,479.92416552836755
504.37827607283606,675.163077642014
488.5474710611747,591.6964659985975
464.6056293585397,524.4727228039891
417.20570848878344,484.5693251239845
667.2196459071486,632.5504499006912
612.0925607041158,564.5722331872641
601.0785238321068,511.32874622105334
528.319509214999,474.66480767800294
588.976472965822,654.8460003171863
517.7786248379507,575.2419048175587
515.2330212052162,508.87268555053885
445.31166333695944,477.40698180416945
538.6835163653345,644.5854264721111
520.2622832276276,598.0965178068839
512.2306759356334,568.5546646713068
449.6579066436104,485.75232062836125
696.4799391387647,606.4061064491336
627.4561392058225,560.4772059419764
499.458432651188,509.2359511140787
454.8502215169645,456.86898801486717
618.195107495944,642.6980993939346
588.2131356102992,587.8291277716893
514.4387101205367,524.0941347944641
456.5515428264905,459.40495119883235
521.0028349635531,668.7871548751267
492.8694151072838,604.4742501680895
485.92581181990687,534.0663362540633
477.4816921343061,477.1010770441948
540.4727163589555,643.7315898360873
506.1234968597247,595.657917051901
443.30030846637055,558.7167095652972
425.4037156178861,477.72826107638815
563.4933817289186,567.8227390217626
544.7038445041295,541.2992753051683
515.5925864416441,498.9419123898916
458.1901985568487,453.1207972601835
755.5277184310702,677.708845742053
679.4799846748333,603.7077639104532
613.9243432197584,532.3820421556305
579.8247315218983,477.7349155506535
695.983310594185,667.5103433452709
651.6939612965455,611.3230085795608
631.165102778726,575.1891653161629
593.8126480565809,484.16657330302957
810.2016234377421,645.1857952774214
743.825298279839,592.5951256842126
656.114776468272,522.8146222526447
605.537227430502,456.5125541457722
561.2118046750935,649.0748127999726
507.2766454987986,598.6762469357478
441.9149706845173,558.5771476904765
435.3908346214956,476.81812954638553
508.89640830644754,665.216650394774
495.4781979481173,597.7749004258856
490.9775905899715,536.1269995449367
459.0731671387516,478.32120573569676
562.0019991124186,567.8668902080017
551.2614191811948,541.6304582620086
475.1495220819696,500.20438065593436
466.2965617875934,454.0863545231519
519.36725424446,669.6663160310869
483.3465472703318,599.20162184851
472.24069896353166,543.2500652353189
457.19397108914393,481.3986881536129
656.542117151021,626.34128633432
622.4443186404698,576.0553476708704
570.1847305076353,534.3639805264146
529.5240133472662,468.60064619408485
527.6626860286387,595.6895236959439
522.1136152796408,546.6837002733406
461.8948823953812,517.9523379063623
457.9227390710761,469.0690995104129
574.3081158369903,700.5660719569396
562.4919756701654,619.8986101607285
545.268890057187,567.3559741658546
468.2588059440985,491.55258826090017
529.9384469988903,624.3424223646256
526.1780121526813,582.2812108142989
463.9538871989624,530.0211397591613
451.7062290751185,462.1378922789363
540.0563718886741,611.1818615400972
497.6145714241552,571.8364722066071
481.29936025598886,518.0799862442918
451.71567832169274,457.3322718509208
539.2630035181747,654.6090182926589
538.9591736445121,589.89227164797
494.0468783190701,543.5790922662108
453.0898359519887,480.8239032777775
723.4895969127055,642.7935719043103
647.1522013159661,589.2603879977115
615.9083787428791,527.7088999067037
573.9080736333348,460.9282626122767
886.0973914997287,559.3377081043507
673.5272544822762,525.6209304414883
587.5385119329312,479.3526764014465
508.1075038061588,453.8241186660142
560.8489159458138,577.0060090547702
546.4638452902718,550.3506343464378
505.9816322727785,508.2900142937935
467.6263442790666,456.0717843089958
768.8995068104871,669.8059012036673
609.8527150971846,619.1340159340139
570.5677359592181,585.6955084944694
552.0152616569843,487.88479120597225
667.2196459071486,644.1045278217425
612.0925607041158,573.1212066381205
601.0785238321068,522.7973634629069
528.319509214999,475.2753652723702
851.2799498692817,687.3573152098372
657.5277806932569,603.3111063614797
645.3684755142648,523.9958552337491
529.5368141913551,475.9219800094143
534.6481660855585,557.0332010321681
518.4679246313269,529.0078588640317
487.7313165056417,487.7958323983611
476.14883685981425,451.0435392729428
718.8566753468305,570.3029806157886
694.4020862534777,544.203434991604
607.0455847899506,501.658709768801
596.7817564062373,453.7349509215378
868.5557318269211,667.3541017950604
691.3860249854216,592.0795271567829
624.5338006506784,532.2998476226765
601.6365774605574,478.43297731579224
670.0596517449959,625.3626493590763
612.7939587726802,575.515418039397
588.7457955390164,533.4272370285835
524.9986463351058,468.12343902399346
543.2492470654427,603.3226244685591
513.2446557791833,566.386580995191
494.45204633491386,516.0879083556649
454.994391472549,457.4265751708801
427.6756646341503,694.0409923564162
425.6165161082352,613.493523016304
413.64894468625374,542.8443255092653
394.66014909392055,482.1792286533548
880.4209657324252,668.4892410945365
723.639895856916,601.9911102425575
722.9494731819235,560.8764802088835
632.392256729312,487.3983728405445
607.989452701624,598.1000836126269
597.5454879324826,551.3580021739117
527.9232006227113,518.6999120824834
448.8796852188461,466.7191739492471
792.9176014986932,710.8316944932544
720.0630712831514,652.196303021984
392.46014294309293,562.5979180211472
289.52337896433556,463.8992749629118
563.2856424916996,624.7772957500398
562.4941978411848,571.6054833705305
521.5472156952866,530.5326157390673
449.70015750909374,468.00433415883833
486.0421852066818,635.626466926344
465.63583505789865,574.9108383011734
463.087972029255,533.4920717110667
462.9537746466754,476.9548381933005
683.664875887254,575.4565882771572
523.737727801765,548.0314909090797
483.8237270248905,507.24916053061315
476.76037337304007,456.7861519995859
537.15336537158,642.5501878755687
490.2480245716277,575.07838949302
452.46005007544727,531.4476134604387
445.389627165038,477.9504502720364
581.0444280615988,659.1770155061687
573.2772425885129,602.0200646416081
573.2354095794708,560.0912554197942
451.3089575089877,477.5973208088089
846.2989795017129,563.4748116980073
519.3340435775315,539.8905734806395
476.0801284568726,495.4852796685697
472.4757093430973,450.54397407580643
531.1618701728952,677.702394430042
512.4795727152284,613.6749328405973
461.3750527457096,575.2528364743573
439.08770624317685,491.49424480091193
748.8183849762993,572.3165704266682
695.4413182313432,546.1321458238302
641.6897079914676,500.6692470351298
513.423598472593,452.14084666298595
831.5215709029452,644.156364377518
702.8279199121653,597.2907450428326
627.3304389588875,563.7444420794801
620.4448021319861,481.2979890343059
680.4300830922333,633.651541835288
555.0957230304715,581.6393733994493
533.9065683608693,546.5179821549015
472.8166178532291,479.25887015587597
579.4580149243694,580.3783637151016
570.3064167873396,549.0322356568798
509.617360517563,508.37044340141244
474.26983647895366,457.8921146704071
630.3282482897991,623.332741567947
605.5789177029181,573.4805241204529
556.1921797987364,532.6234426368534
521.7514128822139,468.442048141874
615.4855524048013,671.1514758984733
588.1246044796945,615.9805306964545
498.8689134589234,558.370793188318
458.5371911970298,472.04060061049665
842.6916860042331,683.5026732023929
796.4037391842754,605.292336274116
699.9965012999407,550.2026641376558
618.6272937304973,485.1664588246044
628.3419593131739,622.6541873851025
586.2749066373407,573.3633871501332
543.221784849254,509.3209951786358
446.7457013652693,453.42459524640765
673.1033773963994,627.6747165255706
602.4516648767809,576.6236798001862
588.3551751642307,534.1153613921301
520.5575255595601,468.51899888484564
541.0646069213947,679.2298812707693
535.491750516534,611.5955555463008
487.4922070220345,577.2772514964939
433.0962101744829,493.72853758974344
727.3940799567282,707.9606484882215
687.1031573287178,643.3334549376804
658.7577673398848,541.6422325353183
592.5923008331594,455.2225070751562
489.662931386531,634.3160614313813
466.9335638682227,577.3302949351279
458.8671942678071,539.8683254595628
457.65177620109154,478.279701576368
574.5465252401535,596.8698491404643
546.786302923824,548.6554967228323
506.62031199489616,536.3058965178849
452.6627833180645,477.4154195991291
549.406492244949,666.5328481375841
531.9554739762056,595.1050076569437
485.5843743791828,546.9394445184452
465.6973728759831,483.3876353797099
893.5361726985616,640.5631586078754
830.246972179423,580.8835585791672
736.5681012530437,541.3837356911239
732.6659703498235,479.0014430208674
690.5706497394297,581.7101612749188
523.0915200206745,546.3821310025426
514.9557170623666,501.0180579825545
439.6166473876625,465.85255013917276
763.6971532386463,640.4939082788536
614.438065200578,577.1176575662095
602.8261380349064,541.2898549625731
485.63359502806384,479.8269906738345
588.1142801127593,620.5715295392665
563.2008353028251,569.661977426023
547.33924104203,532.3634732180642
456.1659378459104,476.75614629969635
880.4209657324252,643.9655303353703
723.639895856916,583.5293587508622
722.9494731819235,550.1841151424209
632.392256729312,480.40735399984976
546.5412607481817,624.1484955031757
527.7291200234451,567.8093000097922
490.5235888006426,523.1284473675282
461.93768459841544,476.5026298610218
532.0516958753386,627.2873109662451
522.9586521871431,575.6812137042999
515.2070367424781,539.9892551801474
439.77194905873495,475.55211717558217
855.1238526305019,643.9452195236126
807.3029294437728,580.439021445756
693.630585231437,542.1143385094065
622.8585413415191,479.88063403793626
578.0479131695089,637.975909112256
568.0746795694313,584.5972487243638
557.6167432768373,538.0837499084131
455.8510265242718,473.7004882843131
752.3610982988511,708.0515140865166
614.3920808456768,654.015746259594
574.5108091644089,564.1643264802542
436.0444400351601,471.4326058493694
523.6910141184651,625.1314716439211
515.9252531135904,573.257949591807
474.0945959430484,538.8595285857741
437.3976525320684,475.5881810034911
656.1290436899292,663.6450019363966
647.2583854153044,610.947265210147
627.4196766298201,565.2353304305072
479.0964321215763,477.664621397372
613.3467403349949,635.7156803197557
574.3866705839907,582.9694511751616
568.2488278768235,537.2590052100866
453.97680327833547,473.6176841614737
541.0646069213947,654.7473006717499
535.491750516534,592.8067890602681
487.4922070220345,562.1248087340105
433.0962101744829,482.36416978809297
586.826733870532,635.0375860589693
558.5088216848934,584.3017148010645
534.5227198449309,538.470856706562
461.4655668837807,473.5537741488131
510.8983046511708,634.6201500868183
474.4800886757949,574.3095173943103
451.58803496673806,533.2934512126512
431.522039623743,478.1006324683409
656.542117151021,635.0544207413728
622.4443186404698,583.8983679667208
570.1847305076353,536.6842548919412
529.5240133472662,473.13919141979636
554.5416560579024,661.4068999064348
535.9902264708055,607.2485033840323
485.36127278066334,564.7599265225081
452.404970385509,478.27207798518504
617.4932649416379,661.8751433950731
568.9349099759,612.7444161158079
457.9061712796709,529.9898227622018
444.5679197466184,466.8772888236132
830.1292858466161,655.8493405303922
732.266908333465,600.7467461927579
692.1433905657562,564.9395977100685
593.7696989780121,479.6826134014668
705.7583074221305,663.6005605710812
685.8493858869784,614.1238495113518
633.1403617562687,531.5744541787758
520.5216649000569,467.18435330026807
738.7630954340286,639.7880854319216
602.8102664915774,585.3352303528194
579.260948154166,553.8994771505621
508.1902462209763,478.5440432704106
684.8335589144109,643.4625335107565
639.2340997346352,579.7067602597854
540.7862787971517,542.5974382215556
463.993622474613,480.0486555060103
567.4867090590797,654.0682180979663
565.9883438292702,599.759107529763
558.1085340311523,548.9428299741136
448.4493169352268,474.7790530350889
798.7184937609263,635.5287935148409
648.7422563133529,572.8146151355644
600.0438982352738,523.8809200166731
491.39686943231214,477.28703506677857
822.47233546907,651.9417204510636
640.0302252460112,603.9853104079641
480.5840589229429,519.1198560338089
469.66696091199265,464.8995811476098
543.2492470654427,621.051351845414
513.2446557791833,577.5391048991428
494.45204633491386,522.2357881888281
454.994391472549,468.71052319896324
897.7859053342904,633.0341208047264
703.6850127063283,570.8640275146042
628.7890620664117,531.8295098906149
617.50121530202,478.27172682294974
579.5766879867067,644.6105488414544
514.568213188165,583.822841736121
503.4052784630531,544.7811194728048
479.76497042240504,479.61638297737227
856.8205559786115,645.8329348508505
783.8522772905812,582.2632731894372
713.2657186728048,541.0286937498618
625.3167938440248,479.60615948943075
796.163262730047,708.0995767368256
749.6397817134945,653.8382595937146
735.212910397333,563.2949930573584
713.8649404744775,471.28128482553507
540.0563718886741,627.8715873280091
497.6145714241552,583.6036986443123
481.29936025598886,524.1192247796627
451.71567832169274,468.4790740695274
642.0375652712104,709.0818855312004
634.2051469157542,656.3968014042582
455.7816675912958,540.5774576470435
422.3969585258148,464.47761025268375
558.3184920438251,589.973518651323
538.9330996587646,550.1800893499453
495.65806695221414,508.43118197638995
458.4502207907911,468.3226741181336
567.7781364529212,653.785097180031
561.8271549138334,599.2268558810435
542.6117264100411,551.0447917215969
455.4330496358303,475.4584788256335
633.7378824024624,642.2312010247058
539.8244226081974,590.7938559383824
535.1941030202516,545.2192321660134
459.2618719271435,474.64438540523656
527.6626860286387,602.7206064278574
522.1136152796408,550.7737086483743
461.8948823953812,524.1287610116322
457.9227390710761,474.9122804514304
560.8489159458138,598.7498202722688
546.4638452902718,559.1845494429264
505.9816322727785,514.5725976618289
467.6263442790666,468.64354606979333
630.3045302125053,629.7638404505548
574.6217391240123,565.4204070680908
552.0230867177139,527.6261826705459
455.96466391493374,478.26078286058004
883.9137013393809,638.1161891086477
670.2198203880475,574.7289563283445
628.251506204233,534.4146071212361
607.0226160146337,478.77536016387273
673.1743843670963,707.9327384019784
601.9279607274094,656.7527503880676
498.2262426219892,543.7860544942662
375.85753466179426,464.99127549977936
627.5799880739429,647.4791825739761
601.4296172538308,595.6300700078328
472.377445675868,557.5594853151347
457.766359273481,477.98373174869783
492.34848299947487,628.2332012457695
490.1861035177276,576.4731287454019
461.0671408438447,540.1652419419232
433.9821062432427,475.4326098246519
747.8713425682434,642.2666410102939
603.1552420896735,579.212272347259
595.564757016147,542.727401595213
485.2427962802294,479.94693209760015
535.1522375163458,603.920103450494
532.4600786561209,552.3264147000549
458.2712163936379,524.4703344047454
447.3815885391874,474.76779731975944
603.5039701358446,623.2667915058836
586.4351074264267,568.597164034298
472.96665959401713,534.0379391444566
418.9705038722263,477.2089873426604
536.1063956409447,634.1270454614739
519.9511170293137,581.2737166865822
510.36802665068893,547.0270378319913
438.56577751330695,476.9806959740626
581.0444280615988,661.2878464918457
573.2772425885129,606.4287997046879
573.2354095794708,555.0076301014951
451.3089575089877,475.5973832372161
756.8871065276188,653.0153216188597
593.6332318004021,593.2098317374645
576.3863476427989,559.8490903132555
432.9465330789165,481.39178711270284
549.406492244949,637.7866116151524
531.9554739762056,575.9342385274681
485.5843743791828,540.6720976595436
465.6973728759831,479.4912640635484
575.0947767245403,651.766906998621
540.7174152913079,599.478568750386
515.3790723388717,553.9587248864381
465.6513964501861,476.0108957006611
582.0455968504493,634.9145681831984
565.8365180204325,582.6446811906155
545.0623704781453,537.0434097340468
448.4534660173425,473.5496023183668
883.4891497336907,628.9850005435729
688.3234597943687,571.7526524217461
464.7465696015242,526.8574441461612
432.7524403852291,477.1039904415411
623.6049869230419,644.0698128524723
590.462502049809,594.3513364473638
526.0449080980346,526.4973888315499
450.2458708101062,468.5798833897732
534.782207705619,642.6367881153
528.9673451985138,581.5539506770442
490.3331783758491,543.7683984354393
452.6201538001583,484.8215728392821
642.0375652712104,730.49864398107
634.2051469157542,659.6545104049553
455.7816675912958,577.5738747457913
422.3969585258148,492.423743388939
652.5423789518237,637.0211262550815
598.9655803711697,591.541101143916
579.9244365101151,554.6749816361319
466.9259554652359,480.971587888218
831.5215709029452,646.9094750495735
702.8279199121653,599.0390811825707
627.3304389588875,553.8257992823434
620.4448021319861,481.0167383532114
578.1348301689227,687.2018385311759
557.3629908126866,637.729753835385
547.806739631287,582.8669745004106
481.1148231652136,491.35731749029935
740.6119263339035,626.245807027813
554.1582209989137,565.784467447106
535.9343041207514,530.7001868592608
458.84806274078306,479.47363545279046
682.8227759367221,755.2750355426863
654.9981918243433,686.8733309816419
387.9498803965478,599.9298116937049
292.6504186034527,500.18242174764083
578.0479131695089,625.5117022723703
568.0746795694313,576.9643055177211
557.6167432768373,538.2659645103396
455.8510265242718,474.28560832949756
704.6186162201132,709.6506820305931
651.4513226105233,651.841983185007
636.8467915059942,584.5608985789988
543.4121991432592,492.89111862099963
718.8768641364126,645.8025126225019
663.635620780502,581.4025369248419
582.0955673810182,545.2343250456511
464.11249093948686,487.17507506553113
696.4799391387647,617.6700542828369
627.4561392058225,567.0248343467764
499.458432651188,521.4642382794378
454.8502215169645,467.41375612779154
815.4286371353267,644.6562929614595
656.9049422633925,576.7196210104305
605.3092397437212,537.0118048271282
580.3870997222236,485.1765801957853
703.845243639987,659.2101391489225
672.0142960922122,611.7550844313254
633.5596971505722,566.9381793656457
451.3859500277666,486.21184970161465
549.406492244949,650.1888402757315
531.9554739762056,584.5044113905582
485.5843743791828,545.7904893634387
465.6973728759831,487.78483283842405
528.8204891980407,599.0954058511617
510.3625384901165,551.7009054615786
494.3328986406138,509.8462728893762
463.91949640449496,462.66836351548375
798.7184937609263,678.9747416380578
648.7422563133529,594.2039422997617
600.0438982352738,541.3997567445854
491.39686943231214,494.05416288541744
602.6943258880774,631.4912244164069
572.8205117183716,581.2092276018236
555.0587327575885,538.9747582919919
454.3658736081916,474.7286605348157
561.3549338206711,598.986082391853
539.5171489714845,553.135868452323
513.5404354169157,505.6710818862749
458.7352007178072,459.6474522521487
573.7649751736172,602.6576210573221
559.8733208533798,556.0646590016652
516.5917588149247,510.281690407089
459.338777272405,462.3017011599142
558.3184920438251,594.2363409390666
538.9330996587646,548.402360079472
495.65806695221414,502.73519594354593
458.4502207907911,458.8358466754641
558.2422870681537,657.6791495882906
517.8796160593799,608.8025937974188
496.91003110273726,559.0344342798335
438.34312406435185,481.95214818330174
819.7561852527456,661.3555754519535
744.2625911368712,603.7275532492903
647.8911553488601,544.1252729589817
552.4887088495086,477.06960379581784
519.667112032019,635.0752608954965
472.6484310829827,575.5476253511924
448.2488400730608,531.639131919928
407.65551445247735,478.7738700893154
577.4424206616455,607.301475362598
560.8128116474442,561.7977575927865
516.3654195668769,511.9456736632766
459.4562916962709,461.7740255329714
680.3067441056282,657.8573778179907
636.8202661301145,600.9245000607688
494.8083296652253,542.2924609747049
447.2748230458219,476.21315158431025
561.2118046750935,651.087271198062
507.2766454987986,602.8151278170526
441.9149706845173,555.8239665365634
435.3908346214956,480.809968414554
574.83850578051,602.354608707852
571.2346514934544,555.930792927289
550.0238995615491,509.7457303673386
468.8073440328863,461.96356370093235
573.7943117669732,603.9848365955676
565.8129079900003,558.7616811111577
517.0931507506743,509.9412687963388
458.7169576715217,461.13608664633443
568.7176027949133,603.6926319850518
549.059168386686,558.1340170485408
509.63069908218574,510.1509708248305
462.3016362354688,461.4661427841026
519.36725424446,659.46184494221
483.3465472703318,589.282984704056
472.24069896353166,544.8757374962885
457.19397108914393,489.1395725860363
886.9439863131249,644.9914116988602
642.6408561991865,585.9404220400628
628.2031712590773,551.842855122167
463.27141934123927,487.5689831084213
487.3007546155335,655.79322407214
452.6130496607777,584.5039328781975
450.5819555706401,540.0319334273817
420.47223918502647,487.71006036890714
578.7229577351712,648.5426896233461
517.3271771088082,591.4850007471458
487.00860013679886,533.3564593758535
476.2509659227542,472.6095626056458
597.6288824623451,659.6815244016401
578.7374391778417,592.0114199721799
566.7147893330357,538.1957053627257
448.7439600642569,485.0244442699872
486.0421852066818,626.3870491889742
465.63583505789865,567.3484829050792
463.087972029255,531.3779439512504
462.9537746466754,478.9374342615513
505.7377145716787,738.9794129618545
497.19856329910266,671.0652639303974
444.3938252338676,588.3034283167358
426.6980255518923,495.76036268473894
630.3045302125053,643.0009976635976
574.6217391240123,570.8083071166877
552.0230867177139,534.4512185286445
455.96466391493374,486.36128970139015
747.8713425682434,656.3126872496003
603.1552420896735,588.907468069164
595.564757016147,549.3906998690805
485.2427962802294,489.98611174716797
695.983310594185,661.1890704541886
651.6939612965455,613.4567826035992
631.165102778726,568.550525466696
593.8126480565809,485.9782634427304
594.8995052962509,603.3064089458186
592.1930207205863,556.6618252314593
533.5683744987524,510.7479328265568
464.9006875214415,462.4530793843478
617.8885202787397,602.7455275678698
582.2590726071375,546.8799300811959
525.2228710201773,509.1306742134307
474.0915867474108,468.26980794932126
664.6014143673349,669.5585613797257
619.3985689213596,596.3837146399351
518.9311182718285,552.4840685754209
476.479471533738,493.5593662340044
623.4231553280721,628.2307583240413
569.1829565819573,581.1068834885882
556.6905740776033,545.0878791977975
505.4921251375621,478.1977021599583
562.1902011710922,672.323266332527
538.0679709738802,593.1830797240048
525.095211952674,536.4611055994028
471.46041520475393,489.5244410664565
628.3419593131739,637.857961653216
586.2749066373407,583.2055391329279
543.221784849254,529.5381258942859
446.7457013652693,470.8620233797208
504.3539332100116,586.1635572239555
498.2365942629005,536.2816933551654
460.5035078816221,513.0040786572224
453.10520090102193,468.2599311397413
756.8871065276188,663.4311391318237
593.6332318004021,605.5142062782812
576.3863476427989,563.7842826300007
432.9465330789165,491.15269738625443
651.9904231605137,639.8303960555322
626.0263938267012,584.6383790217595
485.383247950352,528.4990293949083
465.4658220536958,470.26738466004986
705.7583074221305,671.1957950591863
685.8493858869784,612.3166621154941
633.1403617562687,549.4459371616628
520.5216649000569,479.2494829442135
551.7446645653912,671.5324095735657
520.0542634927892,588.7812526485066
464.21164970724425,538.0327537393299
448.8864072957066,491.87456535661136
739.8655657728997,628.3592542685243
614.0837079121808,579.7521364403839
544.5777363049323,537.4317439184383
519.7895359357627,473.80178839326044
667.2196459071486,628.2738537830345
612.0925607041158,561.7058607244588
601.0785238321068,527.2246454159896
528.319509214999,480.9957315700266
520.9625049252976,597.3444917752938
495.55159589650657,551.576852104972
476.2101986300317,503.3727142954238
455.947918114199,458.6121276348583
529.9384469988903,641.9294368259781
526.1780121526813,591.8912288281772
463.9538871989624,538.07032542212
451.7062290751185,473.05912316770736
486.0421852066818,623.143521126418
465.63583505789865,570.0635805339455
463.087972029255,535.2695174209694
462.9537746466754,478.80873499915907
868.5557318269211,644.2909494829439
691.3860249854216,585.3166761118122
624.5338006506784,540.4994714607484
601.6365774605574,485.2441747222072
545.4034794009249,646.9469761655839
533.7014375594252,589.1803594022874
441.13860889588346,543.4930480467568
440.76046783578727,484.4917001517668
622.3418691115698,638.8086196176165
561.8216819589815,587.5307480061886
472.2113819267588,528.1832636995941
468.41237311769976,461.8387424444374
702.4096850860385,649.802612156868
635.7295689687116,596.3015206060101
473.0274494217064,530.4020968083717
433.1207890010415,461.74144151669935
563.4933817289186,592.5355835295634
544.7038445041295,550.1319623363946
515.5925864416441,508.7302995041019
458.1901985568487,458.67760401684046
538.6835163653345,647.8683276491639
520.2622832276276,594.0562712726946
512.2306759356334,548.4314341559406
449.6579066436104,471.1538846696022
871.8903709476441,642.1261751126962
808.6992940453625,589.3676615764947
789.1294533825247,548.8278640747066
625.6326029029589,473.56001628256337
698.7827201066591,638.674711970652
686.5595905806545,586.4277984650599
614.797560251236,547.7384573364336
450.8886448973554,473.8285708625368
815.4286371353267,637.4471681953225
656.9049422633925,580.4461050613252
605.3092397437212,539.3094042634808
580.3870997222236,483.15025612076823
819.7561852527456,660.8721279274516
744.2625911368712,606.0851275521522
647.8911553488601,531.2500183209927
552.4887088495086,459.8374397249872
851.2799498692817,659.0630036789637
657.5277806932569,595.970687879931
645.3684755142648,540.4945315045774
529.5368141913551,489.0618696537633
630.3045302125053,642.7445246313418
574.6217391240123,583.4499482013945
552.0230867177139,540.8595321009791
455.96466391493374,485.7339676516278
741.7765600746402,638.1756465075155
710.094898827844,580.1575109105236
332.24320577171915,531.9771184723876
324.1278888269732,484.28955190692477
578.7229577351712,651.4706312761505
517.3271771088082,598.3611364279466
487.00860013679886,525.281024426494
476.2509659227542,458.1892476935858
718.8566753468305,594.2085250505435
694.4020862534777,551.6887193949946
607.0455847899506,509.52366331762977
596.7817564062373,458.53531894091304
522.9689765969911,659.3736105341081
492.88653012164735,596.488092443351
460.18378981307853,546.0711187382051
455.26681037314086,489.0084440506017
520.5013282168767,613.3499123035704
514.6631305360726,564.5377051909861
502.05473773429605,532.2590773494472
452.5480436601496,470.8538205204344
590.8973822687532,631.7493870467196
567.0724655929229,580.5443760340404
554.8414215204972,534.8015286284249
449.46823066679326,467.3024961766862
887.3754949123627,644.0312824150712
667.0744830979241,586.4177342361762
607.7772076526338,548.1277500409481
592.425483552561,484.40126988494336
763.6971532386463,645.2935617059493
614.438065200578,586.695291413228
602.8261380349064,546.2615498684303
485.63359502806384,485.1929892274207
738.7630954340286,626.8847661478882
602.8102664915774,575.9329519516906
579.260948154166,542.9000037290743
508.1902462209763,473.6965222803177
528.3165074233303,606.3172384915209
497.3431993846251,555.3781512078117
457.7556894064108,530.3161062752748
454.0423109175739,478.25374928870025
656.1290436899292,647.6578085010776
647.2583854153044,594.6918494616364
627.4196766298201,548.5017277606917
479.0964321215763,471.1062707610686
640.4729645162131,666.0977502407807
588.9786047760023,610.332319746255
488.90101114773086,532.6243404472242
445.0100773578821,459.9058703457136
652.678573908941,639.8751361860805
629.7985921685502,587.3825872265897
622.2284063047605,547.8812053516563
473.93713311076897,473.8376633028201
642.2036243588196,662.2379290755171
602.296448424304,607.1762768562621
483.4807214393936,531.759775174435
440.3836981097085,459.9517073009386
575.0041270578758,598.6385965388702
563.3507622177636,555.5828471348142
516.0369192880318,512.0557705914446
458.9244135246659,458.74239195982796
489.662931386531,622.0006476990301
466.9335638682227,569.8976201029142
458.8671942678071,536.0742308979671
457.65177620109154,477.3807697302865
880.4209657324252,641.3198440962312
723.639895856916,584.9088180090491
722.9494731819235,547.51345982222
632.392256729312,482.91715450852195
558.5021808890314,602.6370139043574
534.152745696776,557.7430384217436
474.11215856882217,513.6714875336785
465.01940426241794,460.45382048432845
735.3215978263087,667.0968047209635
668.8005889025259,611.8569023972331
645.2771666538749,531.6142464501036
468.19235558327034,458.31116418222064
641.3195689295559,691.8246831204222
575.4967663617504,632.5483323223854
502.51975971203007,539.6644478298819
438.0595759547538,458.6106085919565
581.8584323561282,602.3387837172901
511.72573295896575,553.079295978313
473.1242150542286,529.0371359187054
458.3567816809858,475.75503611019315
593.160646298201,672.2329568713021
558.0347101243617,614.8315949433594
539.7606634878863,558.7382675758462
444.9103924964266,471.9970189828432
798.7184937609263,656.184569206097
648.7422563133529,594.201259430051
600.0438982352738,539.7971585281317
491.39686943231214,488.44465042166945
762.3073484528429,672.3618029152142
699.0935473429431,615.6154923712008
661.3603080097016,534.6595261909818
611.9997376903796,459.9111096379628
543.2492470654427,620.6738008209693
513.2446557791833,573.385373724224
494.45204633491386,520.3952906149545
454.994391472549,459.7016943129319
487.3007546155335,641.4839990065021
452.6130496607777,583.7179110933552
450.5819555706401,539.5194446544772
420.47223918502647,484.07830626219123
780.6987926209305,599.2552636148813
642.8986551252577,552.9822734506737
535.7046846205708,519.7810661248865
498.58275004623226,467.0376537213966
702.9841813969207,648.2505713664581
667.6836915769329,589.3221708370928
605.5890594509863,549.2507503183147
476.88068303052614,485.80412051415254
883.4891497336907,643.9746360043005
688.3234597943687,585.7932113708872
464.7465696015242,535.9492979786453
432.7524403852291,485.55386774187986
630.3282482897991,627.786316364831
605.5789177029181,577.4008038827042
556.1921797987364,532.240687778224
521.7514128822139,466.8473127637392
810.9142535647107,630.5804677044468
696.6767437590739,576.666477916807
675.2113039371985,540.764105848663
587.6273972043278,479.8051581213098
753.1005291822447,638.0280565903674
717.7043943276791,582.2682221965921
595.5882682549858,547.2778630488549
471.386956858488,482.45601109610095
545.8328204491643,591.0454235805386
531.9681442041639,548.9394335828326
491.66545020688056,506.63642270741445
473.5426782384917,457.7959756354694
576.522440376285,606.248871444576
560.0415125668151,560.6613378394748
514.3630951435205,518.3040893941219
473.275337009688,462.5629789085261
618.8671914088792,646.097484245915
564.1363784954237,587.5777644795222
476.1755096212767,542.7273806645437
451.7991712883813,484.7657737563784
744.441471555693,640.8393615688741
615.8720804215559,584.344687323726
607.6991433081654,545.1189086286163
480.3563608398537,482.6890099805042
544.8264278932212,651.8639488514101
504.4586353696602,597.7967354956551
476.1808843449634,533.3596022928073
455.654678272116,463.19086878317245
573.7649751736172,598.0606946271902
559.8733208533798,554.1816376892702
516.5917588149247,513.7836597800351
459.338777272405,461.37388981921004
567.7781364529212,644.6854991756154
561.8271549138334,591.31862633686
542.6117264100411,543.2279535189739
455.4330496358303,469.2923209271352
562.0019991124186,591.2218706684356
551.2614191811948,548.9318293575546
475.1495220819696,508.86799673339897
466.2965617875934,459.37512436063093
554.5416560579024,645.564834625438
535.9902264708055,592.4469450521335
485.36127278066334,549.1396187064043
452.404970385509,472.22711863086715
521.100260437306,623.856998795345
483.7254116604983,567.3067572582081
436.54816744024527,531.6895449536338
435.4205846674595,477.87396622486887
599.9067437901979,662.6726869950944
579.622843559374,608.4580737107104
530.752631532557,544.923656944625
446.8294265717018,478.3635701604698
696.7534509928574,632.1321731142089
617.953970435682,584.3677887344862
586.9941937714807,539.2145048954402
520.0029818847727,475.7256153018991
680.4300830922333,621.8986351021315
555.0957230304715,573.7729301065298
533.9065683608693,538.2427017646851
472.8166178532291,479.00692215002493
702.4096850860385,651.1465803331031
635.7295689687116,597.9878428670961
473.0274494217064,535.5273702233474
433.1207890010415,474.63470917224805
516.0381466550244,610.1897054603907
509.065278383735,565.3143928434414
491.4364620089221,534.5166674989989
461.5479810490431,474.96781424768756
851.2799498692817,679.2174729551845
657.5277806932569,597.8701607808669
645.3684755142648,530.4548871070106
529.5368141913551,486.50100095730426
581.5200878205168,684.8308153810967
547.0741931027135,628.5936985310345
545.1947702736596,569.2085954663894
462.64375263671224,487.458042701374
569.3827592760473,657.0712440581347
528.8292663406135,591.1941797980442
464.0409262466788,541.5704171323704
446.0146275626546,485.74191063693183
568.7176027949133,584.6390504133572
549.059168386686,554.8647670129897
509.63069908218574,507.2139685064376
462.3016362354688,464.4780677553123
577.7556677706319,638.0898294530435
535.2261037388306,588.6582526336076
534.5315618764889,551.2371999172767
460.4205357285212,479.6479814981216
529.9384469988903,632.9879242715077
526.1780121526813,590.4699683707644
463.9538871989624,534.3807585894004
451.7062290751185,474.2161940269738
588.1142801127593,632.4829220614847
563.2008353028251,582.4806062137752
547.33924104203,529.0367091652486
456.1659378459104,481.78812999383666
748.8183849762993,585.0966265966533
695.4413182313432,555.5064729345719
641.6897079914676,503.5651383423059
513.423598472593,462.7070405372963
637.7903223811521,616.8557149023013
577.0704512068247,571.7224200606933
482.8559793794818,536.6516233100024
433.786258147532,474.9046143262004
645.2571534489554,667.8298613298305
598.0329385295252,601.1190001699948
561.5930909347676,562.558405032518
486.5123406637388,491.24009799328405
590.8973822687532,629.4975227672966
567.0724655929229,581.2724585595186
554.8414215204972,540.3567709528261
449.46823066679326,475.726390166971
544.8264278932212,654.2304317733392
504.4586353696602,600.1393313643731
476.1808843449634,540.0616909743707
455.654678272116,476.3477160084264
704.6186162201132,706.5651869073738
651.4513226105233,647.5941694307058
636.8467915059942,576.9758939675216
543.4121991432592,490.868304648558
664.6014143673349,671.7370185826454
619.3985689213596,598.8185550762767
518.9311182718285,548.0311841632449
476.479471533738,488.7616991480549
797.2464124719116,642.0623558005519
626.3495502176121,585.6381211620102
590.7949413092078,552.086941695658
468.8188247721748,485.0389497617616
567.4867090590797,648.798991485756
565.9883438292702,597.1203581506237
558.1085340311523,553.9519739314381
448.4493169352268,480.91784995622277
628.3419593131739,640.6231661937037
586.2749066373407,591.001554044568
543.221784849254,526.4357090100153
446.7457013652693,471.235967322143
487.3007546155335,653.1440172605229
452.6130496607777,586.5385827258162
450.5819555706401,535.0005103203931
420.47223918502647,483.7328501595153
588.976472965822,626.9973571953308
517.7786248379507,567.1139583817093
515.2330212052162,510.29213041428363
445.31166333695944,475.527064769708
618.8671914088792,659.2283921910343
564.1363784954237,591.7231555033339
476.1755096212767,540.762617695826
451.7991712883813,485.7704365780529
777.938865544766,596.7621448249247
600.621012444145,553.7656282542201
542.186274381016,519.2140199780646
465.0502083970718,468.8796616843566
514.0714714786966,634.7187695195469
508.04603117539824,587.6244537138513
478.1468825417848,544.0875648918241
460.4512454363179,477.51209022940884
871.8903709476441,646.7903381427426
808.6992940453625,600.3068469151428
789.1294533825247,565.838940700068
625.6326029029589,486.6881482358784
536.1063956409447,622.4846779593134
519.9511170293137,577.5439646162505
510.36802665068893,545.606974507914
438.56577751330695,478.7853351358383
701.4898062456023,614.7259532949506
617.4823858242494,557.854265266995
602.4585156754242,524.8909864558507
485.5927582626337,474.7586281131885
821.9933564063326,647.1322820635938
729.9181171662959,600.9698391442814
702.8692286502011,565.4759613105548
604.4447867751416,486.5906073819545
798.7184937609263,675.9612281587938
648.7422563133529,598.4934606248073
600.0438982352738,531.1046202928443
491.39686943231214,486.8936425722012
680.7479835441547,624.8852267954587
567.5579647993288,579.2515076176011
531.7119378490902,548.7759688017779
447.83671443775125,480.4872783205583
807.2637375769092,650.9942935272861
660.4987789000014,605.111109878027
614.3881041443576,570.2776242491359
458.0317942493817,488.29521245214676
683.4840680000094,571.4587202869068
588.9179303042077,546.430445936254
520.3435647859537,493.4261949639241
409.14876372677094,458.79767142078407
640.4729645162131,671.804107817768
588.9786047760023,615.0836024164131
488.90101114773086,541.3471704347309
445.0100773578821,477.28681487062624
687.3039250038174,678.1113216001759
636.5563789528998,620.5771751369828
616.0569467227309,545.4105980492544
440.2990519698755,478.9607786193158
718.8768641364126,649.7610490051832
663.635620780502,584.1774264955626
582.0955673810182,544.9637592234758
464.11249093948686,484.6384128700856
540.0563718886741,623.4388320839763
497.6145714241552,582.7634815751451
481.29936025598886,525.0984398372865
451.71567832169274,470.6747710323008
667.2196459071486,635.3272341943972
612.0925607041158,569.9425430406374
601.0785238321068,527.139690112862
528.319509214999,478.50793941131457
703.845243639987,646.5506352225698
672.0142960922122,600.1725029038382
633.5596971505722,566.0392594642365
451.3859500277666,487.0064897665925
846.2989795017129,576.7374844972129
519.3340435775315,549.2177224259119
476.0801284568726,497.9590625607154
472.4757093430973,460.76622875257254
617.4932649416379,672.915527700395
568.9349099759,617.170661007893
457.9061712796709,541.5281753732042
444.5679197466184,477.4017156562118
801.2653781072617,645.8605750283785
731.3363564023596,599.7464446911781
716.0470201082765,564.7097696530064
586.8406411222211,486.37907123681964
561.3094979686601,645.044153193435
519.1385951960168,600.243828013586
453.84358433230335,555.8035469702861
444.42767951170913,482.39606023880975
597.6288824623451,635.6861063021247
578.7374391778417,582.9814066121226
566.7147893330357,528.3994447446332
448.7439600642569,481.94181713013654
581.8584323561282,595.2929333307688
511.72573295896575,545.412134631502
473.1242150542286,520.6446339401725
458.3567816809858,470.77837921128486
570.1884409927653,580.8382742336013
545.9290263916728,548.1707158607264
471.57757643981887,502.9916178765868
470.88472749278645,462.99964879067073
752.3610982988511,720.8815406329346
614.3920808456768,658.6132518058585
574.5108091644089,581.4002873638935
436.0444400351601,492.8363387466834
735.3215978263087,673.0148907371329
668.8005889025259,618.7408292912229
645.2771666538749,541.7515565455661
468.19235558327034,477.4946025833952
756.8871065276188,655.4875118989563
593.6332318004021,597.7531941973285
576.3863476427989,562.004219887297
432.9465330789165,489.56451586745567
696.4799391387647,618.4440624897269
627.4561392058225,573.3905804725937
499.458432651188,521.0246444970292
454.8502215169645,468.9277330466913
523.6910141184651,613.5573634006278
515.9252531135904,569.4232418033495
474.0945959430484,536.832675924792
437.3976525320684,475.1404434649739
552.095930595623,588.7912996161148
523.1206482874868,545.6043784795243
498.4763277941449,500.6592510794588
460.91392179291466,454.4462723248011
575.6112770814393,594.3365835213815
567.686595595164,550.9829909078978
497.41736818055807,506.85920613819667
468.0385960630664,456.7802184973894
640.4729645162131,669.8148576417734
588.9786047760023,612.9667450424478
488.90101114773086,537.3188311680846
445.0100773578821,479.488525078845
567.4867090590797,661.3391141292783
565.9883438292702,605.4318911975665
558.1085340311523,556.0951079954806
448.4493169352268,485.3370399719823
744.441471555693,659.5088077275971
615.8720804215559,592.066542653261
607.6991433081654,554.5395667970155
480.3563608398537,488.69755059205227
633.0855537735334,663.4750680610573
626.1386646949923,608.2009753803535
541.5995896549817,543.6373077023983
444.47380938997776,480.3382969576318
543.8669080185891,632.0223190763242
524.4265770276072,581.5683242842263
521.6821745730539,523.9716055515763
455.0579206600038,469.3171995263863
588.6514000659456,617.653223775093
561.7603783178113,562.9293651958282
472.966119527276,523.4877350215711
439.3658505881931,471.6751610321347
667.7945674230559,692.9303101511404
639.4837868158477,635.2461921408227
586.0924764432956,550.7989938054243
439.68367672864383,485.0014618572377
474.5193247730624,604.1408105152358
456.7290686956979,545.5526971191047
450.0867751540775,506.42501490334365
437.6664699192188,466.83555791078186
561.3094979686601,656.2242099964454
519.1385951960168,605.352727587875
453.84358433230335,562.9166972784408
444.42767951170913,483.12936312891753
491.2320484562486,642.6573820051434
471.94500360542247,568.7031995965776
459.9210087067679,522.1742132483109
431.5703119089766,481.84407523499976
590.8529383009242,657.7299634017362
589.4404294373809,604.4046455217276
564.4612246536981,539.7785653002617
449.47111275655215,477.4459852276986
618.8671914088792,662.2561893070399
564.1363784954237,589.5486937012992
476.1755096212767,545.9372893928381
451.7991712883813,488.06176309785184
613.3467403349949,642.0583527372619
574.3866705839907,586.7113801341436
568.2488278768235,538.0057562679084
453.97680327833547,478.43654110031366
642.2036243588196,665.7380328653284
602.296448424304,609.6386765065101
483.4807214393936,536.0250023297588
440.3836981097085,478.41877401800485
792.9176014986932,719.0914396226577
720.0630712831514,664.2506492919018
392.46014294309293,581.7018259097931
289.52337896433556,493.81626444028046
652.678573908941,659.7269538609208
629.7985921685502,606.625952169233
622.2284063047605,574.5719743924343
473.93713311076897,488.22364684471916
602.8558096941915,648.2559134855786
537.8163313736185,595.2051548344193
529.7152287926846,531.3699201892636
497.8348305978821,474.20448548672897
893.5361726985616,661.9992450612893
830.246972179423,592.2980365949354
736.5681012530437,552.0287266049252
732.6659703498235,488.16279564545056
719.623737979524,643.4604928422187
716.7012037495248,573.2655228588297
641.1897872578048,531.0547068450038
539.265173593385,477.9928605893083
540.0563718886741,627.8416229438263
497.6145714241552,579.3302202424513
481.29936025598886,523.0286720515293
451.71567832169274,467.39452336286547
557.1093329501916,615.5816830556118
554.9008187929567,561.3370538813393
486.57131045858114,521.4587372567015
446.1407118983799,470.86644517276244
579.4580149243694,595.9882549718051
570.3064167873396,549.8001420970137
509.617360517563,506.4332940763739
474.26983647895366,458.6605472702965
520.7716623631878,624.2962362849577
491.4657762841836,572.2269314997545
459.1061029507962,527.5127717710004
432.327197044576,471.35245170409445
527.0121877424567,611.1965891613316
521.0199339223939,550.3810752513658
491.99350066419214,515.539504888432
436.9867045585649,472.468884347533
519.36725424446,660.0794199019131
483.3465472703318,588.0567782634375
472.24069896353166,545.2144898168658
457.19397108914393,487.40430181587664
602.6943258880774,648.2301566285291
572.8205117183716,592.0945175897191
555.0587327575885,538.2002220984059
454.3658736081916,479.201563328181
727.5555322066733,668.1948254241269
691.9425182055923,595.2235683575102
621.1149307573604,554.2950882547834
488.7959546557436,492.4484831449699
520.5013282168767,624.7341324625801
514.6631305360726,570.3532340150703
502.05473773429605,533.9985287719328
452.5480436601496,475.0924957675142
673.1033773963994,641.2698726168987
602.4516648767809,586.9456153444837
588.3551751642307,537.964056355116
520.5575255595601,477.2978660373514
427.6756646341503,677.8184400744024
425.6165161082352,598.0653229099397
413.64894468625374,548.3464185064198
394.66014909392055,492.6068939175012
655.3756203496673,661.4538565489108
622.5483330307354,593.7964654056639
545.5066529648574,558.496373780899
483.32506375321367,490.94847521999395
577.9110993685471,630.9636344109001
568.4841471810776,573.9228098466384
558.335733396071,542.9950058616957
454.5949914887845,479.7874749167254
497.6407139430207,601.6394095482667
497.45831709318554,541.8512666081041
491.98994120588014,501.4462581138787
440.4613935179751,464.45301716087687
545.4034794009249,662.842738377603
533.7014375594252,593.7618302175624
441.13860889588346,554.7855682741003
440.76046783578727,487.7481898036501
584.2794944143261,587.483453769912
563.8677964470476,541.9370526857159
524.6187189122548,497.69273918398335
462.3549764618555,455.0286772613183
581.548441366726,652.776494856661
568.3209840377929,597.6580875895365
549.5177472598442,552.7728170518774
451.25634764967714,483.5552124381471
815.4286371353267,652.2516429796011
656.9049422633925,580.4429442433752
605.3092397437212,536.6820672924382
580.3870997222236,484.9005838128026
618.195107495944,659.2248814962561
588.2131356102992,603.0217245042627
514.4387101205367,535.8864082545632
456.5515428264905,478.3550862101451
578.7229577351712,651.0883907712885
517.3271771088082,596.2475240382525
487.00860013679886,522.362290464063
476.2509659227542,472.55404587571513
880.4209657324252,661.9099506542393
723.639895856916,595.3337255038391
722.9494731819235,560.0913076403845
632.392256729312,490.43303128567726
897.5002953992779,717.9049129932476
689.701439370833,657.564958969036
570.5760958417216,561.6262068935793
412.1720518765279,490.97532808455935
604.5650117456447,665.9396464789602
582.2515573888973,611.8173579218872
474.1508404060144,584.4983545169868
470.36307484639593,492.80752592574083
558.2422870681537,660.8440394181083
517.8796160593799,608.7054642941
496.91003110273726,563.2773091899828
438.34312406435185,484.4807043454696
705.7583074221305,671.8942082761731
685.8493858869784,615.8839733551458
633.1403617562687,540.2166672967029
520.5216649000569,479.8608279173047
679.852888414925,636.1293321009008
606.0578820118811,566.2101580209023
579.9853391014994,524.2911223840194
480.8642400701781,480.45659664019234
558.5021808890314,599.1373493571606
534.152745696776,551.2333105732996
474.11215856882217,502.32487021265
465.01940426241794,458.92802873606325
486.0421852066818,636.2248178164789
465.63583505789865,571.5440064677041
463.087972029255,533.032354333192
462.9537746466754,479.6730943553163
612.656186770732,677.3807498636437
569.5468887178597,620.1252014382546
563.555621855562,541.726619161077
528.9306849568111,481.39832719015084
594.8995052962509,595.8883370005273
592.1930207205863,549.8480142077982
533.5683744987524,506.36470330993257
464.9006875214415,458.45177226810193
798.7184937609263,668.7242382016266
648.7422563133529,587.7430705881725
600.0438982352738,535.0416363478752
491.39686943231214,487.7542530791046
630.3045302125053,658.8296344385199
574.6217391240123,581.0916956823303
552.0230867177139,532.5136299229297
455.96466391493374,487.66495545298756
670.0596517449959,639.1417053878288
612.7939587726802,585.4561211483933
588.7457955390164,536.9182929236877
524.9986463351058,476.4369394002674
830.1292858466161,634.7047349664207
732.266908333465,588.2877694680093
692.1433905657562,556.3882734671977
593.7696989780121,478.64009009997085
630.3282482897991,627.9568397857333
605.5789177029181,578.7110934667288
556.1921797987364,535.3281209077551
521.7514128822139,473.22811767443875
596.2905675905635,632.7249409946621
551.6301017650296,586.1623718666035
532.3922616410109,552.4666676931362
469.7482625469141,477.55678896390754
703.0574020296224,620.7384683918369
580.9031557113021,573.1003149977984
541.6768565091862,539.6333396390679
484.1221023256675,474.8852067733411
801.2653781072617,635.3365937316969
731.3363564023596,590.2277561777764
716.0470201082765,554.9369747524355
586.8406411222211,477.097505415091
567.7781364529212,642.3253294050729
561.8271549138334,592.8838445523478
542.6117264100411,549.4753792509267
455.4330496358303,476.8465616621448
615.4855524048013,662.2779188723432
588.1246044796945,614.4447835205584
498.8689134589234,551.1861498285936
458.5371911970298,473.36978140340074
819.3001048406257,722.1914877620171
633.9965261620346,667.8563953521139
629.7871010364094,558.5268146507171
487.48787786924026,471.4315243425659
519.667112032019,627.9253496007275
472.6484310829827,571.5747039640818
448.2488400730608,528.8730291866599
407.65551445247735,474.9743792444576
747.8713425682434,660.9826893271479
603.1552420896735,592.7692673388484
595.564757016147,546.1820010670951
485.2427962802294,484.6567426672659
807.2637375769092,637.5636992803543
660.4987789000014,593.7379705344277
614.3881041443576,558.6334560081715
458.0317942493817,477.390202908122
545.4034794009249,659.4252366825114
533.7014375594252,595.2122619151124
441.13860889588346,541.1183395298776
440.76046783578727,480.0554203085341
652.678573908941,634.3222248487065
629.7985921685502,588.7915014459455
622.2284063047605,554.4888799572486
473.93713311076897,477.3452166006801
543.4020887360975,623.2063381126937
537.7181402118088,560.8586144600147
516.530324335695,518.5855615051364
461.3252547412272,475.60037887933123
590.6684906664534,585.9506775754553
586.0675981142068,543.1748447574959
546.5309024521912,500.42342311122763
461.8743270428282,461.3347623277427
575.0947767245403,635.4930815348683
540.7174152913079,589.6637885926779
515.3790723388717,548.5432413493508
465.6513964501861,475.06286778372385
696.7534509928574,633.5122330291157
617.953970435682,584.1342463290878
586.9941937714807,537.0679172621435
520.0029818847727,473.1668254450404
528.8204891980407,603.3683488214405
510.3625384901165,557.1709102602213
494.3328986406138,514.7246965174049
463.91949640449496,466.6780650608505
579.4580149243694,598.390830490576
570.3064167873396,555.4567439370238
509.617360517563,512.8783354887678
474.26983647895366,464.5121516070161
642.2036243588196,663.5153272831486
602.296448424304,611.5443137112806
483.4807214393936,534.8948887297394
440.3836981097085,469.4382377929073
577.7556677706319,636.0809560670104
535.2261037388306,586.7388280074831
534.5315618764889,546.8468818212698
460.4205357285212,476.68693070310667
492.34848299947487,620.0991587706054
490.1861035177276,571.8264600567294
461.0671408438447,537.6476325970182
433.9821062432427,474.68042817031136
505.7377145716787,717.6114621210769
497.19856329910266,664.4071520152494
444.3938252338676,557.0103584585361
426.6980255518923,470.78056394238564
796.163262730047,697.9859627508104
749.6397817134945,647.7834803273524
735.212910397333,562.8296523966783
713.8649404744775,474.1209807237463
491.2320484562486,649.1331876121928
471.94500360542247,577.4992388592984
459.9210087067679,531.3137849544696
431.5703119089766,482.8339895491819
504.3539332100116,609.9533514260663
498.2365942629005,551.9685275387504
460.5035078816221,527.3428819690373
453.10520090102193,478.46944759611404
607.7916391862393,671.5322669224761
598.5633302247654,621.0181529362367
573.0552368103438,544.5745738444507
448.385589624607,471.1027171756023
777.938865544766,609.3568255065293
600.621012444145,558.407210263438
542.186274381016,524.2165725443572
465.0502083970718,472.70975570661943
598.641817832653,635.7545367301923
581.2496063907054,589.4622375940135
552.9567277269363,561.7352934061025
465.736931290636,480.5685443051049
676.8394403543999,636.4547422597274
629.3607458874646,591.094344735579
614.3525646559199,556.6616602111441
481.6278212224103,477.7928312823837
633.4884334828556,667.1693466220512
595.4181261686513,618.8596684207645
504.0702553624982,552.7538674175242
452.4407751493582,473.56487233123374
642.842507531412,633.0628322515128
579.1742076049975,583.4624425842122
544.821802333994,537.4950846602064
493.9872074384884,473.5575027764748
673.792897264189,613.7681232918335
599.67926577825,557.5521087099442
579.9439977673546,527.6315793910491
481.42426099656416,476.7875290903395
856.8205559786115,670.508813614895
783.8522772905812,599.4903444758525
713.2657186728048,545.4371315685713
625.3167938440248,484.66709544988754
523.6910141184651,617.961555716467
515.9252531135904,569.2498289991233
474.0945959430484,536.5624207577599
437.3976525320684,474.8578067400177
528.3165074233303,619.4542039186408
497.3431993846251,556.5417225136691
457.7556894064108,528.5280338188585
454.0423109175739,480.68807854788724
708.7800443095302,670.6590957217559
627.8540466640111,596.9141478319207
572.7192027726784,531.8772034558111
546.9059522732556,480.8433692964043
702.530986930159,658.6673438583308
563.8065338640872,590.1109249658874
530.0139019122432,541.7656088696925
444.08127459114854,483.46028684393474
762.3073484528429,673.5832190288191
699.0935473429431,620.6481198354292
661.3603080097016,538.435100733181
611.9997376903796,469.9490467771115
575.5486722407551,657.0357727384237
563.2357159535104,585.5042931935526
552.1882003404754,528.2481363840864
480.8285145314334,480.1426092686357
680.4300830922333,624.9409311543309
555.0957230304715,572.1640633191191
533.9065683608693,537.2926268343704
472.8166178532291,476.579037673801
590.5546471605375,635.7669113896285
567.3980884969088,582.2082300826115
476.6345897264673,545.8244788943249
473.0020120341411,478.8112901749213
558.5021808890314,603.8626594142393
534.152745696776,558.7464433007369
474.11215856882217,512.1914179790573
465.01940426241794,464.8830117505869
797.2464124719116,641.2486600000769
626.3495502176121,583.5412720796872
590.7949413092078,548.706374673718
468.8188247721748,481.8801155426183
582.0455968504493,630.5671734284687
565.8365180204325,580.4746845533857
545.0623704781453,537.8295481615397
448.4534660173425,474.42124186183213
783.9978111062393,648.2122682370737
645.949655038992,587.3867507418108
616.7397475313217,543.7382525200447
477.71158091102063,480.7672609531353
544.0097046304677,617.5750593279638
525.0187914938344,568.7758335599609
521.1114652109535,535.7728423622959
446.1343339094556,474.6633492586543
560.8489159458138,595.468908388819
546.4638452902718,555.5394623341471
505.9816322727785,510.76785189719936
467.6263442790666,462.1274869317786
602.8558096941915,645.1033291519067
537.8163313736185,596.2293230642368
529.7152287926846,531.1469030976821
497.8348305978821,468.69663085223493
499.29478078663095,689.3791538244036
447.1465610625411,607.0665323337508
446.56582682499766,534.8192780661632
418.1407471581099,484.798905332144
489.662931386531,629.2204756738784
466.9335638682227,572.1635745968098
458.8671942678071,536.1232462658246
457.65177620109154,478.27221436020426
562.0019991124186,590.7374649891484
551.2614191811948,549.5508563513123
475.1495220819696,506.2677763892358
466.2965617875934,461.87037264044073
683.664875887254,593.9522628314797
523.737727801765,552.9611107705273
483.8237270248905,510.0603578691776
476.76037337304007,462.7590672868758
601.3225399003157,658.4384334582704
570.3468238354822,596.1105454882116
550.7279569202167,553.5652366088675
519.287461081475,484.12850244804343
718.8566753468305,585.6305481969289
694.4020862534777,548.2391781847236
607.0455847899506,502.98721979317867
596.7817564062373,456.5360621561674
546.5412607481817,656.3474487052197
527.7291200234451,575.3768770694539
490.5235888006426,513.0680805308
461.93768459841544,466.5556859957449
735.3215978263087,667.7714323257774
668.8005889025259,611.859054404878
645.2771666538749,541.1552556240571
468.19235558327034,469.65519689595857
537.15336537158,633.880817911967
490.2480245716277,569.5436333457579
452.46005007544727,532.5120397746798
445.389627165038,478.62809067183815
893.5361726985616,659.2088080918853
830.246972179423,586.1319541465856
736.5681012530437,539.2053160708616
732.6659703498235,477.58078762698574
856.8205559786115,669.2300886676342
783.8522772905812,591.0817559578428
713.2657186728048,542.4579400999362
625.3167938440248,481.1926610526988
630.3045302125053,653.5095574659578
574.6217391240123,577.9425897840042
552.0230867177139,531.3855800789165
455.96466391493374,480.29831275877433
594.8995052962509,592.2866255809392
592.1930207205863,552.188106676742
533.5683744987524,509.1261812478477
464.9006875214415,460.01382050342625
557.1093329501916,603.3438058471626
554.9008187929567,559.4092173850966
486.57131045858114,529.4754952418257
446.1407118983799,473.42981464586853
580.214669021434,623.2154968736403
574.4152741961453,568.4643580300685
563.985055817266,530.5719496862243
457.8968754331682,470.64125777515255
582.0455968504493,628.9946619561673
565.8365180204325,581.2267376382199
545.0623704781453,543.4061054654588
448.4534660173425,476.65218599907433
630.3282482897991,626.522830774729
605.5789177029181,578.892587890816
556.1921797987364,539.7982553827998
521.7514128822139,474.61008593397935
871.8903709476441,649.9843271877378
808.6992940453625,597.5852649557232
789.1294533825247,566.5639287137016
625.6326029029589,482.3798546506494
568.7176027949133,589.5437081452538
549.059168386686,551.1479568837652
509.63069908218574,507.19864639397906
462.3016362354688,458.0619902632404
604.5650117456447,650.531186387347
582.2515573888973,597.9902823704407
474.1508404060144,573.9100677285281
470.36307484639593,486.4698556181949
887.3754949123627,656.3196396635115
667.0744830979241,587.2119162865151
607.7772076526338,549.9604131764048
592.425483552561,483.54515865133374
740.6119263339035,630.0350389252015
554.1582209989137,567.9601454734002
535.9343041207514,530.8899678737666
458.84806274078306,476.7547976462968
645.2571534489554,669.0545696485932
598.0329385295252,597.2763112944258
561.5930909347676,560.5561870189172
486.5123406637388,487.0746874916331
510.1714411665308,600.2260750168953
504.062559665145,549.6260395364546
489.361788908185,525.2148173395144
450.1084735005105,476.7887559610104
682.8227759367221,743.5172628086183
654.9981918243433,671.2087075841508
387.9498803965478,580.046990003543
292.6504186034527,479.1756987897582
696.7534509928574,633.1014868601974
617.953970435682,584.2610118429058
586.9941937714807,542.3716975665433
520.0029818847727,475.0349435329446
642.0375652712104,727.3276691281933
634.2051469157542,656.1473697385677
455.7816675912958,561.2892549222366
422.3969585258148,475.0638526174718
727.3940799567282,723.1083475097055
687.1031573287178,654.2730538665875
658.7577673398848,562.2973527700054
592.5923008331594,474.23648614124306
572.3824839989642,641.023553420431
567.2599832537726,591.309587948296
544.9593648872828,554.7800800937299
447.5078756284887,479.97682699666706
563.4933817289186,583.5135768467178
544.7038445041295,546.2136496754615
515.5925864416441,501.31838499514254
458.1901985568487,456.39017918114644
702.4096850860385,648.3392125395952
635.7295689687116,595.6931541926654
473.0274494217064,537.7309664300053
433.1207890010415,472.0507904527822
846.2989795017129,581.4830562733321
519.3340435775315,545.3778526763948
476.0801284568726,497.9948578034294
472.4757093430973,454.12700648579533
603.5039701358446,633.3936292977146
586.4351074264267,570.8652534991683
472.96665959401713,529.2996912424443
418.9705038722263,472.69045256560355
680.4300830922333,626.1503418631925
555.0957230304715,571.4746530076187
533.9065683608693,538.0489271829583
472.8166178532291,475.3577894861495
617.8885202787397,599.1820628202278
582.2590726071375,547.0249036971685
525.2228710201773,507.4982880487782
474.0915867474108,465.22576521944325
719.623737979524,651.3767024900118
716.7012037495248,572.5714493707696
641.1897872578048,511.37476809948436
539.265173593385,465.09515982947147
673.1033773963994,630.8853994448089
602.4516648767809,582.4517839514373
588.3551751642307,542.0635189404989
520.5575255595601,475.30418770204705
727.5555322066733,660.5024297824964
691.9425182055923,587.8140405417296
621.1149307573604,547.2408642731458
488.7959546557436,483.6289994247675
602.8558096941915,643.5277234430806
537.8163313736185,592.9652631584569
529.7152287926846,535.4341321768713
497.8348305978821,469.6011063611674
633.4884334828556,677.9887612473947
595.4181261686513,620.590025796963
504.0702553624982,564.4081779837998
452.4407751493582,478.99654386832924
577.4424206616455,592.2846589477034
560.8128116474442,554.0351043546483
516.3654195668769,508.29607948560573
459.4562916962709,457.77693874933306
815.4286371353267,647.5586009792517
656.9049422633925,576.7115936368309
605.3092397437212,531.9160909622502
580.3870997222236,477.621611064252
538.6835163653345,653.0316633245399
520.2622832276276,601.5817789188203
512.2306759356334,568.329230496185
449.6579066436104,484.46951389031733
474.5193247730624,595.7559579961063
456.7290686956979,546.8405765083054
450.0867751540775,513.585639127118
437.6664699192188,469.36784635562884
830.7247157185855,670.4594727979966
757.700100136476,591.447293957237
690.5728477532277,542.5294505876617
600.9108578215097,481.79705451034164
570.1884409927653,585.656397412334
545.9290263916728,546.4528050903226
471.57757643981887,504.23650721373696
470.88472749278645,459.21376810653305
700.627275495785,620.7215771298396
595.4174258764446,571.1044011221168
533.6610553738483,542.8549254019138
467.97946618439687,477.47070919806094
704.6186162201132,701.1383787983765
651.4513226105233,639.0636246930802
636.8467915059942,575.2429328030149
543.4121991432592,481.1563839965639
855.1238526305019,663.9151509904635
807.3029294437728,588.7320231203956
693.630585231437,544.2180433303076
622.8585413415191,482.22064528331924
487.3007546155335,653.8908046325506
452.6130496607777,579.4530199746669
450.5819555706401,529.8896191369123
420.47223918502647,475.8446720320971
718.8768641364126,651.28496126237
663.635620780502,582.0808934279378
582.0955673810182,544.0598087473211
464.11249093948686,482.5785867791826
641.3195689295559,696.9760787434741
575.4967663617504,634.3317084811753
502.51975971203007,554.5934840574306
438.0595759547538,473.0893674586005
521.100260437306,627.0863135697365
483.7254116604983,567.0131953717271
436.54816744024527,532.416079914578
435.4205846674595,477.32051602725164
868.5557318269211,656.6620933704568
691.3860249854216,580.2282685553636
624.5338006506784,530.3557980878361
601.6365774605574,477.75010923307866
723.4895969127055,652.4787188847192
647.1522013159661,599.3451223687433
615.9083787428791,542.1648743870531
573.9080736333348,472.8747617325039
558.5021808890314,594.8924005376698
534.152745696776,554.211714639471
474.11215856882217,508.9616144319182
465.01940426241794,460.9744325167891
492.34848299947487,620.5657790091108
490.1861035177276,573.806709425294
461.0671408438447,542.2073341944326
433.9821062432427,476.12197820419385
642.2036243588196,662.2687469270452
602.296448424304,606.8077609067369
483.4807214393936,540.5585290535766
440.3836981097085,471.23807701350256
744.441471555693,652.393503202795
615.8720804215559,584.7748588449892
607.6991433081654,545.5388054991753
480.3563608398537,480.55942658847044
703.0574020296224,626.1539810589455
580.9031557113021,580.0248788767882
541.6768565091862,547.2896024716206
484.1221023256675,481.2973316910638
527.6626860286387,585.6858438642657
522.1136152796408,540.7789782574127
461.8948823953812,521.4023442046486
457.9227390710761,471.24060800327993
588.6514000659456,595.9768404666381
561.7603783178113,552.3722189211816
472.966119527276,526.5978474295082
439.3658505881931,472.19868045876774
655.3756203496673,648.0612074591855
622.5483330307354,583.8427746303942
545.5066529648574,552.0328883859491
483.32506375321367,486.25070189052343
508.89640830644754,675.0673568106847
495.4781979481173,596.5006892581044
490.9775905899715,536.3848971795303
459.0731671387516,480.42705965215487
581.8584323561282,584.2196860527949
511.72573295896575,533.6491885024903
473.1242150542286,520.9131384560711
458.3567816809858,472.67452371819195
856.8205559786115,674.471203714295
783.8522772905812,596.7150469116716
713.2657186728048,544.6524925683884
625.3167938440248,483.3145506889536
521.100260437306,623.1560384462337
483.7254116604983,562.6366856420643
436.54816744024527,532.5355587626495
435.4205846674595,477.76209781601125
822.47233546907,648.5507462358972
640.0302252460112,602.9909325220835
480.5840589229429,513.0489760642273
469.66696091199265,456.1681016422884
613.3467403349949,613.1380944944514
574.3866705839907,571.0540604274818
568.2488278768235,533.3709056711139
453.97680327833547,471.93262612195184
562.1902011710922,694.8227532920628
538.0679709738802,608.9723266421596
525.095211952674,534.1464121029853
471.46041520475393,480.5727992693768
579.5766879867067,673.1380011882827
514.568213188165,600.340232265383
503.4052784630531,550.4653553201277
479.76497042240504,485.7490389063466
545.4034794009249,688.6210210871745
533.7014375594252,611.9463565982147
441.13860889588346,551.8410078072659
440.76046783578727,486.9854597775919
727.3940799567282,717.8308423744609
687.1031573287178,665.9180034942519
658.7577673398848,540.8175591270592
592.5923008331594,463.4645771582878
777.938865544766,593.1182203508894
600.621012444145,549.3136059622869
542.186274381016,520.734610711039
465.0502083970718,469.60073968680916
622.3418691115698,630.1980861487161
561.8216819589815,587.5312851144012
472.2113819267588,525.5617469790122
468.41237311769976,465.9269768348258
560.8489159458138,609.3158552711053
546.4638452902718,571.0235884143116
505.9816322727785,518.539219655047
467.6263442790666,466.6376042445068
703.845243639987,655.1618268142716
672.0142960922122,607.9582078382709
633.5596971505722,571.1692608996035
451.3859500277666,490.96828398132175
887.3754949123627,655.1225908127274
667.0744830979241,587.4043280422544
607.7772076526338,550.639295667981
592.425483552561,485.7159001654932
673.1033773963994,620.2996368703739
602.4516648767809,577.3846256019817
588.3551751642307,534.3032001062708
520.5575255595601,472.2502135449308
564.6503779062034,610.9981350362956
562.221765439404,569.0387747898754
523.365393761723,531.3935992890293
449.5332418642992,471.2310684437383
552.095930595623,604.761206934467
523.1206482874868,566.9450153038276
498.4763277941449,514.2591476707252
460.91392179291466,464.6874418932214
534.6481660855585,586.6910686722092
518.4679246313269,546.9241086043245
487.7313165056417,501.97205546506353
476.14883685981425,460.75508697789843
521.0028349635531,697.1430529818081
492.8694151072838,611.1610084454953
485.92581181990687,536.4692284022362
477.4816921343061,481.4880228998071
602.8558096941915,638.2553237167942
537.8163313736185,595.1896802732987
529.7152287926846,525.8488540326995
497.8348305978821,465.014598699931
687.3039250038174,662.6647908139754
636.5563789528998,615.8133313845661
616.0569467227309,528.8830931236625
440.2990519698755,463.51026464560437
755.5277184310702,688.6729634394413
679.4799846748333,602.1743149181945
613.9243432197584,533.111602888747
579.8247315218983,479.28881334026966
580.214669021434,641.8119855318721
574.4152741961453,586.3032105395044
563.985055817266,543.8918349379992
457.8968754331682,481.925059392114
607.989452701624,592.1781789029143
597.5454879324826,549.5971444675438
527.9232006227113,522.4585290447709
448.8796852188461,470.10476134911386
744.441471555693,657.1375222195721
615.8720804215559,590.384847951103
607.6991433081654,549.550185278691
480.3563608398537,485.0716653082222
673.1743843670963,718.2064619977594
601.9279607274094,666.1300600442689
498.2262426219892,540.7170297164413
375.85753466179426,463.4179614393665
701.4898062456023,606.9785458539494
617.4823858242494,547.8773094820605
602.4585156754242,523.609714673373
485.5927582626337,474.01186936031473
815.4286371353267,649.3324455145824
656.9049422633925,577.7645457754707
605.3092397437212,533.1936681170281
580.3870997222236,478.32680530210973
520.9625049252976,601.7165250066806
495.55159589650657,563.8486361422847
476.2101986300317,510.87916601086926
455.947918114199,463.2372827065376
797.2464124719116,645.1130002435002
626.3495502176121,585.5741633271035
590.7949413092078,554.4794054105241
468.8188247721748,486.8190876414145
558.5021808890314,600.7975270292386
534.152745696776,560.9289981141415
474.11215856882217,511.6391572270058
465.01940426241794,463.20794446227785
842.6916860042331,667.2831782828146
796.4037391842754,591.3603024271453
699.9965012999407,544.761081274639
618.6272937304973,483.2654929761733
855.1238526305019,664.9739102554196
807.3029294437728,590.4578097044256
693.630585231437,544.7403760778741
622.8585413415191,483.3350511872977
601.3225399003157,670.0778585123736
570.3468238354822,601.7687171896059
550.7279569202167,560.6071127460395
519.287461081475,489.90390557981715
696.7534509928574,623.3342193107904
617.953970435682,580.2765647453513
586.9941937714807,534.6458279000991
520.0029818847727,472.08183911315683
582.0455968504493,614.3205195566494
565.8365180204325,572.1708632540877
545.0623704781453,533.7255609787727
448.4534660173425,472.1886802350481
581.548441366726,623.8657375645843
568.3209840377929,581.4782838659653
549.5177472598442,545.6666160201479
451.25634764967714,477.4934166893798
522.9689765969911,674.5967680524471
492.88653012164735,589.4578383756251
460.18378981307853,532.3306551728724
455.26681037314086,478.11589944608124
684.8335589144109,660.5940972984442
639.2340997346352,587.2886426035968
540.7862787971517,544.5542197763139
463.993622474613,483.2357004538115
810.2016234377421,651.4591851334122
743.825298279839,606.6992039662014
656.114776468272,526.3301416761987
605.537227430502,463.4674705043623
679.852888414925,615.328179196112
606.0578820118811,551.4032193870614
579.9853391014994,523.1495761007201
480.8642400701781,474.0003909697827
549.406492244949,652.6960526559687
531.9554739762056,582.8776988699624
485.5843743791828,542.7728287578286
465.6973728759831,482.40919854030795
573.7943117669732,608.7345165152594
565.8129079900003,570.4592155974811
517.0931507506743,518.572124231115
458.7169576715217,466.9036625406971
811.4085811188739,588.4442821469502
562.1979705080112,545.0929848131915
537.9662578714598,516.1148247295359
512.4270076990571,467.4856027317933
652.5423789518237,628.9924564588351
598.9655803711697,584.6686181331336
579.9244365101151,558.9971246053223
466.9259554652359,485.89255624064253
756.8871065276188,664.6306845858218
593.6332318004021,602.3893344220293
576.3863476427989,565.9902544314981
432.9465330789165,491.87020615600886
698.7827201066591,651.308305595302
686.5595905806545,604.5787976683356
614.797560251236,569.1923070079126
450.8886448973554,490.2857897418284
536.1063956409447,623.2457955287584
519.9511170293137,578.2349149380768
510.36802665068893,548.7235764097026
438.56577751330695,481.64404941124957
727.5555322066733,657.6415257653001
691.9425182055923,586.0522066748699
621.1149307573604,546.1666153262585
488.7959546557436,483.90565165871215
567.4867090590797,640.6696184985772
565.9883438292702,588.9895212056962
558.1085340311523,545.7404091343782
448.4493169352268,469.9967529774832
883.4891497336907,649.5853386083477
688.3234597943687,583.8667696864954
464.7465696015242,532.0753727313329
432.7524403852291,480.5883600472468
807.2637375769092,651.0307304169194
660.4987789000014,603.4258908545559
614.3881041443576,568.3079533325181
458.0317942493817,482.65724758656523
727.3940799567282,693.264811616567
687.1031573287178,633.5526715817789
658.7577673398848,530.4518031867675
592.5923008331594,437.21836847349056
520.9625049252976,581.2474115569729
495.55159589650657,551.8751315228429
476.2101986300317,511.21637860562265
455.947918114199,460.55367734676923
871.8903709476441,646.7963689223056
808.6992940453625,598.5716049690944
789.1294533825247,564.3621606404914
625.6326029029589,482.03978419018415
581.0444280615988,647.2589036019998
573.2772425885129,595.198624436
573.2354095794708,551.4228002057991
451.3089575089877,471.4745259579183
627.5799880739429,638.6151108090937
601.4296172538308,592.9953219392817
472.377445675868,558.6190097136123
457.766359273481,481.26296562595627
499.29478078663095,662.8000025417433
447.1465610625411,581.8758240153027
446.56582682499766,525.680737433352
418.1407471581099,477.9449871362671
672.1381166805804,636.3428397656479
655.1758286712538,586.211143101889
435.9472710660316,511.18285445041863
421.1182565604609,443.88853905405387
512.9833484117243,603.3328891323195
511.1288202377232,556.9775097754158
463.6488941380858,531.4024875902678
459.6820861700347,476.3221598554815
633.0855537735334,643.249822366428
626.1386646949923,592.6723844225182
541.5995896549817,531.2421047737045
444.47380938997776,456.87798346941975
497.6407139430207,595.0199253599775
497.45831709318554,546.5000801693074
491.98994120588014,515.7046248957835
440.4613935179751,474.43740400091076
739.8655657728997,622.9493960589351
614.0837079121808,575.961655516182
544.5777363049323,535.440212365751
519.7895359357627,468.24173076000795
673.0800100355472,644.2791214646788
614.0458037206637,591.902912614881
553.8187322755293,565.8586272480022
466.21091669260466,488.4878848133648
596.2905675905635,638.6004219016775
551.6301017650296,589.9781326068138
532.3922616410109,557.5460184451872
469.7482625469141,479.4161917201921
528.4408345778938,649.9775220285148
432.2186386578388,573.2183134510594
422.2832313764077,520.4410103478089
418.12812245621666,476.69163001942036
810.9142535647107,634.4693152945135
696.6767437590739,577.3214959172358
675.2113039371985,545.3924562579951
587.6273972043278,483.7578231969182
703.0574020296224,622.2377487854459
580.9031557113021,576.4462258316051
541.6768565091862,546.0582409446871
484.1221023256675,478.6285879720066
703.845243639987,647.0303471629585
672.0142960922122,598.8050296602898
633.5596971505722,565.1294972326357
451.3859500277666,482.8806086721904
474.5193247730624,593.9024710868971
456.7290686956979,545.6681491487628
450.0867751540775,520.1686426385846
437.6664699192188,475.4949587016282
602.8558096941915,630.5293466926547
537.8163313736185,583.9555646669661
529.7152287926846,524.3266211789147
497.8348305978821,455.2388990351628
575.5486722407551,637.1013382954184
563.2357159535104,569.6935788903601
552.1882003404754,525.2559550442622
480.8285145314334,478.4306648243749
842.6916860042331,657.4454162765923
796.4037391842754,584.9607673965706
699.9965012999407,544.1825570063837
618.6272937304973,484.28092692527105
573.7943117669732,586.5806633671631
565.8129079900003,557.0848897770487
517.0931507506743,517.5274823640859
458.7169576715217,463.2050387828322
561.3788649431702,582.7914130534142
541.2751165108117,549.2855483539996
474.0762947000208,513.9479377818619
470.9380710949574,464.9812440943618
607.989452701624,599.7649811321019
597.5454879324826,555.1193440004894
527.9232006227113,527.0971809613301
448.8796852188461,472.5846065820041
487.3007546155335,644.1333635704484
452.6130496607777,577.1679032527403
450.5819555706401,534.7089510255087
420.47223918502647,481.1061125997278
588.976472965822,620.3488961819568
517.7786248379507,560.221779708659
515.2330212052162,516.911716319703
445.31166333695944,476.1236619559891
597.6288824623451,633.2445707063781
578.7374391778417,579.6652092612727
566.7147893330357,536.7849097716021
448.7439600642569,481.553324514335
851.2799498692817,659.8377018909276
657.5277806932569,579.9714349610548
645.3684755142648,524.2608244536526
529.5368141913551,477.5962696466359
540.4727163589555,635.1224137721429
506.1234968597247,589.4667035418267
443.30030846637055,550.6698544761997
425.4037156178861,474.49668520326657
797.2464124719116,641.2552032318275
626.3495502176121,582.7291158272183
590.7949413092078,553.1846668424733
468.8188247721748,486.37172010918283
893.5361726985616,650.5799778807223
830.246972179423,585.9642718062656
736.5681012530437,544.2460858491858
732.6659703498235,483.428306863111
700.627275495785,619.4119104186307
595.4174258764446,571.1695808807824
533.6610553738483,545.0691050560353
467.97946618439687,481.06853966603313
563.2856424916996,621.4673626882258
562.4941978411848,572.3183037874306
521.5472156952866,533.3750831114753
449.70015750909374,468.13696226604986
588.6514000659456,603.8967313313859
561.7603783178113,557.9474245181361
472.966119527276,530.7815067924307
439.3658505881931,474.49495616136585
578.1348301689227,667.7017752311958
557.3629908126866,617.6321211760372
547.806739631287,568.6427850426518
481.1148231652136,475.0109047635667
777.938865544766,598.6654149180089
600.621012444145,553.9078783883807
542.186274381016,525.3609766541211
465.0502083970718,472.37397921638274
562.0019991124186,580.8025265878423
551.2614191811948,550.8044623101446
475.1495220819696,512.7338888267075
466.2965617875934,462.8079878547964
617.8885202787397,596.5950514225174
582.2590726071375,549.7084890327754
525.2228710201773,519.1167421728896
474.0915867474108,474.9411244363582
585.7394020133004,635.7107571079055
550.3632709993229,577.9741417253108
517.5891078367027,546.0520152136287
448.2195600461519,483.84351372750825
633.4884334828556,663.4709506834383
595.4181261686513,611.092446636087
504.0702553624982,548.0167902039213
452.4407751493582,461.50144251519197
651.9904231605137,623.924682492116
626.0263938267012,577.9188068643258
485.383247950352,513.7248672967352
465.4658220536958,449.5782943603217
606.2494056772535,651.3434178279412
578.4376667409374,601.3674655443426
488.96077135219394,572.6667003208452
475.26024521387785,487.1148343539198
603.5039701358446,628.491011550003
586.4351074264267,573.61668953368
472.96665959401713,538.1110781335215
418.9705038722263,481.2681964269855
708.7800443095302,652.17955452407
627.8540466640111,581.2105149448315
572.7192027726784,529.7460770464544
546.9059522732556,479.4416739936529
690.5706497394297,570.7360378717909
523.0915200206745,546.2521162809269
514.9557170623666,505.0395439984793
439.6166473876625,457.65089790475906
527.6626860286387,596.3095948680975
522.1136152796408,549.7502420175244
461.8948823953812,527.4532571523866
457.9227390710761,476.61618706244747
702.530986930159,646.1655893931048
563.8065338640872,578.1164156701026
530.0139019122432,539.7176634533515
444.08127459114854,482.88613202843754
586.826733870532,623.1445257281507
558.5088216848934,577.0279185137346
534.5227198449309,537.574360083692
461.4655668837807,469.5997538782569
536.1063956409447,624.3650307102217
519.9511170293137,577.3803975245855
510.36802665068893,548.1055827921352
438.56577751330695,479.1520712100231
819.7561852527456,643.2134877927567
744.2625911368712,592.2156691353874
647.8911553488601,522.4801569333366
552.4887088495086,450.014819285122
810.2016234377421,641.9579080653234
743.825298279839,592.2789561456665
656.114776468272,523.6720513840748
605.537227430502,450.8358940586602
593.160646298201,693.7607060662052
558.0347101243617,630.8288073100026
539.7606634878863,579.9586498482162
444.9103924964266,484.9084012736909
667.7945674230559,671.2868601527213
639.4837868158477,623.7193749930375
586.0924764432956,527.1139643400709
439.68367672864383,456.6137772831761
627.9630793633385,655.6628161846521
607.493175679875,592.1207913862926
515.7313691816903,550.5556332971139
460.5975915677214,486.0961068802568
822.47233546907,635.6243906028843
640.0302252460112,593.8483780932958
480.5840589229429,508.22000557705894
469.66696091199265,452.695363910167
613.3467403349949,626.6685932661051
574.3866705839907,576.1140703842578
568.2488278768235,535.0992328059671
453.97680327833547,472.0359415948729
677.5111501863419,641.6483681067202
572.2867929089758,589.2380113625111
553.126563660848,547.1869220210561
461.33128038202415,476.70961492798244
541.0646069213947,670.401785167214
535.491750516534,601.8618770684722
487.4922070220345,570.3507735175688
433.0962101744829,492.90783780997066
486.0421852066818,628.242996028732
465.63583505789865,570.3755473010151
463.087972029255,534.8735946053965
462.9537746466754,480.5763640381059
780.6987926209305,590.7421103548296
642.8986551252577,546.7788716208867
535.7046846205708,513.7306949841469
498.58275004623226,468.78394975930587
890.6302904494659,648.0499475539018
692.9903111390408,583.1555419792511
611.9395698712516,533.777255125128
594.3445703388145,481.8634862513715
510.8983046511708,654.1534230100763
474.4800886757949,590.1275927429275
451.58803496673806,537.9293853957062
431.522039623743,482.78978468760744
528.8204891980407,593.0386749836807
510.3625384901165,553.5465320763443
494.3328986406138,509.4942055906133
463.91949640449496,464.25408459949125
655.3756203496673,655.3967421783061
622.5483330307354,589.4982180798909
545.5066529648574,555.9563110136984
483.32506375321367,488.4710336401295
521.100260437306,626.2762286857884
483.7254116604983,567.7985508711919
436.54816744024527,535.2888815483934
435.4205846674595,481.1650260125184
690.5706497394297,574.01386367869
523.0915200206745,545.5128134568481
514.9557170623666,492.5314512256437
439.6166473876625,455.95645108236147
568.7176027949133,593.8544656797766
549.059168386686,558.0832741226012
509.63069908218574,509.04463636944877
462.3016362354688,462.9804232324816
701.4898062456023,613.4416660025556
617.4823858242494,556.3716301870943
602.4585156754242,528.0073438413741
485.5927582626337,479.1690265968916
723.4895969127055,641.2293871493101
647.1522013159661,593.9614470374789
615.9083787428791,527.094260621274
573.9080736333348,463.57209172261224
601.3225399003157,671.4781034295697
570.3468238354822,603.2628862776178
550.7279569202167,562.7526627636656
519.287461081475,490.449044647806
529.9384469988903,631.977083202092
526.1780121526813,588.1335354599839
463.9538871989624,527.4277276054538
451.7062290751185,465.2853814750247
545.8328204491643,580.5061529213664
531.9681442041639,548.0584882692519
491.66545020688056,497.5260891727503
473.5426782384917,458.56656177775056
520.7716623631878,615.6956014062314
491.4657762841836,569.2029031108223
459.1061029507962,527.5409709325024
432.327197044576,470.42801432439234
567.7781364529212,649.1623834054885
561.8271549138334,594.0089279407612
542.6117264100411,551.021366447354
455.4330496358303,476.9111291110037
607.989452701624,601.2990088573882
597.5454879324826,554.4104740202824
527.9232006227113,523.1037119733234
448.8796852188461,471.680760508971
618.195107495944,639.7625081925478
588.2131356102992,592.7757099127977
514.4387101205367,524.3963116111289
456.5515428264905,462.28475766453334
597.6288824623451,647.6449727239607
578.7374391778417,590.7261098570102
566.7147893330357,535.3161723764325
448.7439600642569,481.5217618875896
543.6220750365958,654.9645274822651
523.5444258059472,596.8514582044838
513.3031714656393,563.810160334865
439.8737608685761,484.83370941277207
567.4867090590797,648.6493529165689
565.9883438292702,594.1940865203129
558.1085340311523,548.2055337234891
448.4493169352268,475.3233603646142
516.0381466550244,620.2288376989943
509.065278383735,567.9652826474871
491.4364620089221,538.539744536084
461.5479810490431,478.2898249177186
574.5465252401535,600.9732376277489
546.786302923824,549.1419796162504
506.62031199489616,540.1308877919893
452.6627833180645,481.0357198013854
618.8671914088792,656.5950975867646
564.1363784954237,591.576697572855
476.1755096212767,541.4958626429449
451.7991712883813,483.9161766318375
734.7944791925964,648.4141365736176
547.5685472748764,584.9135852571793
541.7917029056425,542.0426857769894
410.2175269194429,483.787000724635
798.7184937609263,661.6374027659328
648.7422563133529,594.930994169985
600.0438982352738,528.2898886763877
491.39686943231214,480.8048518540294
830.1292858466161,664.667428856002
732.266908333465,604.2063104310878
692.1433905657562,570.302314901698
593.7696989780121,487.7495369010005
673.1033773963994,628.8347485008818
602.4516648767809,579.2454685984598
588.3551751642307,534.2369356067744
520.5575255595601,471.3083632899094
561.3094979686601,656.3259539044072
519.1385951960168,603.2658467608406
453.84358433230335,554.3277684670124
444.42767951170913,477.5741037608351
563.2856424916996,624.0677701559716
562.4941978411848,574.1979473301919
521.5472156952866,532.410046648237
449.70015750909374,471.07367849828205
897.7859053342904,647.5272331700135
703.6850127063283,582.9194954814876
628.7890620664117,535.9935904679757
617.50121530202,482.3485580534828
573.7649751736172,594.263904174713
559.8733208533798,556.7307300891958
516.5917588149247,509.86540585200703
459.338777272405,464.1113900745649
519.36725424446,654.70414989293
483.3465472703318,590.1730180297824
472.24069896353166,541.2928619083827
457.19397108914393,483.8659093146452
572.3824839989642,643.2010697509656
567.2599832537726,589.4446775461888
544.9593648872828,547.7061994549915
447.5078756284887,476.23754410986663
783.9978111062393,655.6915906328359
645.949655038992,592.6272546132666
616.7397475313217,550.2601356414265
477.71158091102063,485.76391130140377
886.0973914997287,568.0022239684342
673.5272544822762,530.5539590095061
587.5385119329312,486.95879181520013
508.1075038061588,463.7783527293596
696.7534509928574,630.7143763286567
617.953970435682,581.2993700052106
586.9941937714807,534.1831837911337
520.0029818847727,470.79767257916245
727.5555322066733,658.4826470805876
691.9425182055923,590.7060855092146
621.1149307573604,550.4116476038433
488.7959546557436,487.2152602811863
602.6943258880774,630.703010374729
572.8205117183716,580.5412438807463
555.0587327575885,532.9273215692602
454.3658736081916,469.7276620857271
633.4884334828556,675.4411171482212
595.4181261686513,621.4121081686615
504.0702553624982,551.898359137256
452.4407751493582,471.3533779789519
704.6186162201132,697.4392064156879
651.4513226105233,641.008501446086
636.8467915059942,559.9200045355833
543.4121991432592,471.2802585912856
801.2653781072617,665.6037376022772
731.3363564023596,606.7328421235604
716.0470201082765,568.3594491447985
586.8406411222211,485.8783879621042
816.8647005799231,657.1443361083029
642.6166556645695,592.9441586867888
581.5734571327612,547.4210953267005
577.9376358918604,485.4343130839658
796.163262730047,706.726259534521
749.6397817134945,649.5401612654638
735.212910397333,559.7480463638362
713.8649404744775,469.3295615827876
752.3610982988511,707.0714742381132
614.3920808456768,649.9154728082815
574.5108091644089,560.8151136937106
436.0444400351601,469.7644780791378
749.5254643670708,639.476162525589
582.9842726834017,582.0203273986139
572.2691823328425,537.6317554144549
475.371317540097,481.2001375299926
897.5002953992779,692.98136086445
689.701439370833,643.5428488631808
570.5760958417216,530.0475426095703
412.1720518765279,453.858268106613
581.5200878205168,693.8849632179887
547.0741931027135,634.7992826603224
545.1947702736596,570.0557867062888
462.64375263671224,478.67040971601085
748.8183849762993,589.8170791861564
695.4413182313432,555.8968122046359
641.6897079914676,500.5606098816061
513.423598472593,459.219701975033
588.976472965822,627.5518823376915
517.7786248379507,566.366314663502
515.2330212052162,510.13048915902505
445.31166333695944,478.14592490841477
642.842507531412,639.3820885540074
579.1742076049975,585.7667322365538
544.821802333994,538.7971974592214
493.9872074384884,473.24871650059634
702.9841813969207,669.7016543335978
667.6836915769329,597.1580243415427
605.5890594509863,559.3962530140617
476.88068303052614,492.4600172938025
628.3419593131739,640.2715545001923
586.2749066373407,588.4835533840043
543.221784849254,513.6689451318824
446.7457013652693,460.8301688269025
744.441471555693,660.5687077528764
615.8720804215559,594.6334560611648
607.6991433081654,557.2428192465143
480.3563608398537,490.1692334253014
520.7716623631878,620.5082894209638
491.4657762841836,571.7704559982699
459.1061029507962,529.2319561584172
432.327197044576,471.48788083179056
540.4727163589555,651.0902688625098
506.1234968597247,600.2288441034084
443.30030846637055,561.259419766189
425.4037156178861,480.90915545522824
801.2653781072617,663.7054670556626
731.3363564023596,610.7556436671889
716.0470201082765,580.4200255833183
586.8406411222211,488.8112429486077
581.548441366726,648.9673332003341
568.3209840377929,592.7558338683491
549.5177472598442,554.2627583447103
451.25634764967714,478.73727950211554
574.83850578051,592.1810857211365
571.2346514934544,555.3052364653253
550.0238995615491,507.5654016582351
468.8073440328863,463.90424729477184
558.5021808890314,595.5537910957898
534.152745696776,554.9458440866323
474.11215856882217,502.76731429211145
465.01940426241794,461.6733853006529
673.9644263075822,627.6413802708303
571.4607675281819,576.3578825291579
527.8911497559075,546.0624600198344
452.4317897353498,479.7622274517035
679.852888414925,629.5745450264365
606.0578820118811,561.9372354929696
579.9853391014994,526.5309262525969
480.8642400701781,481.81276160660144
578.7229577351712,650.2545852198041
517.3271771088082,597.1085780449189
487.00860013679886,513.2432239484622
476.2509659227542,459.1766171538731
700.627275495785,629.383275564476
595.4174258764446,575.8649401717203
533.6610553738483,549.481290161363
467.97946618439687,482.4456324890587
630.3045302125053,655.6691423911465
574.6217391240123,579.3125888023753
552.0230867177139,531.491547813414
455.96466391493374,485.5664854702198
532.0516958753386,628.0719068363264
522.9586521871431,576.778207967414
515.2070367424781,544.3430194162305
439.77194905873495,478.25519690706636
603.5039701358446,638.9634609391004
586.4351074264267,581.2406953942758
472.96665959401713,541.059477119165
418.9705038722263,484.24106041133564
573.7649751736172,593.2039820747391
559.8733208533798,555.6569340313158
516.5917588149247,508.2503392294038
459.338777272405,464.27162781464256
612.656186770732,679.4339109291479
569.5468887178597,621.308273669717
563.555621855562,530.439163546729
528.9306849568111,463.2140289927459
544.0097046304677,623.9489475817925
525.0187914938344,572.3843705085535
521.1114652109535,540.7576077811561
446.1343339094556,477.2709663200818
641.3195689295559,703.6022144439631
575.4967663617504,644.5943465101807
502.51975971203007,542.6257031856286
438.0595759547538,464.5388639598556
575.5486722407551,648.6102718530642
563.2357159535104,579.6892853573295
552.1882003404754,524.4815578181297
480.8285145314334,483.05285294066437
527.0121877424567,600.6958231243552
521.0199339223939,542.9850287734521
491.99350066419214,521.3382350048205
436.9867045585649,477.31985751466743
763.6971532386463,663.8754637266222
614.438065200578,591.2395583250878
602.8261380349064,551.1061653834681
485.63359502806384,490.04752127499927
642.0375652712104,733.2275698754206
634.2051469157542,666.6477566499042
455.7816675912958,542.8309793258666
422.3969585258148,461.9382292469166
656.542117151021,636.3833930046453
622.4443186404698,583.6503688914785
570.1847305076353,538.1805334748191
529.5240133472662,473.1864219997474
667.2196459071486,638.7385741084156
612.0925607041158,568.9871740973858
601.0785238321068,526.5639080472458
528.319509214999,482.6345970356471
890.6302904494659,660.157021201925
692.9903111390408,586.8707951586289
611.9395698712516,535.7655457454445
594.3445703388145,486.5217088981196
543.6220750365958,654.7714092789492
523.5444258059472,600.7306344217221
513.3031714656393,573.7313009337004
439.8737608685761,487.06991724561084
581.8584323561282,603.5521507071321
511.72573295896575,545.0977483567825
473.1242150542286,522.5487450520208
458.3567816809858,477.9016076258297
753.1005291822447,658.2365968519783
717.7043943276791,592.8037861519998
595.5882682549858,563.394814561758
471.386956858488,491.55698481196197
819.3001048406257,745.0069491984348
633.9965261620346,678.9776398310943
629.7871010364094,561.8188372886209
487.48787786924026,468.07755756342425
573.7943117669732,590.5162614066381
565.8129079900003,556.9162996178628
517.0931507506743,507.501059828795
458.7169576715217,462.69970815392526
886.0973914997287,565.302518475372
673.5272544822762,524.687901007525
587.5385119329312,477.71762133893037
508.1075038061588,463.4945799377214
819.7561852527456,664.6781575607217
744.2625911368712,609.1626059005229
647.8911553488601,526.1047505258207
552.4887088495086,463.104943193535
579.4580149243694,593.8938097956483
570.3064167873396,555.8171116028773
509.617360517563,508.67415706996337
474.26983647895366,464.3202734338714
683.664875887254,589.7651220183474
523.737727801765,554.7790319699914
483.8237270248905,506.779209471541
476.76037337304007,463.37823076832154
668.6561112534706,651.5155072888047
599.129168668199,579.480326213866
582.1404886914792,536.204304046995
489.0205461654842,485.7855329054718
617.4932649416379,671.7872561042435
568.9349099759,615.9121565550513
457.9061712796709,527.6238149637795
444.5679197466184,462.57431193118896
543.8669080185891,630.9747926535739
524.4265770276072,584.1395366409824
521.6821745730539,520.8249797456057
455.0579206600038,464.35781316184335
520.9625049252976,584.0305137162281
495.55159589650657,550.5387521787928
476.2101986300317,497.96987378478286
455.947918114199,459.46242122913895
673.1743843670963,730.4751145452553
601.9279607274094,667.4284623835097
498.2262426219892,547.9094195795143
375.85753466179426,463.39162261248805
606.2494056772535,670.0511192094988
578.4376667409374,614.402126193546
488.96077135219394,593.4767355209646
475.26024521387785,494.01097672480614
554.5416560579024,667.443064539568
535.9902264708055,613.348550208477
485.36127278066334,580.7954083132752
452.404970385509,487.6245203304873
585.3743432379556,581.9451555454251
531.8175069306365,549.1009680625418
526.2858934549797,495.58559988363686
454.6720658071067,458.47105095689255
528.8204891980407,596.0613299356402
510.3625384901165,553.7017428310828
494.3328986406138,507.0056215346178
463.91949640449496,464.3914985281087
520.5013282168767,619.2133101186042
514.6631305360726,567.2448895923804
502.05473773429605,538.801629378511
452.5480436601496,477.7681205805116
810.2016234377421,663.0118954993272
743.825298279839,608.843371824941
656.114776468272,527.4832980238067
605.537227430502,463.5738107170716
597.6288824623451,643.8672229743772
578.7374391778417,589.4967611374345
566.7147893330357,540.0246865450022
448.7439600642569,485.7186979988645
883.4891497336907,663.4260751837777
688.3234597943687,598.0656127813259
464.7465696015242,536.1360577240216
432.7524403852291,487.70567010522865
618.8671914088792,664.896236976135
564.1363784954237,594.9350549874333
476.1755096212767,546.0023621102639
451.7991712883813,488.7433621269605
667.2196459071486,655.5379288885545
612.0925607041158,574.6195037203345
601.0785238321068,534.1385534850598
528.319509214999,484.3959287888118
702.9841813969207,681.4090978569469
667.6836915769329,602.6356676943667
605.5890594509863,562.3615029595763
476.88068303052614,494.5405159390971
596.2905675905635,653.8521475300118
551.6301017650296,605.3937829539716
532.3922616410109,569.1933696932364
469.7482625469141,488.4279281853632
680.4300830922333,642.1128126633281
555.0957230304715,584.7116367662177
533.9065683608693,548.3064847493687
472.8166178532291,483.56922943842716
584.2794944143261,589.7760875988918
563.8677964470476,550.7219870377003
524.6187189122548,503.0474227020871
462.3549764618555,461.1609232352001
708.7800443095302,681.8226397762903
627.8540466640111,597.8226966601551
572.7192027726784,537.2845449503543
546.9059522732556,486.8858692468625
581.0444280615988,662.2465071097193
573.2772425885129,612.569892635544
573.2354095794708,565.5061673054706
451.3089575089877,486.8351210429966
534.782207705619,662.5039926268992
528.9673451985138,591.3810829673981
490.3331783758491,553.1509205976889
452.6201538001583,489.042912539317
815.4286371353267,665.587079135171
656.9049422633925,587.0105617873191
605.3092397437212,542.3834130799826
580.3870997222236,486.9858769701594
568.7176027949133,594.1543682155659
549.059168386686,558.7489487087537
509.63069908218574,509.0557720708631
462.3016362354688,462.49313998287863
617.4932649416379,659.5041005610886
568.9349099759,613.5873096754333
457.9061712796709,533.2561560016195
444.5679197466184,472.7936537431878
537.15336537158,653.0023102181083
490.2480245716277,577.152004887396
452.46005007544727,540.7937201485291
445.389627165038,485.5703554503904
514.0714714786966,642.5492351017396
508.04603117539824,594.66633684165
478.1468825417848,547.8407154611201
460.4512454363179,479.86457521226953
683.4840680000094,577.2690356974331
588.9179303042077,546.8580494400981
520.3435647859537,491.8801264415761
409.14876372677094,454.54486773903506
573.7943117669732,592.804658269571
565.8129079900003,558.7626571442955
517.0931507506743,508.41690498790194
458.7169576715217,461.9045395881103
739.8655657728997,636.2220996277325
614.0837079121808,587.2845749468597
544.5777363049323,541.4616273661321
519.7895359357627,477.72640957575567
586.826733870532,636.2901721846857
558.5088216848934,588.3665103527435
534.5227198449309,543.4208247439994
461.4655668837807,478.3020204730335
558.2422870681537,656.6197008405356
517.8796160593799,612.6405086053294
496.91003110273726,562.3145473363057
438.34312406435185,484.3492583960903
497.6407139430207,613.276482261449
497.45831709318554,550.3842482393984
491.98994120588014,510.25843034017964
440.4613935179751,470.75575954444196
618.195107495944,651.0208689486597
588.2131356102992,602.0503824888588
514.4387101205367,534.7790707214367
456.5515428264905,474.49987587682574
602.6943258880774,642.3842056223748
572.8205117183716,590.3775009126886
555.0587327575885,541.6179118950108
454.3658736081916,478.30239215379623
819.3001048406257,717.7806837513655
633.9965261620346,672.0921220660144
629.7871010364094,564.5211362342221
487.48787786924026,483.77632463707613
567.4867090590797,655.5350813626337
565.9883438292702,604.7595304915319
558.1085340311523,557.8763123066439
448.4493169352268,484.2280770180536
797.2464124719116,663.8583375670412
626.3495502176121,598.3917325052414
590.7949413092078,564.0657007646034
468.8188247721748,491.64403371614486
718.8768641364126,670.9722545773812
663.635620780502,593.1830427666445
582.0955673810182,554.9398897720343
464.11249093948686,491.4532789727348
527.0121877424567,617.1019502241708
521.0199339223939,551.0395424511073
491.99350066419214,528.3719786915049
436.9867045585649,478.12748829539663
574.83850578051,596.1470957368227
571.2346514934544,557.7344607057264
550.0238995615491,509.55497952457904
468.8073440328863,463.4877981998232
528.4408345778938,682.0624189993218
432.2186386578388,589.4267826990757
422.2832313764077,528.2697070461984
418.12812245621666,485.53604979646934
756.8871065276188,676.9446656069581
593.6332318004021,612.5334444475592
576.3863476427989,575.3596833995288
432.9465330789165,495.7381237526139
578.1348301689227,681.7185336331104
557.3629908126866,639.5772783286956
547.806739631287,586.9323260865533
481.1148231652136,493.1546546633435
522.9689765969911,693.9809380743582
492.88653012164735,600.7574966225976
460.18378981307853,546.7837308182361
455.26681037314086,492.4648735203278
520.9625049252976,587.1688169548626
495.55159589650657,552.239742096362
476.2101986300317,500.52075196449493
455.947918114199,459.0610537192836
427.6756646341503,696.8075025353161
425.6165161082352,608.6652033284397
413.64894468625374,549.7084830981562
394.66014909392055,492.49310683601414
585.7394020133004,658.0237026907386
550.3632709993229,592.0543941815434
517.5891078367027,554.291272149855
448.2195600461519,488.13137140312506
541.0646069213947,679.591159447565
535.491750516534,611.8932513999805
487.4922070220345,578.9956246300969
433.0962101744829,497.9199282195381
510.8983046511708,675.285229814966
474.4800886757949,596.5870338077693
451.58803496673806,545.0958061065797
431.522039623743,488.23438391965067
690.5706497394297,574.2558686372673
523.0915200206745,543.9130106209482
514.9557170623666,490.4045686902292
439.6166473876625,454.0569003682697
545.4034794009249,680.0886918275695
533.7014375594252,608.0885429845889
441.13860889588346,555.0325976323394
440.76046783578727,490.45023433767557
673.1743843670963,704.6922043254236
601.9279607274094,660.3669654599025
498.2262426219892,551.9654010304741
375.85753466179426,478.6681481345402
668.6561112534706,666.8384799281929
599.129168668199,584.8579717603274
582.1404886914792,542.7277882655358
489.0205461654842,487.9195114298004
572.3824839989642,649.127092797414
567.2599832537726,599.267461969414
544.9593648872828,556.2024282754488
447.5078756284887,483.5232201038662
516.0381466550244,629.1191339996002
509.065278383735,575.1256866249518
491.4364620089221,543.0378270680433
461.5479810490431,480.31537603847636
700.627275495785,636.2539510504656
595.4174258764446,581.7857908907629
533.6610553738483,550.2425024401456
467.97946618439687,483.27719843473733
528.8204891980407,601.3278779566707
510.3625384901165,556.92248474575
494.3328986406138,511.32928418395517
463.91949640449496,465.5444545770488
652.5423789518237,650.6714457398963
598.9655803711697,599.8536010006582
579.9244365101151,568.2942105260515
466.9259554652359,488.8719933092013
512.9833484117243,619.0327571503208
511.1288202377232,563.7317187290572
463.6488941380858,532.0239481299587
459.6820861700347,476.4770947519999
727.5555322066733,680.0939355988937
691.9425182055923,600.4001884623766
621.1149307573604,559.304696958822
488.7959546557436,493.6265892658707
489.662931386531,643.9362005522565
466.9335638682227,580.3560907602243
458.8671942678071,544.5660179706598
457.65177620109154,483.7592683651674
581.548441366726,648.0060293977442
568.3209840377929,597.1309317519814
549.5177472598442,556.3340318029908
451.25634764967714,483.83427974215846
554.5416560579024,663.3797735540559
535.9902264708055,617.3892524233536
485.36127278066334,577.0212085842351
452.404970385509,490.7534776321614
701.4898062456023,637.2643662729472
617.4823858242494,564.4279720287038
602.4585156754242,533.0670591880013
485.5927582626337,481.7741811998302
811.4085811188739,608.524914337014
562.1979705080112,554.8505629670551
537.9662578714598,519.127194759353
512.4270076990571,470.99786334561725
474.5193247730624,611.4362282424571
456.7290686956979,549.8601107106799
450.0867751540775,516.875186901291
437.6664699192188,472.6381880116977
703.0574020296224,637.2913536154631
580.9031557113021,587.57486367227
541.6768565091862,551.302427853044
484.1221023256675,482.33586448452684
893.5361726985616,661.9233548341459
830.246972179423,590.716652547665
736.5681012530437,543.6460017563105
732.6659703498235,481.3763827135123
673.792897264189,614.2921395671223
599.67926577825,556.9853067921391
579.9439977673546,530.0636010852346
481.42426099656416,475.7373185715493
755.5277184310702,678.4688204514025
679.4799846748333,600.1893978504148
613.9243432197584,536.1289364518178
579.8247315218983,481.1041129693543
855.1238526305019,670.4175582815869
807.3029294437728,593.984612223542
693.630585231437,549.066335523799
622.8585413415191,484.44420326028217
491.2320484562486,654.1943362728806
471.94500360542247,580.1831159316267
459.9210087067679,536.620009268278
431.5703119089766,481.49835040306704
703.0574020296224,616.8187021677678
580.9031557113021,566.7469922268159
541.6768565091862,537.6182696340729
484.1221023256675,474.24408724191943
808.9820195810361,630.930483715766
737.6270040010118,580.4732342336741
718.5840110078352,550.9142437636095
587.0235374380363,476.6982730154405
871.8903709476441,630.9059305451757
808.6992940453625,579.6061705865063
789.1294533825247,551.4901019749801
625.6326029029589,477.23429694567045
801.2653781072617,630.1969579855808
731.3363564023596,579.2339433255065
716.0470201082765,550.5147795433433
586.8406411222211,476.88437439401656
510.1714411665308,615.2459668679362
504.062559665145,553.4752166284796
489.361788908185,532.3422023624626
450.1084735005105,478.28145009353716
497.6407139430207,612.3189923482765
497.45831709318554,556.6826068529782
491.98994120588014,516.3177906598056
440.4613935179751,471.486913673908
563.4933817289186,582.1409727556616
544.7038445041295,550.1502072358066
515.5925864416441,503.4281550099787
458.1901985568487,460.06317828288286
579.4580149243694,589.8884888149794
570.3064167873396,553.8636534546658
509.617360517563,510.29173065131624
474.26983647895366,463.0240592657729
627.5799880739429,624.7662611572603
601.4296172538308,574.8812151267135
472.377445675868,544.4901328082437
457.766359273481,475.2662909091391
537.15336537158,645.323534001942
490.2480245716277,575.7278142322863
452.46005007544727,539.4785064188956
445.389627165038,481.03927537240503
780.6987926209305,599.7123886343429
642.8986551252577,553.0809529112208
535.7046846205708,519.27891975369
498.58275004623226,469.3505170740904
535.1522375163458,605.3677649160521
532.4600786561209,553.7503995371809
458.2712163936379,526.9276877605279
447.3815885391874,473.1304399418059
543.4020887360975,625.5577610929828
537.7181402118088,563.9412107603391
516.530324335695,522.2785136364396
461.3252547412272,474.60613337666194
676.8394403543999,631.4642144622158
629.3607458874646,579.7882028571012
614.3525646559199,552.2932259417263
481.6278212224103,477.56869099741454
846.2989795017129,579.0269353533791
519.3340435775315,549.9041096668349
476.0801284568726,500.0075264854457
472.4757093430973,458.134098997401
831.5215709029452,622.2799717041866
702.8279199121653,573.5737821084284
627.3304389588875,541.9174631597106
620.4448021319861,474.2788324369814
504.37827607283606,661.6091054985909
488.5474710611747,589.0226419916115
464.6056293585397,528.7015777591997
417.20570848878344,478.0474916813796
487.3007546155335,663.2429789397629
452.6130496607777,589.865440895919
450.5819555706401,538.975534773262
420.47223918502647,481.0073755165407
821.9933564063326,630.7011875793772
729.9181171662959,580.0330142525047
702.8692286502011,550.7959442180604
604.4447867751416,476.78223930875896
486.0421852066818,635.9872732760288
465.63583505789865,571.8546123419297
463.087972029255,536.3528060934998
462.9537746466754,478.5599950722018
719.1399891208458,632.6669869456186
696.6552261516447,592.5596626004997
691.4477200859143,526.7349738240191
508.9342663970776,465.5056102847994
531.1618701728952,652.2615327682131
512.4795727152284,585.7927919412597
461.3750527457096,554.3979175520321
439.08770624317685,482.95280712026465
702.530986930159,663.2191123628822
563.8065338640872,589.1684477290307
530.0139019122432,544.8466232211085
444.08127459114854,482.88561834843057
612.656186770732,656.5120105118224
569.5468887178597,615.1810056995391
563.555621855562,531.4556168136688
528.9306849568111,465.22723232353206
581.0444280615988,638.921755479063
573.2772425885129,589.271442842424
573.2354095794708,548.4520993387015
451.3089575089877,475.01689945249393
819.7561852527456,645.6048627894628
744.2625911368712,604.8562141609203
647.8911553488601,528.4600168098711
552.4887088495086,465.12488804791576
534.782207705619,648.0627163300882
528.9673451985138,580.041297739281
490.3331783758491,544.4221230732011
452.6201538001583,481.38887751822756
897.5002953992779,689.2400404586849
689.701439370833,648.5657881389079
570.5760958417216,538.3176624317423
412.1720518765279,463.8802187344014
798.7184937609263,688.7481742794354
648.7422563133529,606.5051404494021
600.0438982352738,536.8864302596093
491.39686943231214,482.1899341067012
696.4799391387647,615.3692840909124
627.4561392058225,574.3727859070958
499.458432651188,520.4864382053539
454.8502215169645,465.7690843906974
540.4727163589555,624.1525681767946
506.1234968597247,577.5745402801649
443.30030846637055,541.416205913158
425.4037156178861,473.0374114110039
723.4895969127055,639.1405103288095
647.1522013159661,596.2047746726172
615.9083787428791,531.456510557183
573.9080736333348,467.46875628336124
673.1033773963994,623.1992489155824
602.4516648767809,576.6111366060828
588.3551751642307,534.1979301857493
520.5575255595601,471.23531888883775
698.7827201066591,628.3621939273044
686.5595905806545,576.9514090164422
614.797560251236,550.2819462936051
450.8886448973554,477.18438822438657
822.47233546907,646.7126033517166
640.0302252460112,608.0711297570382
480.5840589229429,521.8041534021219
469.66696091199265,462.31953401789644
534.6481660855585,579.3032842957274
518.4679246313269,544.6373733368501
487.7313165056417,500.0301502058903
476.14883685981425,460.62113441276364
703.845243639987,630.9493187655763
672.0142960922122,579.182328486023
633.5596971505722,551.6695166487048
451.3859500277666,477.48535856333996
680.7479835441547,620.9112858812181
567.5579647993288,568.0634920046277
531.7119378490902,543.1991995878785
447.83671443775125,476.6182121867131
528.4408345778938,684.5957865842387
432.2186386578388,602.4597662437329
422.2832313764077,534.2645918777772
418.12812245621666,481.828746394642
637.7903223811521,615.6562675635453
577.0704512068247,566.8531148112778
482.8559793794818,534.812516284414
433.786258147532,473.0512303552709
581.548441366726,628.2564421217508
568.3209840377929,578.7321174674423
549.5177472598442,543.6534624462953
451.25634764967714,474.62670131991484
613.3467403349949,623.6630888601383
574.3866705839907,575.57308738696
568.2488278768235,536.3613666978629
453.97680327833547,472.4546588900811
427.6756646341503,689.1379399216238
425.6165161082352,607.1728536464162
413.64894468625374,544.9856457224203
394.66014909392055,484.18882254600845
575.0041270578758,585.3493568511615
563.3507622177636,554.1045682415781
516.0369192880318,506.81585888612926
458.9244135246659,460.3387665849829
544.0097046304677,612.9120392061666
525.0187914938344,563.7543587189883
521.1114652109535,534.5391443104594
446.1343339094556,473.37566374595923
683.4840680000094,573.7166163632118
588.9179303042077,547.6714772141713
520.3435647859537,495.76511795015017
409.14876372677094,456.08664916054465
652.678573908941,629.72015431366
629.7985921685502,578.0805708339848
622.2284063047605,550.3817404732753
473.93713311076897,477.1954111645191
560.8489159458138,585.3490178146103
546.4638452902718,553.4392168895894
505.9816322727785,507.0323660544804
467.6263442790666,460.69618209839297
578.7229577351712,637.4160806042679
517.3271771088082,598.6640380062671
487.00860013679886,521.6592965716834
476.2509659227542,463.14159893456497
703.0574020296224,625.7998491677462
580.9031557113021,579.3369723322439
541.6768565091862,540.0805061874886
484.1221023256675,478.08953569145643
655.3756203496673,663.2135847167353
622.5483330307354,597.0218893152669
545.5066529648574,560.5151921870253
483.32506375321367,495.69358398928637
543.2492470654427,617.6299802819696
513.2446557791833,571.683453598806
494.45204633491386,518.2093324018392
454.994391472549,464.64487587524343
569.3827592760473,674.5446261212331
528.8292663406135,600.7557908832678
464.0409262466788,558.4108422205843
446.0146275626546,497.69330461992706
545.8328204491643,577.942760174618
531.9681442041639,537.639506340992
491.66545020688056,490.8410234063808
473.5426782384917,452.0818067968736
718.8566753468305,581.8829709776968
694.4020862534777,543.4161092868273
607.0455847899506,496.73596993531123
596.7817564062373,454.3233598487449
883.4891497336907,679.0982485377523
688.3234597943687,603.3616666739312
464.7465696015242,556.1387811181459
432.7524403852291,498.8706391437563
667.7945674230559,709.8373481344556
639.4837868158477,641.4137080306707
586.0924764432956,561.8342915633318
439.68367672864383,486.2325208574683
543.4020887360975,620.3450673499552
537.7181402118088,553.1774396136874
516.530324335695,516.1270358598002
461.3252547412272,475.764627033691
672.1381166805804,669.982262324179
655.1758286712538,603.3872265237808
435.9472710660316,532.076985697816
421.1182565604609,473.3554305013279
552.095930595623,582.8222468213845
523.1206482874868,544.7625197014884
498.4763277941449,497.66814871549343
460.91392179291466,454.54750119748775
670.0596517449959,633.9178506194838
612.7939587726802,581.2990099152506
588.7457955390164,533.9534271488435
524.9986463351058,474.5562336752754
622.3418691115698,644.0000891235848
561.8216819589815,588.2580178895619
472.2113819267588,531.4083865205035
468.41237311769976,472.5866749320396
581.0444280615988,662.3458509132926
573.2772425885129,609.0536473995006
573.2354095794708,559.3203640039533
451.3089575089877,485.7785569978205
528.3165074233303,615.8374176366892
497.3431993846251,548.082158989586
457.7556894064108,518.6116380879328
454.0423109175739,476.8351050099462
603.5039701358446,642.104674589751
586.4351074264267,581.8951981814587
472.96665959401713,542.3209542221886
418.9705038722263,485.8640287751465
680.7479835441547,631.0791948668473
567.5579647993288,584.0812099095656
531.7119378490902,546.6590117319018
447.83671443775125,481.551161656255
830.7247157185855,691.5026549895659
757.700100136476,609.5418442463254
690.5728477532277,566.2734760830504
600.9108578215097,503.61227755078755
578.1348301689227,680.1778467537172
557.3629908126866,635.5826485269264
547.806739631287,582.1525305122459
481.1148231652136,493.77084786585215
777.938865544766,604.0530423104757
600.621012444145,551.3668922440643
542.186274381016,513.4314758530439
465.0502083970718,467.3990360494498
536.1063956409447,628.3972818938387
519.9511170293137,581.1164643947993
510.36802665068893,542.3657748635417
438.56577751330695,479.10312615095125
682.8227759367221,764.8658776159157
654.9981918243433,695.4142382702863
387.9498803965478,602.6392025196319
292.6504186034527,503.2466001179443
677.5111501863419,638.5296989924535
572.2867929089758,590.7931480321715
553.126563660848,545.4202864899781
461.33128038202415,479.07558920460644
646.3008640255122,678.7323688261082
593.678713886837,624.9707512562567
506.6119749289346,564.3783652260717
471.4044169920629,486.6735302176337
561.3549338206711,583.573357843905
539.5171489714845,543.867128495333
513.5404354169157,497.07734094978366
458.7352007178072,454.765787006592
600.1848312627607,650.3075127469872
576.1073616244063,592.6732350494794
568.9894048322717,555.7815069042339
446.8909589703639,490.4527098958356
690.5706497394297,566.6021674343341
523.0915200206745,531.6725798439849
514.9557170623666,483.90867760023605
439.6166473876625,447.155883807024
534.6481660855585,571.3419033148933
518.4679246313269,528.0768271747875
487.7313165056417,485.317775096285
476.14883685981425,451.36504360549407
807.2637375769092,654.867265608399
660.4987789000014,613.9313289679537
614.3881041443576,570.7522813359186
458.0317942493817,489.7711383008754
510.1714411665308,607.4253484625058
504.062559665145,544.7949673360795
489.361788908185,516.2429356028757
450.1084735005105,474.06225126487004
837.6158926764983,675.7569507380248
763.2970831799763,611.2817873107618
644.8177243541897,543.213063627479
550.1180683783448,478.48001443233096
630.3045302125053,675.6135894907612
574.6217391240123,588.9815826391106
552.0230867177139,548.6737846751823
455.96466391493374,496.8199711312575
508.89640830644754,672.0013597360324
495.4781979481173,596.7184767015694
490.9775905899715,552.5509329251149
459.0731671387516,496.0281151097939
567.7781364529212,653.7552418321285
561.8271549138334,600.3492651396098
542.6117264100411,552.8363420459275
455.4330496358303,483.1847855881303
505.7377145716787,752.1226403152509
497.19856329910266,680.7822351907741
444.3938252338676,590.6466902332497
426.6980255518923,498.64808844726656
514.0714714786966,640.7791986881881
508.04603117539824,589.4940636215758
478.1468825417848,541.4185931134891
460.4512454363179,477.5369028861755
744.441471555693,664.9574734693109
615.8720804215559,598.456639444198
607.6991433081654,559.052904428058
480.3563608398537,495.20004120383317
585.3743432379556,578.4081751312845
531.8175069306365,539.7945225103803
526.2858934549797,492.3194784481417
454.6720658071067,452.16804757573146
580.214669021434,626.130058619387
574.4152741961453,577.0377602239379
563.985055817266,537.6576647134061
457.8968754331682,479.632757427318
673.1743843670963,745.1469792398084
601.9279607274094,672.2555679150787
498.2262426219892,581.0899520026801
375.85753466179426,494.489532763717
499.29478078663095,709.1984760480308
447.1465610625411,611.7421865525805
446.56582682499766,562.2547873000146
418.1407471581099,507.2369812334388
607.989452701624,604.6875956255088
597.5454879324826,552.723471067347
527.9232006227113,514.8949000339347
448.8796852188461,467.63663558867415
534.782207705619,656.0880745195211
528.9673451985138,589.5105921730812
490.3331783758491,551.710958694352
452.6201538001583,491.715784983661
602.6943258880774,645.2454773291249
572.8205117183716,587.2154652167884
555.0587327575885,537.283160785957
454.3658736081916,476.84365127275163
612.656186770732,690.2187875663047
569.5468887178597,623.5110956951467
563.555621855562,550.8924453080133
528.9306849568111,481.8452085683101
821.9933564063326,651.5767524435879
729.9181171662959,608.8157893898351
702.8692286502011,565.7435941086203
604.4447867751416,488.0287841113213
527.0121877424567,603.5532060552064
521.0199339223939,543.3310639744348
491.99350066419214,514.3740904793472
436.9867045585649,472.1322811879289
564.6503779062034,632.3189655362739
562.221765439404,577.463689471508
523.365393761723,531.9973099721454
449.5332418642992,474.3722055423845
797.2464124719116,653.8594655321157
626.3495502176121,594.3838468061571
590.7949413092078,557.8438202236682
468.8188247721748,492.05884644120704
673.792897264189,610.4495409172473
599.67926577825,552.2136950263274
579.9439977673546,519.3386829625862
481.42426099656416,473.58221841474284
619.0827958036338,573.1055832361368
604.4872891406883,530.9301224821692
577.1910730047197,486.25777043725543
458.9132736009928,450.8975104167591
582.0455968504493,634.6437488261563
565.8365180204325,580.3029327747909
545.0623704781453,534.4844332277306
448.4534660173425,475.34049263994933
570.1884409927653,583.9242140532353
545.9290263916728,540.7501774472671
471.57757643981887,497.061842683256
470.88472749278645,456.42694024123
521.100260437306,637.641039956379
483.7254116604983,571.9520004436062
436.54816744024527,536.5279312045991
435.4205846674595,484.40631403508746
577.4424206616455,592.5468163817104
560.8128116474442,552.9384788836667
516.3654195668769,508.11102835244935
459.4562916962709,456.2893371729638
727.3940799567282,726.3309744433374
687.1031573287178,654.8055312038844
658.7577673398848,541.4305955605636
592.5923008331594,454.36669799201184
652.5423789518237,639.0895921982976
598.9655803711697,587.222544311928
579.9244365101151,554.684662715873
466.9259554652359,480.6641739271116
656.1290436899292,651.3839083690935
647.2583854153044,601.5570033826563
627.4196766298201,559.5025761464055
479.0964321215763,471.52403171211273
544.8264278932212,661.0776206228048
504.4586353696602,600.0678767673982
476.1808843449634,531.0844162566113
455.654678272116,469.95236333278854
667.2196459071486,648.5271494585902
612.0925607041158,577.5267952828261
601.0785238321068,539.6067178449476
528.319509214999,493.17696993585776
703.0574020296224,626.2881934505943
580.9031557113021,576.2445635282539
541.6768565091862,542.5669719930895
484.1221023256675,476.02406672337145
581.548441366726,646.1640405099511
568.3209840377929,590.8361863688416
549.5177472598442,545.4415888659337
451.25634764967714,478.21338202441785
474.5193247730624,606.6567867341003
456.7290686956979,551.7852325350357
450.0867751540775,520.7114764098791
437.6664699192188,481.8491134903087
585.7394020133004,643.7170949949732
550.3632709993229,583.0590011402679
517.5891078367027,550.1937115991909
448.2195600461519,485.39982829726625
741.7765600746402,656.2308073786255
710.094898827844,581.7155600499706
332.24320577171915,535.4680676952838
324.1278888269732,486.6045834559682
508.89640830644754,656.3963361003838
495.4781979481173,586.8125252323243
490.9775905899715,544.8583242084135
459.0731671387516,484.4426293002032
603.5039701358446,634.5277546381341
586.4351074264267,575.69787267393
472.96665959401713,541.5592386305129
418.9705038722263,480.3070551499138
734.7944791925964,655.8425182686266
547.5685472748764,587.5933209481667
541.7917029056425,549.6951278489814
410.2175269194429,489.25181053410074
641.3195689295559,700.9654955062408
575.4967663617504,634.8262382638216
502.51975971203007,537.171657489006
438.0595759547538,457.71919298501354
748.8183849762993,591.1324141238917
695.4413182313432,550.920483879604
641.6897079914676,503.1657958548417
513.423598472593,455.5288656816623
637.7903223811521,626.9967923013867
577.0704512068247,574.7304536760823
482.8559793794818,536.1151054877521
433.786258147532,477.3019726843014
871.8903709476441,647.0936673372508
808.6992940453625,596.6399240782015
789.1294533825247,560.6522935243253
625.6326029029589,475.56119242747303
492.34848299947487,626.1159662659684
490.1861035177276,574.909315348755
461.0671408438447,538.1676138867597
433.9821062432427,476.9749610439436
574.5465252401535,603.473595545031
546.786302923824,555.1153410952173
506.62031199489616,536.402254003737
452.6627833180645,486.713899011304
577.9110993685471,623.4002438100537
568.4841471810776,570.1965098638752
558.335733396071,544.3032806032824
454.5949914887845,485.08976534909243
561.3788649431702,588.91616688877
541.2751165108117,546.132967788756
474.0762947000208,506.4923660018715
470.9380710949574,463.0433468551644
701.4898062456023,630.5259537817783
617.4823858242494,566.8885326715182
602.4585156754242,535.7533031053002
485.5927582626337,491.3578827630238
581.8584323561282,614.0579752316889
511.72573295896575,556.2317683197381
473.1242150542286,530.7506880030227
458.3567816809858,490.21762120867487
590.8973822687532,639.4052164354032
567.0724655929229,584.192681056983
554.8414215204972,536.3158790814838
449.46823066679326,476.21812342554693
618.8671914088792,663.6825834325233
564.1363784954237,592.5446525577017
476.1755096212767,551.1109498901083
451.7991712883813,488.51474053626737
567.4867090590797,655.5519587643453
565.9883438292702,598.2602879061988
558.1085340311523,546.6330795207807
448.4493169352268,476.5677680262818
883.4891497336907,657.4424462002983
688.3234597943687,587.7866029716049
464.7465696015242,544.03085181348
432.7524403852291,479.84125208056656
510.1714411665308,614.4782664343164
504.062559665145,555.6344881453438
489.361788908185,531.0987209319003
450.1084735005105,491.7199350087914
520.7716623631878,621.5414422559035
491.4657762841836,570.9623707071157
459.1061029507962,527.6358942650096
432.327197044576,472.0216141380981
628.3419593131739,647.8479791125206
586.2749066373407,589.8834359327932
543.221784849254,518.4201363328997
446.7457013652693,464.4011109014103
577.7556677706319,646.4304404303725
535.2261037388306,591.0747462138031
534.5315618764889,545.9109722512171
460.4205357285212,478.3024617126623
531.1618701728952,658.6551457490394
512.4795727152284,597.7374292738376
461.3750527457096,565.3099166239011
439.08770624317685,485.7937343496037
499.29478078663095,687.4562106922028
447.1465610625411,602.0648217331516
446.56582682499766,548.0416347233257
418.1407471581099,493.54255402059596
528.4408345778938,673.9176520315941
432.2186386578388,591.9354197146333
422.2832313764077,540.5468185729394
418.12812245621666,491.7970505679763
642.0375652712104,733.5316368147969
634.2051469157542,657.8596472475064
455.7816675912958,540.13326578686
422.3969585258148,456.8021939235721
638.531484013179,626.5118220150193
538.2410542088205,573.7618852225553
494.1925808116165,541.7484179867795
478.8165454897073,477.36670411437217
768.8995068104871,653.4073397348587
609.8527150971846,603.599341724016
570.5677359592181,563.5158835665608
552.0152616569843,472.6523501078404
599.9067437901979,666.6738612826972
579.622843559374,606.0480884806157
530.752631532557,533.9949782491551
446.8294265717018,467.3376534302986
486.0421852066818,635.6816954269611
465.63583505789865,573.8747057248539
463.087972029255,540.428332540492
462.9537746466754,486.4781820185768
819.7561852527456,668.7392877417316
744.2625911368712,607.1058355353837
647.8911553488601,526.9473785569718
552.4887088495086,463.4900625998404
796.163262730047,713.8617505666214
749.6397817134945,648.1742666594174
735.212910397333,559.3101564947392
713.8649404744775,462.65461031100523
753.1005291822447,652.4975905260837
717.7043943276791,589.4169907872244
595.5882682549858,558.1283062107007
471.386956858488,489.6809387970074
596.2905675905635,643.8937752735102
551.6301017650296,592.0418026985956
532.3922616410109,554.674128550056
469.7482625469141,477.9631768076574
545.8328204491643,584.5463972529416
531.9681442041639,544.1652794170528
491.66545020688056,499.3600956010248
473.5426782384917,457.2205467401459
645.2571534489554,672.2172004429161
598.0329385295252,603.2466361111095
561.5930909347676,568.0251722553264
486.5123406637388,492.9726608101837
612.656186770732,682.6801113387387
569.5468887178597,617.9789872535152
563.555621855562,530.3513063306951
528.9306849568111,462.5693849675848
856.8205559786115,674.2035681051054
783.8522772905812,599.6949262790515
713.2657186728048,556.9442887340169
625.3167938440248,491.953336759877
578.1348301689227,671.2637916789786
557.3629908126866,618.1781299274672
547.806739631287,566.4526587599013
481.1148231652136,470.0037924594434
780.6987926209305,603.3785715962167
642.8986551252577,552.8727445141336
535.7046846205708,517.1341814567803
498.58275004623226,475.9054749762886
702.4096850860385,658.2152707508603
635.7295689687116,597.6558238676706
473.0274494217064,526.5896211232161
433.1207890010415,468.0876410511441
702.530986930159,662.008611874825
563.8065338640872,590.7795390109118
530.0139019122432,551.396699888951
444.08127459114854,491.6476294633141
893.5361726985616,660.1786497966966
830.246972179423,592.7803695776863
736.5681012530437,553.5204847799617
732.6659703498235,485.62202955981735
539.2630035181747,648.5240037344826
538.9591736445121,583.8185565992464
494.0468783190701,547.9408662703869
453.0898359519887,486.9335236871876
856.8205559786115,677.8923912604408
783.8522772905812,598.7292478991767
713.2657186728048,546.2787546660439
625.3167938440248,485.62842455985066
683.4840680000094,568.3090326132848
588.9179303042077,545.8984557313286
520.3435647859537,497.1892928183856
409.14876372677094,455.92060173893054
510.8983046511708,666.7525824576053
474.4800886757949,592.0044241179543
451.58803496673806,537.4074759528716
431.522039623743,481.736582759153
491.2320484562486,632.5680526155077
471.94500360542247,564.9775292096726
459.9210087067679,517.6211200737346
431.5703119089766,476.12721463331866
816.8647005799231,665.3304526706941
642.6166556645695,593.5609775578131
581.5734571327612,546.038920747319
577.9376358918604,482.7780563856222
577.7556677706319,636.2048600842629
535.2261037388306,586.0341920019479
534.5315618764889,550.3880669069838
460.4205357285212,478.8254768605559
642.0375652712104,711.8939662222951
634.2051469157542,652.3834043207827
455.7816675912958,565.8996202168524
422.3969585258148,487.93567388494586
607.7916391862393,668.5182770868671
598.5633302247654,616.9824855860974
573.0552368103438,555.5686347564919
448.385589624607,481.3834510277622
579.5766879867067,673.8218822011672
514.568213188165,599.1551642430823
503.4052784630531,550.4112208181225
479.76497042240504,484.72142376844755
504.37827607283606,657.4071798027024
488.5474710611747,584.5828931735372
464.6056293585397,523.1795097899258
417.20570848878344,477.25987421204184
893.5361726985616,670.888550433608
830.246972179423,597.259398970821
736.5681012530437,546.8160316661248
732.6659703498235,483.3747854588892
515.2235243375959,654.128884374099
484.0151816302753,588.9666983191128
475.31235348623653,551.1661017036678
448.526131533754,482.1275868856844
656.542117151021,623.3327407160075
622.4443186404698,577.8187712546445
570.1847305076353,537.3294573955536
529.5240133472662,474.2191041029829
560.8489159458138,586.9349586492675
546.4638452902718,557.0616959900403
505.9816322727785,511.8653546382433
467.6263442790666,461.6527212704722
567.4867090590797,644.9456799601157
565.9883438292702,593.4058754932748
558.1085340311523,553.4265882579207
448.4493169352268,480.1915834140369
642.2036243588196,648.4594520701927
602.296448424304,601.6199963558457
483.4807214393936,538.8867058184982
440.3836981097085,476.25806357874166
801.2653781072617,660.0816594747106
731.3363564023596,603.8841942429466
716.0470201082765,570.9463419859184
586.8406411222211,483.95969149196316
613.3467403349949,621.5718527934434
574.3866705839907,575.2839605312831
568.2488278768235,536.7123022458056
453.97680327833547,474.6698315061116
615.4855524048013,671.207412224354
588.1246044796945,617.536686914084
498.8689134589234,565.9213959358563
458.5371911970298,483.712358975524
563.2856424916996,619.2677300598115
562.4941978411848,573.5117132790018
521.5472156952866,534.0423807281422
449.70015750909374,473.90642421076814
696.7534509928574,626.700754633827
617.953970435682,580.5595021918423
586.9941937714807,538.3164405369064
520.0029818847727,474.71926355177465
679.852888414925,623.6023643096423
606.0578820118811,560.7812742007422
579.9853391014994,519.7625685333477
480.8642400701781,475.0540224986542
598.641817832653,662.4069957868497
581.2496063907054,603.2656249684316
552.9567277269363,576.8389043970924
465.736931290636,486.4400376284909
633.7378824024624,634.7394180289017
539.8244226081974,586.6163248270423
535.1941030202516,548.1967158161805
459.2618719271435,477.09789532384457
575.5486722407551,652.3451144015834
563.2357159535104,580.099795571654
552.1882003404754,522.4408819393598
480.8285145314334,477.598615219334
673.0800100355472,657.819270670596
614.0458037206637,596.7444283171793
553.8187322755293,568.5878665743694
466.21091669260466,484.82224206580406
570.1884409927653,578.7186704879136
545.9290263916728,547.5422371912586
471.57757643981887,503.9990668100916
470.88472749278645,460.5756861359662
641.3195689295559,686.0543320609323
575.4967663617504,632.8519945944614
502.51975971203007,559.2954577575792
438.0595759547538,483.32209080125796
558.2422870681537,653.6168955411957
517.8796160593799,602.5516776200071
496.91003110273726,561.3436227108471
438.34312406435185,481.0060217809594
822.47233546907,640.5770022181623
640.0302252460112,596.8496957140932
480.5840589229429,528.0112260018365
469.66696091199265,473.122698706277
642.8187452635799,655.1944520961935
599.9880334144766,590.0901365002586
566.1251270785772,536.8158238413246
457.14190669872056,476.8622276839359
521.0028349635531,674.6035207273284
492.8694151072838,597.5577617676454
485.92581181990687,532.1750875423195
477.4816921343061,479.8389927828411
777.938865544766,593.521341942354
600.621012444145,551.8173964263839
542.186274381016,515.960344348074
465.0502083970718,467.47734119418703
656.1290436899292,665.398410035774
647.2583854153044,610.402714565891
627.4196766298201,574.6373890396076
479.0964321215763,484.6582433331114
811.4085811188739,587.7186913667891
562.1979705080112,547.6635099578035
537.9662578714598,510.96524666506883
512.4270076990571,465.880340022553
549.406492244949,659.2068637551787
531.9554739762056,587.2224368288028
485.5843743791828,542.3465935410431
465.6973728759831,482.59516026671065
682.8227759367221,738.8826124484771
654.9981918243433,674.5882546320988
387.9498803965478,592.2444130151316
292.6504186034527,494.7738124656184
543.4020887360975,606.9119591118764
537.7181402118088,552.4549659124248
516.530324335695,506.63648120055115
461.3252547412272,468.5951005867374
667.2196459071486,635.3222073706868
612.0925607041158,568.1003683530233
601.0785238321068,521.316156386051
528.319509214999,476.6182648363584
727.5555322066733,667.1606316044737
691.9425182055923,591.8752852289855
621.1149307573604,547.0164486871694
488.7959546557436,484.8557282607957
831.5215709029452,645.5164446539318
702.8279199121653,593.4202424588098
627.3304389588875,558.0591168346367
620.4448021319861,479.5289344947765
514.0714714786966,632.3606700822716
508.04603117539824,585.0508043638009
478.1468825417848,544.5003107829825
460.4512454363179,476.30899831437017
645.2571534489554,680.6004427041938
598.0329385295252,603.7527398793114
561.5930909347676,563.0685633631922
486.5123406637388,488.8458244954164
519.667112032019,633.7510969503398
472.6484310829827,575.7847099862315
448.2488400730608,530.6206345222713
407.65551445247735,474.35424593131813
819.7561852527456,646.98394702002
744.2625911368712,600.6253649162087
647.8911553488601,538.1960609127665
552.4887088495086,475.8927937458436
627.8152886079606,648.3672955423363
567.169174201136,583.5155018746935
547.6231064964916,526.1262918896648
483.55558564990014,474.2489074267059
747.8713425682434,666.4511674129415
603.1552420896735,591.5900329315078
595.564757016147,545.5211722636964
485.2427962802294,484.2809436520364
627.5799880739429,652.9649356903913
601.4296172538308,598.5116227561812
472.377445675868,563.6457602367724
457.766359273481,481.27534807734406
673.792897264189,600.8512757824519
599.67926577825,551.3660895811543
579.9439977673546,517.6216593653919
481.42426099656416,470.01530052030694
673.1743843670963,711.4068578759337
601.9279607274094,653.4319415715022
498.2262426219892,569.5127412498806
375.85753466179426,487.7924783736596
534.6481660855585,564.4566788659791
518.4679246313269,536.9280855127579
487.7313165056417,492.20872294241315
476.14883685981425,456.5762947779672
619.0827958036338,565.9854473013522
604.4872891406883,539.6039647930953
577.1910730047197,493.985154034274
458.9132736009928,456.7400239674702
567.7781364529212,644.6318215552013
561.8271549138334,592.8804735921856
542.6117264100411,555.1580809283068
455.4330496358303,480.5364583818768
618.195107495944,641.0472558982553
588.2131356102992,594.1481204032691
514.4387101205367,537.635045721083
456.5515428264905,475.7505445622202
569.3827592760473,642.2211042799844
528.8292663406135,582.4620329542629
464.0409262466788,540.5489143901899
446.0146275626546,481.1835992841704
700.627275495785,611.3217673181435
595.4174258764446,562.6979488507002
533.6610553738483,534.7821853324108
467.97946618439687,472.68392455521183
819.3001048406257,730.0173318464902
633.9965261620346,670.0376406039721
629.7871010364094,569.7471549525964
487.48787786924026,475.14469834398136
544.8264278932212,646.8219758174114
504.4586353696602,593.0379341281373
476.1808843449634,535.5171315576731
455.654678272116,470.6612099465233
683.4840680000094,585.2541465967962
588.9179303042077,537.6993183255057
520.3435647859537,495.260355160267
409.14876372677094,454.1856432880515
491.2320484562486,620.4014395226316
471.94500360542247,559.7269781127919
459.9210087067679,525.5127493541738
431.5703119089766,480.85031525272063
718.8566753468305,590.991559741106
694.4020862534777,543.1553160098053
607.0455847899506,503.20028569999386
596.7817564062373,457.79918321411515
600.1848312627607,628.6607878229479
576.1073616244063,576.6661301985826
568.9894048322717,545.0836700948224
446.8909589703639,478.0018291748936
673.792897264189,595.582750807911
599.67926577825,543.9921314651307
579.9439977673546,519.725944471286
481.42426099656416,472.45172929103916
652.678573908941,637.1511158644392
629.7985921685502,590.4416203609998
622.2284063047605,554.6939006413992
473.93713311076897,474.1969445735925
558.5021808890314,597.2191715089581
534.152745696776,547.5966215674679
474.11215856882217,507.05998053765285
465.01940426241794,461.3007423551762
679.852888414925,612.3499493456661
606.0578820118811,554.8653961864031
579.9853391014994,525.6322681814129
480.8642400701781,479.107179532239
808.9820195810361,640.8134979228994
737.6270040010118,594.2661231644045
718.5840110078352,556.4355693194698
587.0235374380363,473.9750850386904
668.6561112534706,631.0927005923913
599.129168668199,570.8824123156517
582.1404886914792,534.2432469246316
489.0205461654842,482.1019579181391
763.6971532386463,639.225739181767
614.438065200578,580.2228172862119
602.8261380349064,543.301117791167
485.63359502806384,483.4753591700675
529.8512444414915,644.4573247720215
514.5006938092062,580.9563225652893
485.17371169383694,530.3305204383694
468.92217672210353,477.83925695755687
588.6514000659456,599.4532711442371
561.7603783178113,550.2187636268031
472.966119527276,521.9746526866905
439.3658505881931,469.73203418492693
797.2464124719116,630.2490014241208
626.3495502176121,577.779920787834
590.7949413092078,546.4606932992028
468.8188247721748,479.0798573428043
727.5555322066733,641.8483304389158
691.9425182055923,583.13307704743
621.1149307573604,546.0530432833983
488.7959546557436,483.9076376598511
755.5277184310702,650.689442909142
679.4799846748333,585.1980817230959
613.9243432197584,534.5685577423313
579.8247315218983,482.1817524881964
572.3824839989642,632.5616236031218
567.2599832537726,583.6411521855865
544.9593648872828,543.4757223461019
447.5078756284887,472.80401121739135
819.7561852527456,658.4334423643636
744.2625911368712,603.2632334304296
647.8911553488601,535.3499511604913
552.4887088495086,468.8886495052
830.1292858466161,636.2576309213168
732.266908333465,589.6201690344803
692.1433905657562,556.0393995760866
593.7696989780121,475.3001193236348
883.4891497336907,647.9199632277638
688.3234597943687,584.0647438136364
464.7465696015242,532.9208794694097
432.7524403852291,478.9913813629087
601.3225399003157,647.0219781705312
570.3468238354822,591.3811664854265
550.7279569202167,553.9678503846435
519.287461081475,482.6134952878276
579.5766879867067,646.0024944226459
514.568213188165,587.6254825521529
503.4052784630531,546.1980045804305
479.76497042240504,481.63105469609826
673.1033773963994,624.8805143678345
602.4516648767809,574.8217724450911
588.3551751642307,533.2863761775054
520.5575255595601,470.3815778290426
670.0596517449959,623.4200130540871
612.7939587726802,573.6225894262432
588.7457955390164,532.33927696263
524.9986463351058,469.8318441076328
642.2036243588196,659.8038030775962
602.296448424304,604.4616462467377
483.4807214393936,536.0553243286647
440.3836981097085,469.17431541996154
560.8489159458138,595.294044432683
546.4638452902718,547.8055985957194
505.9816322727785,507.29994841415595
467.6263442790666,458.4724998376231
816.8647005799231,639.8043048785522
642.6166556645695,582.1069473619905
581.5734571327612,542.476060304752
577.9376358918604,480.3207776958125
617.8885202787397,594.118254013838
582.2590726071375,540.5114826401228
525.2228710201773,509.6130410941009
474.0915867474108,468.56350310669836
851.2799498692817,657.9557426300476
657.5277806932569,588.4978829115735
645.3684755142648,534.457644559346
529.5368141913551,485.80249832786154
628.3419593131739,637.540951222376
586.2749066373407,583.587921056873
543.221784849254,524.1227180996023
446.7457013652693,466.5293517395971
868.5557318269211,639.796430806315
691.3860249854216,577.3091154541482
624.5338006506784,535.0501531089975
601.6365774605574,482.6391568649424
549.406492244949,636.2785026082335
531.9554739762056,578.1721687190094
485.5843743791828,541.6655676678109
465.6973728759831,481.97610550082936
585.3743432379556,588.6663247128536
531.8175069306365,540.5790058185166
526.2858934549797,499.7478283027676
454.6720658071067,456.73339071205413
590.8529383009242,650.6792194680519
589.4404294373809,597.9157352789232
564.4612246536981,536.4750044752005
449.47111275655215,468.2706056955667
574.3081158369903,658.7869185295328
562.4919756701654,598.9804388317782
545.268890057187,557.62571194591
468.2588059440985,487.2439672189176
673.0800100355472,631.7026961294816
614.0458037206637,584.1972828898436
553.8187322755293,555.3805009250998
466.21091669260466,477.36788507524733
570.1884409927653,588.5748089086932
545.9290263916728,539.7710638336802
471.57757643981887,503.4328780346982
470.88472749278645,460.22505117297743
703.845243639987,639.2334188269996
672.0142960922122,592.679594919361
633.5596971505722,556.5739854473005
451.3859500277666,474.48412877870237
577.7556677706319,630.5100023069078
535.2261037388306,581.7406341154259
534.5315618764889,543.4897055507071
460.4205357285212,473.31958409548986
741.7765600746402,636.5048690905464
710.094898827844,571.3015241461408
332.24320577171915,523.9220436035779
324.1278888269732,479.81296124848075
576.522440376285,601.828744260313
560.0415125668151,553.0090864678245
514.3630951435205,513.7958104161077
473.275337009688,462.71568879851486
602.6943258880774,630.4776258239255
572.8205117183716,579.315304372297
555.0587327575885,534.8484126712174
454.3658736081916,471.5621869743938
696.7534509928574,627.3543491457373
617.953970435682,577.1134173599692
586.9941937714807,533.9057012723669
520.0029818847727,470.2480676820966
579.4580149243694,594.5363332385718
570.3064167873396,546.2173494757769
509.617360517563,508.37273291707135
474.26983647895366,460.71420696119867
718.8768641364126,633.768377366788
663.635620780502,576.1454181176183
582.0955673810182,541.903456583482
464.11249093948686,482.4221317387139
738.7630954340286,620.1314858969756
602.8102664915774,573.287339017106
579.260948154166,544.7088065508267
508.1902462209763,473.8430126958423
519.667112032019,617.2363588576227
472.6484310829827,563.0395224381405
448.2488400730608,527.1211234400613
407.65551445247735,472.66814619942096
562.1902011710922,643.4046519281317
538.0679709738802,579.4602475954449
525.095211952674,528.5711663363475
471.46041520475393,477.71848761852476
590.6684906664534,578.8756088447091
586.0675981142068,530.125973796346
546.5309024521912,493.91782585766316
461.8743270428282,457.13661326181546
810.9142535647107,625.87600428613
696.6767437590739,572.1769807532779
675.2113039371985,538.9558054841991
587.6273972043278,477.2333021070349
679.852888414925,609.4017135426385
606.0578820118811,551.3936169242495
579.9853391014994,519.1647096570464
480.8642400701781,474.28238449831684
810.2016234377421,657.2875074229241
743.825298279839,599.5873302777285
656.114776468272,524.7418317693179
605.537227430502,459.61875354159673
810.9142535647107,632.2819760505549
696.6767437590739,578.9055920801977
675.2113039371985,543.7463387159762
587.6273972043278,479.28836767996444
568.7176027949133,600.7338530956362
549.059168386686,552.6949932919756
509.63069908218574,508.47591955090877
462.3016362354688,465.7684485080998
897.7859053342904,641.2619808688319
703.6850127063283,576.8784131862863
628.7890620664117,528.4508859743987
617.50121530202,473.1398612445359
576.522440376285,606.1629591948341
560.0415125668151,557.1894696128722
514.3630951435205,514.2554055079052
473.275337009688,467.50806511039235
831.5215709029452,639.1453039927071
702.8279199121653,594.185621143069
627.3304389588875,558.9799976578058
620.4448021319861,481.0437338889073
672.1381166805804,653.459371810587
655.1758286712538,591.7838700536333
435.9472710660316,508.4676686664079
421.1182565604609,453.08413299184673
819.7561852527456,657.9623920864698
744.2625911368712,599.4013566565676
647.8911553488601,523.3010296573397
552.4887088495086,458.8736934852946
868.5557318269211,642.8342399715434
691.3860249854216,576.6859532424342
624.5338006506784,525.5471515762325
601.6365774605574,471.94135031839767
508.89640830644754,649.9953409049712
495.4781979481173,583.9289169315362
490.9775905899715,527.6981313963817
459.0731671387516,471.53080573118183
637.7903223811521,614.1147046373956
577.0704512068247,567.5278638826458
482.8559793794818,536.0396270858242
433.786258147532,475.9136795277757
633.7378824024624,632.8132081937517
539.8244226081974,586.0139199493503
535.1941030202516,546.481909575069
459.2618719271435,475.88018117354454
581.8584323561282,585.0000086537858
511.72573295896575,535.5354132976591
473.1242150542286,517.8286168001534
458.3567816809858,476.77534471555674
572.3824839989642,634.1422778529857
567.2599832537726,587.3479363181181
544.9593648872828,549.1175883279167
447.5078756284887,476.60894130580675
890.6302904494659,643.2818211368103
692.9903111390408,577.0143558311403
611.9395698712516,525.7020848229757
594.3445703388145,471.94465548339895
851.2799498692817,662.7070552133163
657.5277806932569,585.6385862868565
645.3684755142648,515.4173896423523
529.5368141913551,465.65337214973647
505.7377145716787,731.6871884509426
497.19856329910266,665.894021303346
444.3938252338676,554.0636651230697
426.6980255518923,455.6567183778233
554.5416560579024,651.2660155757277
535.9902264708055,607.9377468688253
485.36127278066334,573.11236473926
452.404970385509,483.92775968903277
573.7943117669732,601.0121608434995
565.8129079900003,553.2006173441305
517.0931507506743,508.3908992062996
458.7169576715217,465.55835526226485
528.8204891980407,596.7878818288433
510.3625384901165,547.2015617053813
494.3328986406138,506.71018788263615
463.91949640449496,466.33030453012213
880.4209657324252,643.599280998046
723.639895856916,589.3525301082732
722.9494731819235,553.5741739343891
632.392256729312,481.73636604763203
540.4727163589555,640.0768816851655
506.1234968597247,594.5612697421865
443.30030846637055,555.5888881558923
425.4037156178861,478.4680007638431
535.1522375163458,590.1274459236892
532.4600786561209,542.3353041857836
458.2712163936379,518.5083504730876
447.3815885391874,474.5404729617233
534.782207705619,633.4038115460525
528.9673451985138,577.7860068225855
490.3331783758491,541.6138578518126
452.6201538001583,478.6925683486149
543.8669080185891,629.1432783109092
524.4265770276072,576.7548304567295
521.6821745730539,519.3619791329187
455.0579206600038,463.75996945564776
558.2422870681537,651.1129579474184
517.8796160593799,604.1722130872972
496.91003110273726,558.0119905719171
438.34312406435185,476.664654359107
544.8264278932212,645.0655730217666
504.4586353696602,589.6379610784503
476.1808843449634,527.248639451781
455.654678272116,463.9830323810827
585.7394020133004,632.9269905632311
550.3632709993229,579.6346332484654
517.5891078367027,544.7403689847349
448.2195600461519,479.5387761362038
753.1005291822447,637.702284576188
717.7043943276791,585.1493323484049
595.5882682549858,553.5912220975496
471.386956858488,482.64289916757247
540.0563718886741,629.0146371368023
497.6145714241552,577.2771777701365
481.29936025598886,519.2409644366818
451.71567832169274,463.5833587420622
619.0827958036338,583.8143257275668
604.4872891406883,533.8697575500447
577.1910730047197,490.7455836557542
458.9132736009928,461.7457926825674
735.3215978263087,668.3173412955811
668.8005889025259,608.8914961942796
645.2771666538749,525.8088268591771
468.19235558327034,457.3818342645675
574.83850578051,599.3655996718796
571.2346514934544,550.7169882377134
550.0238995615491,507.86823529309015
468.8073440328863,466.1416830296707
640.4729645162131,662.927627941888
588.9786047760023,603.2632873252677
488.90101114773086,524.1151961110082
445.0100773578821,458.14300013466584
753.174602017494,690.4087979341182
666.4484480610195,629.2937330719687
639.5619718641304,537.04548742669
590.4467392385372,457.38515535692625
673.0800100355472,640.7312600906708
614.0458037206637,597.0949251929017
553.8187322755293,573.1111235249698
466.21091669260466,488.2394693572339
816.8647005799231,647.8654387758502
642.6166556645695,588.4640505245877
581.5734571327612,543.2325713505646
577.9376358918604,477.33960864422016
627.5799880739429,644.5895640275584
601.4296172538308,599.9691749329372
472.377445675868,565.0752856096769
457.766359273481,482.8814680783047
549.406492244949,640.0923647294031
531.9554739762056,580.8748110299571
485.5843743791828,540.2631139592849
465.6973728759831,477.63329701227167
427.6756646341503,668.2395259798463
425.6165161082352,596.8584104942211
413.64894468625374,533.2930316877826
394.66014909392055,471.3648706525625
563.2856424916996,619.271292884857
562.4941978411848,570.2929170562682
521.5472156952866,531.2754571026767
449.70015750909374,471.9991023881439
546.5412607481817,659.0604558766692
527.7291200234451,588.2082623718153
490.5235888006426,521.1067608981639
461.93768459841544,468.09511994634903
655.3756203496673,638.6247528471408
622.5483330307354,584.6960973110034
545.5066529648574,552.1393894812596
483.32506375321367,482.177668656379
756.8871065276188,652.187532801101
593.6332318004021,601.1939443585109
576.3863476427989,567.0676003099903
432.9465330789165,485.21291605190373
683.4840680000094,591.15311725949
588.9179303042077,542.0572694366397
520.3435647859537,492.4205955441157
409.14876372677094,459.95578793098406
602.6943258880774,628.1705115877755
572.8205117183716,577.6924464058754
555.0587327575885,532.6078117382971
454.3658736081916,470.4092564429835
579.4580149243694,599.4605412987671
570.3064167873396,550.8593776756703
509.617360517563,508.770926666937
474.26983647895366,466.50438692745246
538.6835163653345,646.3025196371539
520.2622832276276,601.7940871599701
512.2306759356334,566.2467610965783
449.6579066436104,481.52351714542954
577.4424206616455,604.3986724363127
560.8128116474442,556.2597698163776
516.3654195668769,509.37584009270483
459.4562916962709,465.042116903538
755.5277184310702,659.8891098423437
679.4799846748333,588.0767438743214
613.9243432197584,523.10348899332
579.8247315218983,468.7329941581429
815.4286371353267,635.0519632572887
656.9049422633925,573.0318956948299
605.3092397437212,528.1703625346057
580.3870997222236,473.7598856628354
680.4300830922333,623.2474961138778
555.0957230304715,573.5973674179181
533.9065683608693,541.6151254512872
472.8166178532291,478.96163915932675
623.4231553280721,621.8550472259819
569.1829565819573,577.1672203309481
556.6905740776033,551.5593785379829
505.4921251375621,481.93749609991744
578.0479131695089,628.820015457138
568.0746795694313,581.9362634161671
557.6167432768373,543.4741488322584
455.8510265242718,473.9946836405246
504.3539332100116,611.3520629229643
498.2365942629005,557.9106078470282
460.5035078816221,535.9866679973404
453.10520090102193,481.917397106408
810.9142535647107,647.3822239861083
696.6767437590739,588.6006623805878
675.2113039371985,550.2422717801754
587.6273972043278,483.5660311014531
519.36725424446,675.300259177187
483.3465472703318,604.7401142367664
472.24069896353166,550.0442054798422
457.19397108914393,488.3787287877553
667.7945674230559,680.7342376223652
639.4837868158477,628.697740273264
586.0924764432956,538.9643156391448
439.68367672864383,463.9225282637803
756.8871065276188,660.0992363296524
593.6332318004021,601.7827540201931
576.3863476427989,564.994957408244
432.9465330789165,486.0366398272445
546.5412607481817,682.8936669435421
527.7291200234451,606.589236222675
490.5235888006426,535.3231649107721
461.93768459841544,485.19545035444867
630.3282482897991,623.7360286836441
605.5789177029181,577.8224182123308
556.1921797987364,538.5878885756405
521.7514128822139,471.9109171252579
652.5423789518237,628.4577602566609
598.9655803711697,583.3307321420048
579.9244365101151,558.1117614529942
466.9259554652359,478.04406509603314
561.2118046750935,635.6131758759999
507.2766454987986,591.2004427335976
441.9149706845173,550.9817998215616
435.3908346214956,472.3403224676035
489.662931386531,635.8181943357123
466.9335638682227,579.5667173868092
458.8671942678071,544.3944504136806
457.65177620109154,481.5581776957124
723.4895969127055,646.4170213791866
647.1522013159661,598.0879040334053
615.9083787428791,536.3730959498313
573.9080736333348,467.7461722267771
590.8973822687532,626.9389829607775
567.0724655929229,580.7862883827331
554.8414215204972,542.2369806766359
449.46823066679326,473.0434055615252
487.3007546155335,674.3280692525898
452.6130496607777,602.7391755891226
450.5819555706401,546.1967360258233
420.47223918502647,488.03939961828405
581.548441366726,631.8625315288779
568.3209840377929,586.154199520494
549.5177472598442,550.9079442665391
451.25634764967714,475.0218818533957
574.83850578051,592.6951081834428
571.2346514934544,552.1151572650928
550.0238995615491,512.1920381103771
468.8073440328863,462.33118045714633
886.0973914997287,594.931122096351
673.5272544822762,541.0479477609749
587.5385119329312,497.63506747432353
508.1075038061588,468.92549621602126
851.2799498692817,709.300635145368
657.5277806932569,622.8219939586809
645.3684755142648,544.7912563333277
529.5368141913551,493.8511475513714
780.6987926209305,600.9132352624255
642.8986551252577,554.2380234983813
535.7046846205708,522.8925399285229
498.58275004623226,471.73555137659673
673.1743843670963,706.4942117014792
601.9279607274094,651.9802599105593
498.2262426219892,545.1157158473685
375.85753466179426,462.4627306339434
815.4286371353267,666.7389984969168
656.9049422633925,597.4310801460622
605.3092397437212,546.8906917600373
580.3870997222236,488.20064681354035
596.2905675905635,631.7239437600772
551.6301017650296,587.401876932274
532.3922616410109,557.9997416914646
469.7482625469141,476.3173933069917
551.7446645653912,698.3509874076866
520.0542634927892,615.9614099317124
464.21164970724425,542.1749916607239
448.8864072957066,491.12210638589727
830.7247157185855,689.5325460008096
757.700100136476,614.8051205848766
690.5728477532277,557.2007593494413
600.9108578215097,492.3059073109449
680.7479835441547,625.4503422253972
567.5579647993288,578.7912992121412
531.7119378490902,551.5974473032488
447.83671443775125,477.4233896774296
890.6302904494659,680.2999383204949
692.9903111390408,605.668689339248
611.9395698712516,547.8175126303369
594.3445703388145,490.5885852323268
540.0563718886741,619.3038894527193
497.6145714241552,576.8007999260839
481.29936025598886,522.8883030026262
451.71567832169274,462.45202462804104
562.0019991124186,585.9633051511812
551.2614191811948,546.5303621127209
475.1495220819696,506.23640259952276
466.2965617875934,460.2589214246303
822.47233546907,655.6117487193767
640.0302252460112,604.8902298063709
480.5840589229429,524.460663423799
469.66696091199265,462.92119559541703
618.8671914088792,678.1674287492594
564.1363784954237,606.7394532631818
476.1755096212767,550.5780048078547
451.7991712883813,488.7665995781781
535.1522375163458,606.2415333486587
532.4600786561209,557.8627033277577
458.2712163936379,531.713159692145
447.3815885391874,475.95779828347867
523.6910141184651,616.2607705181329
515.9252531135904,570.6673978860941
474.0945959430484,541.8082333633806
437.3976525320684,474.7226367053326
619.0827958036338,582.1617108890257
604.4872891406883,541.9219005382323
577.1910730047197,501.42941359851693
458.9132736009928,460.20618106567275
695.983310594185,644.8913707066021
651.6939612965455,599.7168584422266
631.165102778726,563.4271938638702
593.8126480565809,476.202700357014
680.3067441056282,650.995632472547
636.8202661301145,602.0754099453375
494.8083296652253,531.7289941305133
447.2748230458219,465.2237171093947
808.9820195810361,638.3627531107978
737.6270040010118,593.9065234639562
718.5840110078352,561.1381884886704
587.0235374380363,475.7099807475699
519.667112032019,637.7666062007048
472.6484310829827,579.8862696454635
448.2488400730608,536.3347569330399
407.65551445247735,478.7885465803852
563.4933817289186,586.2949761646298
544.7038445041295,547.1592958529112
515.5925864416441,505.9486553698762
458.1901985568487,459.81107327067485
811.4085811188739,603.9719257618805
562.1979705080112,556.9161036274552
537.9662578714598,525.548524143373
512.4270076990571,472.56035383000625
575.5486722407551,673.5929424917559
563.2357159535104,599.355454648302
552.1882003404754,538.3160490865878
480.8285145314334,487.57685672618265
796.163262730047,693.9785636811243
749.6397817134945,643.1132571809695
735.212910397333,561.7015379722568
713.8649404744775,468.80572751284507
522.9689765969911,702.2308952148802
492.88653012164735,620.321813000045
460.18378981307853,554.15056056084
455.26681037314086,495.3337992100219
561.3788649431702,589.7783489925458
541.2751165108117,548.0845462132135
474.0762947000208,510.09384132009245
470.9380710949574,463.44519643196236
474.5193247730624,610.1831882670374
456.7290686956979,557.1601923055686
450.0867751540775,525.6479663014916
437.6664699192188,477.0224358405507
492.34848299947487,618.103058227414
490.1861035177276,572.8401176210391
461.0671408438447,542.5745032500546
433.9821062432427,474.23109276025815
633.4884334828556,663.1605549967916
595.4181261686513,615.6337647125226
504.0702553624982,553.4259768401338
452.4407751493582,469.6803290810686
527.6626860286387,604.9488793601355
522.1136152796408,556.5759081880194
461.8948823953812,531.9353260760251
457.9227390710761,476.4434212786354
673.9644263075822,618.3814689198138
571.4607675281819,572.1351809471195
527.8911497559075,542.9202993180884
452.4317897353498,475.1599961500107
516.0381466550244,616.3110443541137
509.065278383735,568.8826369313865
491.4364620089221,541.5473061542099
461.5479810490431,476.44695534069353
831.5215709029452,629.1691980784198
702.8279199121653,584.4004826990918
627.3304389588875,550.7369352893311
620.4448021319861,473.87171560481033
871.8903709476441,638.0049023583031
808.6992940453625,593.2184893886175
789.1294533825247,561.7333225682386
625.6326029029589,476.4321705321727
562.1902011710922,681.8703169984293
538.0679709738802,605.7685830086731
525.095211952674,534.6079677801521
471.46041520475393,484.9239614532809
539.2630035181747,657.1299335011967
538.9591736445121,593.413831541967
494.0468783190701,548.8909868285514
453.0898359519887,485.6216768371237
740.6119263339035,645.2412590458922
554.1582209989137,583.1268804618161
535.9343041207514,543.5353024018449
458.84806274078306,484.95174484699396
508.89640830644754,659.5197282530665
495.4781979481173,588.7504837158607
490.9775905899715,540.9024662570994
459.0731671387516,483.5844549967149
569.3827592760473,659.6594573795644
528.8292663406135,593.423083666064
464.0409262466788,549.6988480903489
446.0146275626546,486.98217992292865
777.938865544766,600.4911274847551
600.621012444145,555.2016261984252
542.186274381016,518.7288817616067
465.0502083970718,471.5632750086397
528.4408345778938,666.7452122288248
432.2186386578388,588.8254765794507
422.2832313764077,526.3014119203224
418.12812245621666,482.9366733645182
516.0381466550244,613.9231529787025
509.065278383735,568.5770305485129
491.4364620089221,538.8053944277931
461.5479810490431,478.5272948639815
638.531484013179,629.2416804205631
538.2410542088205,576.8701225993909
494.1925808116165,546.1868810858008
478.8165454897073,480.28136537966645
579.4580149243694,599.8465621052301
570.3064167873396,551.9864188387784
509.617360517563,510.4894511208207
474.26983647895366,461.7191548586713
816.8647005799231,656.7343623336753
642.6166556645695,593.4685171634219
581.5734571327612,553.9345287150074
577.9376358918604,487.48693329964385
576.522440376285,607.3435672366893
560.0415125668151,559.2460206881264
514.3630951435205,516.5199682211953
473.275337009688,464.1030589519991
734.7944791925964,649.7609742765695
547.5685472748764,587.7875538657788
541.7917029056425,546.6756409314148
410.2175269194429,486.5637091802329
577.4424206616455,602.6392317962489
560.8128116474442,554.4168145814369
516.3654195668769,510.8609383978258
459.4562916962709,458.8437804062357
641.3195689295559,700.0440260331341
575.4967663617504,638.8529330454215
502.51975971203007,548.2662006096743
438.0595759547538,464.26042051159715
499.29478078663095,680.8777238720918
447.1465610625411,600.2966919579217
446.56582682499766,535.7633616806639
418.1407471581099,486.2921507688943
584.2794944143261,592.6275846451882
563.8677964470476,544.8623961418949
524.6187189122548,502.1993962078759
462.3549764618555,459.0130488275379
520.9625049252976,594.176422357045
495.55159589650657,545.928708861479
476.2101986300317,500.9479969738554
455.947918114199,456.34337396092474
646.3008640255122,671.9075482370271
593.678713886837,619.7751228696832
506.6119749289346,562.2963990238931
471.4044169920629,475.15586206811224
886.9439863131249,645.6561969740366
642.6408561991865,591.2564058744053
628.2031712590773,561.1586856104648
463.27141934123927,492.07817398570927
880.4209657324252,652.1501288306254
723.639895856916,594.8598986602593
722.9494731819235,562.2274345673037
632.392256729312,490.3026135491425
735.3215978263087,670.9514400814575
668.8005889025259,613.9827375403374
645.2771666538749,533.4719133199809
468.19235558327034,462.12867051425746
505.7377145716787,733.7502604114268
497.19856329910266,667.952068286065
444.3938252338676,566.8247352792465
426.6980255518923,467.17518247566534
521.100260437306,625.1753247663032
483.7254116604983,570.7827996307128
436.54816744024527,535.795866822296
435.4205846674595,483.02243841402907
612.656186770732,675.9956774040578
569.5468887178597,618.4518449140297
563.555621855562,535.3522435768956
528.9306849568111,463.88909622494043
807.2637375769092,656.4709941194776
660.4987789000014,609.6176036124649
614.3881041443576,583.6427617330826
458.0317942493817,487.3519912556494
676.8394403543999,651.8743826494167
629.3607458874646,605.257283027258
614.3525646559199,578.6403086103447
481.6278212224103,486.9096489474645
581.548441366726,635.9366504000395
568.3209840377929,591.6103674205389
549.5177472598442,551.9609473240431
451.25634764967714,479.2024119542888
753.174602017494,692.5271065029525
666.4484480610195,632.7215655336305
639.5619718641304,546.3445825345792
590.4467392385372,464.19333821863455
580.214669021434,629.5401982797016
574.4152741961453,574.9118674286099
563.985055817266,543.7642699266089
457.8968754331682,478.42060780746976
719.1399891208458,647.7709286972532
696.6552261516447,595.4631070647846
691.4477200859143,529.5187146779837
508.9342663970776,464.7520377608099
696.4799391387647,620.1419540565175
627.4561392058225,571.4970536421048
499.458432651188,515.138011610659
454.8502215169645,463.91973240511066
532.0516958753386,620.1433309616846
522.9586521871431,574.9036222926488
515.2070367424781,542.386980167747
439.77194905873495,477.39117529414415
708.7800443095302,670.3809572838927
627.8540466640111,593.6361787369627
572.7192027726784,538.5660267671751
546.9059522732556,483.9170527105361
703.0574020296224,625.8949655929596
580.9031557113021,579.1840822654433
541.6768565091862,549.5684310747337
484.1221023256675,479.4829442549092
588.6514000659456,604.4359082988717
561.7603783178113,560.1206932284695
472.966119527276,526.1538657154902
439.3658505881931,474.36133246978136
633.7378824024624,636.0051078752584
539.8244226081974,589.5665902406538
535.1941030202516,549.9000042152471
459.2618719271435,476.64472890610466
575.0041270578758,601.8030200609293
563.3507622177636,553.621127705263
516.0369192880318,510.41163998123466
458.9244135246659,458.73574704288444
796.163262730047,716.2901023584354
749.6397817134945,657.0229351865514
735.212910397333,579.563255487806
713.8649404744775,475.70969776957037
615.4855524048013,673.9164879746742
588.1246044796945,621.4948359930964
498.8689134589234,563.0942611156851
458.5371911970298,475.24479486893523
897.7859053342904,653.8481337112064
703.6850127063283,587.9792696275674
628.7890620664117,540.5315778316746
617.50121530202,486.2588402795942
664.6014143673349,669.9875322498425
619.3985689213596,601.9724401847781
518.9311182718285,554.5901988414836
476.479471533738,490.58172163905465
630.3282482897991,625.8554279512814
605.5789177029181,579.54589636366
556.1921797987364,535.7916718561524
521.7514128822139,473.1843995688137
543.4020887360975,611.2185514875563
537.7181402118088,553.5478826951312
516.530324335695,511.79639487574167
461.3252547412272,474.4929786504405
604.5650117456447,649.9416476792023
582.2515573888973,605.4088890005348
474.1508404060144,585.7647811088259
470.36307484639593,491.4126219841359
890.6302904494659,656.3211281265454
692.9903111390408,588.3811506371385
611.9395698712516,538.6022224350418
594.3445703388145,485.97189111918914
762.3073484528429,674.8934205665348
699.0935473429431,617.7023622014908
661.3603080097016,535.7412773030145
611.9997376903796,464.37035842555554
627.5799880739429,645.4353433616212
601.4296172538308,596.5154060035856
472.377445675868,569.2997325954187
457.766359273481,483.34583860287796
514.0714714786966,635.8388583084503
508.04603117539824,589.0420489418893
478.1468825417848,545.0925192550732
460.4512454363179,474.89301609333296
630.3045302125053,648.9608552984903
574.6217391240123,583.6804669442239
552.0230867177139,533.8148454858273
455.96466391493374,486.66817734357653
545.4034794009249,669.2394404593257
533.7014375594252,599.8672461676291
441.13860889588346,558.0090274263993
440.76046783578727,487.11718027353766
600.1848312627607,642.1842993530055
576.1073616244063,589.2020978530644
568.9894048322717,560.2339577071845
446.8909589703639,488.0373404976011
821.9933564063326,652.2356691447663
729.9181171662959,605.1101854596659
702.8692286502011,577.33573537447
604.4447867751416,485.83372551777546
719.623737979524,663.3173892842046
716.7012037495248,585.6678162160362
641.1897872578048,536.3580735153657
539.265173593385,479.81964817305936
755.5277184310702,671.3336425950013
679.4799846748333,594.4051657130557
613.9243432197584,539.0479478530872
579.8247315218983,484.3672335793851
572.3824839989642,638.7915679690359
567.2599832537726,593.4708745278703
544.9593648872828,552.5980574376935
447.5078756284887,478.59421452816264
561.3094979686601,649.9256482915183
519.1385951960168,601.8567671427497
453.84358433230335,562.8096569381934
444.42767951170913,478.07832672470204
893.5361726985616,644.2039528612228
830.246972179423,581.5505762749727
736.5681012530437,543.5939132299649
732.6659703498235,477.8808296368341
574.5465252401535,604.4683147243952
546.786302923824,556.9223289929234
506.62031199489616,538.2652391592925
452.6627833180645,484.0029533811147
668.6561112534706,632.5700385410931
599.129168668199,566.7569269000161
582.1404886914792,534.4756943358421
489.0205461654842,480.233982981542
797.2464124719116,645.1865580225317
626.3495502176121,585.7920270966401
590.7949413092078,553.4520761519032
468.8188247721748,483.853107771179
651.9904231605137,630.735356926349
626.0263938267012,581.5939804925268
485.383247950352,513.926189899172
465.4658220536958,458.99328610082955
563.2856424916996,631.9193435492572
562.4941978411848,579.5170125296879
521.5472156952866,534.0952874116508
449.70015750909374,474.3630116234659
842.6916860042331,653.6318255482812
796.4037391842754,583.878688094145
699.9965012999407,546.9944574659343
618.6272937304973,482.6228910064318
613.3467403349949,634.5761298612291
574.3866705839907,581.8863876033915
568.2488278768235,536.5496906838973
453.97680327833547,475.19472956149747
593.160646298201,698.8966044956422
558.0347101243617,638.0946664242636
539.7606634878863,578.0888649776343
444.9103924964266,483.01262165818434
808.9820195810361,662.4376121911627
737.6270040010118,609.6634603421317
718.5840110078352,564.8495822303732
587.0235374380363,481.0251204426514
676.8394403543999,662.8309003782126
629.3607458874646,609.3021228061192
614.3525646559199,566.0723969509024
481.6278212224103,482.32283854108215
543.8669080185891,623.7616979562563
524.4265770276072,578.0467987032838
521.6821745730539,520.5318002293443
455.0579206600038,462.84229555640286
887.3754949123627,649.8462429765622
667.0744830979241,584.9612241654856
607.7772076526338,551.5163913952053
592.425483552561,484.1787321682467
638.531484013179,623.0527677564537
538.2410542088205,572.865679323451
494.1925808116165,538.9839877528974
478.8165454897073,475.8552507314762
719.1399891208458,642.0686478775413
696.6552261516447,591.1747391430016
691.4477200859143,525.7229765670214
508.9342663970776,463.4937903336453
541.0646069213947,662.428782450639
535.491750516534,598.9752441059142
487.4922070220345,565.9401878604264
433.0962101744829,488.2667687773558
753.174602017494,683.3885910263443
666.4484480610195,625.4319724183348
639.5619718641304,536.1106136460608
590.4467392385372,459.71118754511525
633.4884334828556,682.2771235640901
595.4181261686513,624.6375637050202
504.0702553624982,553.4322927255383
452.4407751493582,470.9383001084543
673.0800100355472,656.2444152416208
614.0458037206637,600.2860746285767
553.8187322755293,566.456967145218
466.21091669260466,486.39959070463783
618.8671914088792,641.6848580258218
564.1363784954237,576.7218244819601
476.1755096212767,539.1857259484722
451.7991712883813,477.7580108261621
582.0455968504493,633.4044900235597
565.8365180204325,581.4242433511722
545.0623704781453,536.1184363308964
448.4534660173425,474.6759653065392
855.1238526305019,650.1698525208868
807.3029294437728,582.1711325179025
693.630585231437,546.0533712272099
622.8585413415191,482.02036434814585
573.7649751736172,585.2388289664736
559.8733208533798,549.3342182850256
516.5917588149247,508.79140052584773
459.338777272405,461.18899615610457
700.627275495785,624.9226410854596
595.4174258764446,574.205861898454
533.6610553738483,542.6892236125194
467.97946618439687,479.4868583925203
815.4286371353267,631.4150541516456
656.9049422633925,567.8532692646338
605.3092397437212,534.02205471077
580.3870997222236,478.22587073534726
837.6158926764983,656.3526127274758
763.2970831799763,601.0062867813574
644.8177243541897,526.2485867974107
550.1180683783448,461.98426078108145
558.5021808890314,588.2097820073044
534.152745696776,549.7499595623098
474.11215856882217,506.2042561335023
465.01940426241794,461.03252228343126
642.2036243588196,656.5699960926261
602.296448424304,601.4169977486102
483.4807214393936,526.6144594837158
440.3836981097085,462.00781855776256
677.5111501863419,642.2698405854545
572.2867929089758,591.6205210246108
553.126563660848,545.933473794741
461.33128038202415,475.7666419647524
590.8529383009242,650.6842049461926
589.4404294373809,598.795226599161
564.4612246536981,530.767561199585
449.47111275655215,464.13318841428105
537.15336537158,623.3013571907619
490.2480245716277,562.1841840086881
452.46005007544727,533.4872972120245
445.389627165038,480.3097893414141
618.195107495944,650.1844775435719
588.2131356102992,595.5177391136872
514.4387101205367,528.7659285084017
456.5515428264905,465.49057349438755
538.6835163653345,666.0354890112287
520.2622832276276,609.6656941115457
512.2306759356334,561.6002918796559
449.6579066436104,481.8468394462943
581.5200878205168,687.9228396063005
547.0741931027135,628.4322511599337
545.1947702736596,558.2330542625695
462.64375263671224,473.4609137111407
741.7765600746402,618.4279060283689
710.094898827844,554.9525500678686
332.24320577171915,517.5119953635017
324.1278888269732,470.1232475360595
627.5799880739429,648.3454952836325
601.4296172538308,598.5048389778872
472.377445675868,556.8290137626777
457.766359273481,478.23959684568456
528.8204891980407,589.3215208178963
510.3625384901165,549.4766539164214
494.3328986406138,509.77370261677436
463.91949640449496,463.9213480281824
577.7556677706319,648.4559648233478
535.2261037388306,594.0183375313005
534.5315618764889,548.4751659223854
460.4205357285212,478.7902114920728
627.8152886079606,606.8839272507046
567.169174201136,556.2845533140979
547.6231064964916,520.6833708789707
483.55558564990014,466.0694919858388
755.5277184310702,635.7934624493554
679.4799846748333,569.3511640411679
613.9243432197584,528.5393676382806
579.8247315218983,472.26876906054474
846.2989795017129,572.6771472492244
519.3340435775315,541.8909281283181
476.0801284568726,497.8914986449054
472.4757093430973,455.14246778419545
579.5766879867067,649.5243705239026
514.568213188165,585.4143330713728
503.4052784630531,547.5559277202086
479.76497042240504,479.8458687869869
680.3067441056282,651.5139314148537
636.8202661301145,597.7291483812768
494.8083296652253,525.220224531019
447.2748230458219,461.94873335043417
558.3184920438251,574.7411069965391
538.9330996587646,541.537282454053
495.65806695221414,501.55281078490225
458.4502207907911,458.53312179524
698.7827201066591,657.5060920978478
686.5595905806545,605.1756912212053
614.797560251236,563.6972548799447
450.8886448973554,481.7010290326696
868.5557318269211,635.6040784011534
691.3860249854216,568.6567101946382
624.5338006506784,532.7364800345046
601.6365774605574,477.6485101491316
883.4891497336907,629.1376678472595
688.3234597943687,568.2743007239509
464.7465696015242,527.5170447107706
432.7524403852291,468.8847761067855
672.1381166805804,645.0073038282951
655.1758286712538,591.849315984242
435.9472710660316,513.9907856278458
421.1182565604609,456.79741308967857
886.0973914997287,545.6533366728548
673.5272544822762,509.86571523356463
587.5385119329312,484.9716392340157
508.1075038061588,457.79866659624383
617.8885202787397,585.3824507880889
582.2590726071375,539.5184356103315
525.2228710201773,511.28836682013633
474.0915867474108,468.6610782682143
596.2905675905635,654.21539021601
551.6301017650296,600.8102349157799
532.3922616410109,558.8389904709857
469.7482625469141,481.7872428528256
702.9841813969207,652.8434419560765
667.6836915769329,585.3142851449671
605.5890594509863,551.1130459386437
476.88068303052614,484.5565488036438
567.7781364529212,656.4850610999085
561.8271549138334,600.7311752900372
542.6117264100411,551.3210879981322
455.4330496358303,478.5557667577491
718.8566753468305,578.4006252813986
694.4020862534777,545.7283608985883
607.0455847899506,502.99927585192654
596.7817564062373,457.6901156119404
489.662931386531,628.4428300323888
466.9335638682227,575.2280394741326
458.8671942678071,536.10356204859
457.65177620109154,480.12093612793564
719.623737979524,661.5483005645192
716.7012037495248,587.0464974381695
641.1897872578048,523.7684841762635
539.265173593385,473.0766989691824
642.0375652712104,729.380191039934
634.2051469157542,662.2106020496847
455.7816675912958,561.5857497960453
422.3969585258148,476.84138118928524
633.7378824024624,640.6972303182587
539.8244226081974,594.82983866476
535.1941030202516,550.4374826032698
459.2618719271435,481.95289313214164
886.9439863131249,643.678347400677
642.6408561991865,589.1558987799741
628.2031712590773,551.6438028054586
463.27141934123927,489.4982572726531
590.6684906664534,592.3824762091989
586.0675981142068,543.704121368012
546.5309024521912,498.4324877839972
461.8743270428282,456.17508766618727
590.8973822687532,632.6503593773529
567.0724655929229,585.9896484992533
554.8414215204972,542.0412794534836
449.46823066679326,478.8345857325044
627.9630793633385,651.0289008996344
607.493175679875,592.3010396980904
515.7313691816903,546.7940165902698
460.5975915677214,485.339108121655
545.8328204491643,601.2062516445056
531.9681442041639,552.689715631651
491.66545020688056,504.52408315656197
473.5426782384917,457.9377962038196
651.9904231605137,646.9691055315991
626.0263938267012,591.887457922645
485.383247950352,525.4867492926621
465.4658220536958,465.7882755637625
534.6481660855585,591.7162250292304
518.4679246313269,542.4639585857536
487.7313165056417,498.12190898458994
476.14883685981425,456.7160089569438
738.7630954340286,633.1587348383888
602.8102664915774,590.2519362145742
579.260948154166,556.8853280102988
508.1902462209763,487.93943925501316
532.0516958753386,624.8479521243099
522.9586521871431,579.522064673592
515.2070367424781,541.8715990193525
439.77194905873495,479.9800426916093
816.8647005799231,654.681430752937
642.6166556645695,592.542848781939
581.5734571327612,543.665515397586
577.9376358918604,484.05697210814225
897.5002953992779,723.721122574078
689.701439370833,658.3424726660642
570.5760958417216,560.8579133479733
412.1720518765279,476.6590199694871
680.4300830922333,631.1463008011069
555.0957230304715,580.411031343758
533.9065683608693,541.4016032144225
472.8166178532291,481.308997361432
581.0444280615988,656.0083300077163
573.2772425885129,609.9565494997809
573.2354095794708,562.8455564034392
451.3089575089877,487.6203913829078
623.6049869230419,649.9433182578979
590.462502049809,596.0794796832329
526.0449080980346,533.8210492888296
450.2458708101062,471.20223719872496
667.7945674230559,697.3510123577013
639.4837868158477,636.7047637322747
586.0924764432956,552.1143482651751
439.68367672864383,474.87910644256965
544.0097046304677,620.5457716009372
525.0187914938344,575.4602308678446
521.1114652109535,538.9508667765054
446.1343339094556,478.98533681501056
819.7561852527456,665.9660845157833
744.2625911368712,609.7456378017516
647.8911553488601,539.2504652056388
552.4887088495086,471.7718983979014
777.938865544766,605.5686009222725
600.621012444145,558.132832138044
542.186274381016,521.3368893246544
465.0502083970718,471.31359627690097
602.8558096941915,651.1114848664106
537.8163313736185,598.3938329680926
529.7152287926846,536.2501236279062
497.8348305978821,471.53001070735087
515.2235243375959,644.9662786141668
484.0151816302753,591.2122294990404
475.31235348623653,550.775096618984
448.526131533754,487.09261564548774
575.6112770814393,612.1743081617543
567.686595595164,564.9241985366494
497.41736818055807,516.6924462454191
468.0385960630664,463.20352779525547
807.2637375769092,660.4862196696389
660.4987789000014,617.5553784176792
614.3881041443576,576.9765651115711
458.0317942493817,494.6061408734671
656.1290436899292,662.3590282708127
647.2583854153044,618.5922445038923
627.4196766298201,574.0481856096245
479.0964321215763,492.10433201510494
574.5465252401535,592.0800151307011
546.786302923824,553.9994261295395
506.62031199489616,534.6500682386578
452.6627833180645,480.61013342074483
527.0121877424567,594.8838487046986
521.0199339223939,546.4296060944216
491.99350066419214,518.7190565384052
436.9867045585649,474.4252764523654
582.0455968504493,630.732084059773
565.8365180204325,584.0899110637853
545.0623704781453,540.5640829647592
448.4534660173425,478.2736174908084
622.3418691115698,643.5532206685723
561.8216819589815,592.1565998156595
472.2113819267588,534.5764469696195
468.41237311769976,471.84870721998124
568.7176027949133,609.5287772559432
549.059168386686,562.2315339711075
509.63069908218574,515.3081917921205
462.3016362354688,463.0451689505524
528.8204891980407,607.0961714396423
510.3625384901165,558.6693830221661
494.3328986406138,514.2545022579914
463.91949640449496,464.7736500450162
540.4727163589555,646.8094484535295
506.1234968597247,601.7313225836596
443.30030846637055,557.667192774653
425.4037156178861,484.9822358974979
558.5021808890314,609.1378622398493
534.152745696776,560.0941296941149
474.11215856882217,512.2344573005406
465.01940426241794,462.65655551729486
527.6626860286387,599.0336054176057
522.1136152796408,552.3653140204166
461.8948823953812,520.848445554028
457.9227390710761,472.8804645642233
883.9137013393809,655.4252150612767
670.2198203880475,587.4041764264899
628.251506204233,534.9169885217032
607.0226160146337,481.6790048191169
574.3081158369903,671.436501518421
562.4919756701654,607.3948307868119
545.268890057187,557.9316810065617
468.2588059440985,492.43275343317987
667.2196459071486,630.7035793459335
612.0925607041158,567.2883355838189
601.0785238321068,522.2705335519391
528.319509214999,476.3699287573097
567.4867090590797,649.3083311461756
565.9883438292702,602.526685009754
558.1085340311523,555.5956576186209
448.4493169352268,484.51795290579753
486.0421852066818,628.1262387928036
465.63583505789865,571.6773693180272
463.087972029255,530.7589981559054
462.9537746466754,478.4408060419984
561.3788649431702,601.1519755742122
541.2751165108117,552.8429851142263
474.0762947000208,508.941103469737
470.9380710949574,461.8472998228478
544.6520790404546,665.2966778738214
541.3569862876044,589.8775284312572
470.0012086866222,525.795138183405
421.44105516161386,474.3999330795736
890.6302904494659,651.75741731502
692.9903111390408,582.7277811225565
611.9395698712516,529.4867928603998
594.3445703388145,479.0896398821531
504.37827607283606,652.0985937405852
488.5474710611747,579.1200902721796
464.6056293585397,519.5885358193946
417.20570848878344,472.6074307383091
578.7229577351712,655.1840835563208
517.3271771088082,598.6732136682757
487.00860013679886,528.8679744743849
476.2509659227542,466.9982064307535
744.441471555693,650.7641718942924
615.8720804215559,592.1173286268237
607.6991433081654,547.2103554546097
480.3563608398537,485.9171325407151
543.2492470654427,630.3256419380078
513.2446557791833,581.0924912991081
494.45204633491386,526.817310941342
454.994391472549,467.50978497906294
615.4855524048013,677.4528972749116
588.1246044796945,626.7824787040354
498.8689134589234,565.122009278344
458.5371911970298,484.982419445905
577.9110993685471,617.1033505646076
568.4841471810776,572.2150634305985
558.335733396071,542.500849819753
454.5949914887845,483.32992588151495
642.8187452635799,650.8338172495139
599.9880334144766,586.7778519029715
566.1251270785772,533.0082260687309
457.14190669872056,476.3831782006406
579.4580149243694,608.7960155937106
570.3064167873396,561.0017797227799
509.617360517563,515.5217822315959
474.26983647895366,464.2249266759855
679.852888414925,620.5886755645416
606.0578820118811,561.5916304197652
579.9853391014994,522.3039596330115
480.8642400701781,476.69472026910523
508.89640830644754,656.6794305116083
495.4781979481173,586.990821286615
490.9775905899715,530.3457908258421
459.0731671387516,477.6595263564944
819.7561852527456,644.0310147432499
744.2625911368712,597.1761585908996
647.8911553488601,531.6579529439095
552.4887088495086,466.6643748793495
561.3788649431702,595.3507046076194
541.2751165108117,547.6582871186674
474.0762947000208,508.6737779354383
470.9380710949574,463.51728979707593
536.1063956409447,627.6706713753026
519.9511170293137,579.0902589154797
510.36802665068893,544.6779321104266
438.56577751330695,478.88333378025305
623.4231553280721,628.472333691346
569.1829565819573,579.2761769745254
556.6905740776033,546.737569745133
505.4921251375621,480.3469138546128
753.1005291822447,651.5047380360326
717.7043943276791,593.1094999134847
595.5882682549858,552.7077735049619
471.386956858488,486.3929018436372
837.6158926764983,644.92663469334
763.2970831799763,597.8982324763844
644.8177243541897,531.9621216380923
550.1180683783448,466.7744276158449
600.1848312627607,647.9141919327423
576.1073616244063,591.2528979751879
568.9894048322717,550.9187947574787
446.8909589703639,484.8589428024889
540.0563718886741,623.433774569548
497.6145714241552,577.0592580360835
481.29936025598886,523.2416425619292
451.71567832169274,465.6895983285932
561.2118046750935,643.7370890452542
507.2766454987986,596.0518181896432
441.9149706845173,549.6862870816
435.3908346214956,478.24528478352744
529.8512444414915,685.1603739808386
514.5006938092062,609.0261951999282
485.17371169383694,533.1872049561866
468.92217672210353,483.01491695680994
633.4884334828556,667.5080267402209
595.4181261686513,619.05163941908
504.0702553624982,554.0021493138593
452.4407751493582,476.87452825839955
830.1292858466161,652.4288968384145
732.266908333465,601.7932636124025
692.1433905657562,561.1679370398925
593.7696989780121,485.715682638127
549.406492244949,655.2878535511077
531.9554739762056,592.7980642020608
485.5843743791828,546.3354420536231
465.6973728759831,484.92445684910064
537.15336537158,633.001530219864
490.2480245716277,573.9901817772675
452.46005007544727,536.4862003191978
445.389627165038,480.4989965666001
822.47233546907,639.5724451603052
640.0302252460112,592.9890619943843
480.5840589229429,523.3886084099187
469.66696091199265,462.35293042750806
642.8187452635799,667.9847127404715
599.9880334144766,599.4800260596165
566.1251270785772,534.93735628377
457.14190669872056,481.64681005818227
510.8983046511708,668.0729995305969
474.4800886757949,600.0131266423892
451.58803496673806,540.8314249360653
431.522039623743,483.8433766388591
581.5200878205168,669.4142479905786
547.0741931027135,621.1317998172708
545.1947702736596,557.9709207845194
462.64375263671224,478.6287805962347
546.5412607481817,683.9815419990111
527.7291200234451,607.76298563293
490.5235888006426,531.9762550081966
461.93768459841544,482.5335160339893
680.3067441056282,641.3356858705031
636.8202661301145,594.6327528474478
494.8083296652253,530.6939093605403
447.2748230458219,466.50381478552265
677.5111501863419,633.6685684485348
572.2867929089758,586.2758619485858
553.126563660848,544.7277798954601
461.33128038202415,476.9276184517271
539.2630035181747,649.9879641243779
538.9591736445121,588.7401566109867
494.0468783190701,542.1743982380169
453.0898359519887,482.7418459072602
532.0516958753386,620.0113080870041
522.9586521871431,572.1978680792668
515.2070367424781,538.2092148753464
439.77194905873495,475.88407618205844
529.9384469988903,632.6011625502604
526.1780121526813,585.6636991354657
463.9538871989624,530.9880970620618
451.7062290751185,468.959581918941
564.6503779062034,615.4009053596911
562.221765439404,570.4452784804226
523.365393761723,534.9164846390643
449.5332418642992,472.29962604840375
670.0596517449959,621.5741166797415
612.7939587726802,575.5922861830683
588.7457955390164,535.3061736658008
524.9986463351058,472.3566716613574
582.0455968504493,618.3606736296529
565.8365180204325,573.1759390701413
545.0623704781453,536.6142247495492
448.4534660173425,472.95417955796245
652.678573908941,653.6485044912143
629.7985921685502,602.8211802628724
622.2284063047605,559.3972534115615
473.93713311076897,484.69252988659287
590.8529383009242,642.56552120195
589.4404294373809,595.6616118915163
564.4612246536981,534.5577675054598
449.47111275655215,468.8750379227017
883.9137013393809,663.5814534242845
670.2198203880475,596.9462504615475
628.251506204233,543.0589563865882
607.0226160146337,484.5224816731399
534.782207705619,647.439958017339
528.9673451985138,587.8322039758358
490.3331783758491,545.1485048641737
452.6201538001583,483.6139535515676
573.7649751736172,603.2294490888764
559.8733208533798,555.280258057244
516.5917588149247,512.720289120712
459.338777272405,464.72553020276524
893.5361726985616,670.9278976049413
830.246972179423,604.5826690042516
736.5681012530437,546.806518628361
732.6659703498235,485.65316254892855
520.5013282168767,610.9428004579662
514.6631305360726,563.5258243613116
502.05473773429605,534.9594895769434
452.5480436601496,475.2293991031435
897.5002953992779,694.0119573751471
689.701439370833,643.8339077740604
570.5760958417216,546.1897110681724
412.1720518765279,468.4346863456029
671.8581231834347,669.486090538717
643.7564184523649,602.7796986279201
621.0629468009321,549.4000525388556
506.3518049542334,487.0696410871417
603.5039701358446,647.4576717143108
586.4351074264267,586.1570467572988
472.96665959401713,536.873279529111
418.9705038722263,480.51112321488483
687.3039250038174,654.1313246001432
636.5563789528998,606.5485694509073
616.0569467227309,536.1409892419825
440.2990519698755,467.9547824709215
645.2571534489554,671.0215075409993
598.0329385295252,608.8426639381008
561.5930909347676,561.2523325226763
486.5123406637388,490.5820006062736
508.89640830644754,669.9065545460747
495.4781979481173,600.0921662132113
490.9775905899715,537.2518811232225
459.0731671387516,482.92826541294664
762.3073484528429,654.4462404222984
699.0935473429431,606.9534584070971
661.3603080097016,535.7849913743645
611.9997376903796,467.58418918446125
752.3610982988511,698.4201713519479
614.3920808456768,648.2344221421437
574.5108091644089,564.925935835078
436.0444400351601,478.8885096061281
673.1743843670963,699.4192950759154
601.9279607274094,648.8944635779303
498.2262426219892,548.748062399465
375.85753466179426,469.3143129898594
887.3754949123627,658.4534573832033
667.0744830979241,597.118733352376
607.7772076526338,552.2256126093587
592.425483552561,486.9571053307912
890.6302904494659,660.1920895518726
692.9903111390408,593.0931261986364
611.9395698712516,538.7531385228225
594.3445703388145,483.0111758162587
808.9820195810361,656.3778972993553
737.6270040010118,605.9797595308465
718.5840110078352,560.6014887685898
587.0235374380363,484.59395577073775
807.2637375769092,660.7258298333145
660.4987789000014,610.2046121969092
614.3881041443576,564.2529515097789
458.0317942493817,486.08122761637185
744.441471555693,658.497352897679
615.8720804215559,596.9617489971223
607.6991433081654,549.1725698953242
480.3563608398537,485.5104628944628
522.9689765969911,673.8636089550124
492.88653012164735,603.2990219736226
460.18378981307853,543.47386474482
455.26681037314086,485.62206818925455
617.4932649416379,650.4245308316887
568.9349099759,603.1786433324492
457.9061712796709,532.9206398519462
444.5679197466184,466.55416188947993
607.7916391862393,661.5500959370618
598.5633302247654,613.6319454129064
573.0552368103438,543.6967589678768
448.385589624607,471.39370166600827
672.1381166805804,637.1768381123812
655.1758286712538,590.6338990140105
435.9472710660316,522.0362745016046
421.1182565604609,462.0108406005007
702.4096850860385,631.8176994372471
635.7295689687116,585.7618720523267
473.0274494217064,530.1845829953543
433.1207890010415,467.3397751628609
749.5254643670708,649.6499670602481
582.9842726834017,587.7955334838651
572.2691823328425,537.0039777505108
475.371317540097,480.62966887724565
492.34848299947487,625.2278413933176
490.1861035177276,577.8108143661326
461.0671408438447,548.5274339330058
433.9821062432427,478.61479481146273
534.6481660855585,564.1991283128592
518.4679246313269,528.7737868241368
487.7313165056417,490.0014049443981
476.14883685981425,456.9451738728658
756.8871065276188,678.3922029825585
593.6332318004021,614.9052108903882
576.3863476427989,581.9302568688823
432.9465330789165,494.8933378077309
630.3045302125053,662.7331656821979
574.6217391240123,588.6426040028418
552.0230867177139,538.4905733505484
455.96466391493374,494.0132681973141
561.3094979686601,655.2183816039051
519.1385951960168,606.8324358818465
453.84358433230335,567.1794538853856
444.42767951170913,478.2125023768039
618.195107495944,647.4091078948297
588.2131356102992,596.4504338580545
514.4387101205367,533.283229070197
456.5515428264905,469.88954535462386
753.1005291822447,664.512883393227
717.7043943276791,600.8881366209552
595.5882682549858,568.5792523741751
471.386956858488,493.90119972737966
552.095930595623,579.8146219549884
523.1206482874868,545.2965243174788
498.4763277941449,503.63255329525794
460.91392179291466,456.79543201168303
578.1348301689227,691.0189504517684
557.3629908126866,637.6881552121547
547.806739631287,594.9871969430287
481.1148231652136,485.1705367823106
577.4424206616455,586.9113803641787
560.8128116474442,551.7442695196935
516.3654195668769,509.66965603908704
459.4562916962709,457.9665667512497
561.3788649431702,578.7060399498396
541.2751165108117,541.2218209439103
474.0762947000208,503.686914630422
470.9380710949574,460.8896221287495
690.5706497394297,561.666839843316
523.0915200206745,531.5969607269174
514.9557170623666,488.5040332047042
439.6166473876625,450.3580110408533
702.530986930159,668.1479361280359
563.8065338640872,597.7859633663936
530.0139019122432,551.6398252340973
444.08127459114854,493.2433078574048
531.1618701728952,679.7058186404408
512.4795727152284,615.8808825816898
461.3750527457096,581.7217841793816
439.08770624317685,494.77311394078976
680.3067441056282,648.8656764665599
636.8202661301145,598.5794499716062
494.8083296652253,528.7898166553836
447.2748230458219,466.60376547775184
532.0516958753386,625.2646834399361
522.9586521871431,577.6910176835702
515.2070367424781,548.4686319981371
439.77194905873495,478.65154888959205
596.2905675905635,653.1173383471888
551.6301017650296,602.8479259479707
532.3922616410109,574.9199668826484
469.7482625469141,484.8786136090931
622.3418691115698,631.2144606549837
561.8216819589815,584.2536430010415
472.2113819267588,529.2302732260711
468.41237311769976,468.0780905826705
646.3008640255122,674.3126097806327
593.678713886837,621.8625605706652
506.6119749289346,565.0203858567215
471.4044169920629,476.68640550848744
585.3743432379556,573.386035387205
531.8175069306365,539.779587282667
526.2858934549797,496.86547504115555
454.6720658071067,454.7675988721055
521.100260437306,635.5788434500793
483.7254116604983,575.4914737190624
436.54816744024527,541.7101949303974
435.4205846674595,487.105881897538
569.3827592760473,672.7284364316142
528.8292663406135,602.2849367711016
464.0409262466788,552.6062044170742
446.0146275626546,491.8370521468847
811.4085811188739,593.8198223431608
562.1979705080112,548.9570543109818
537.9662578714598,517.9489737451727
512.4270076990571,472.08934911089307
520.5013282168767,616.5418013959234
514.6631305360726,569.0855418954677
502.05473773429605,543.4658795543972
452.5480436601496,479.1633378645453
777.938865544766,599.653395636898
600.621012444145,554.0177773887038
542.186274381016,523.8626486638743
465.0502083970718,473.73276224231694
627.5799880739429,655.7629870597495
601.4296172538308,605.4173006861082
472.377445675868,574.6134335124557
457.766359273481,483.0636419936164
628.3419593131739,628.1620133810841
586.2749066373407,580.9877770898364
543.221784849254,517.518627852846
446.7457013652693,464.36643980186994
673.0800100355472,664.142174470171
614.0458037206637,608.7069150897293
553.8187322755293,586.3034060159866
466.21091669260466,492.0256192217182
577.7556677706319,644.378678667628
535.2261037388306,594.1749088677886
534.5315618764889,559.7991680740822
460.4205357285212,481.400426146279
855.1238526305019,679.2222506977382
807.3029294437728,606.3124408753705
693.630585231437,558.9712156510618
622.8585413415191,495.9947944936912
601.3225399003157,684.2650183962235
570.3468238354822,615.8849690048788
550.7279569202167,576.6530423768852
519.287461081475,496.5861188570577
486.0421852066818,637.128185146054
465.63583505789865,577.3016776052277
463.087972029255,541.3071949360192
462.9537746466754,485.9742788277873
617.8885202787397,600.6910805141808
582.2590726071375,550.0588564581393
525.2228710201773,513.2729883485279
474.0915867474108,473.6915479665382
512.9833484117243,606.8309627497068
511.1288202377232,559.3984736112552
463.6488941380858,532.7821900968089
459.6820861700347,477.4563088382769
683.4840680000094,565.2324895649613
588.9179303042077,534.6356695594744
520.3435647859537,489.9432536744519
409.14876372677094,450.5864989435073
656.542117151021,629.8463832235856
622.4443186404698,582.1467351024022
570.1847305076353,542.5375347231616
529.5240133472662,475.2117559579037
633.7378824024624,640.3201500308328
539.8244226081974,592.1019019938844
535.1941030202516,555.144286185249
459.2618719271435,477.777494148097
570.1884409927653,579.2018093900499
545.9290263916728,541.7757135389994
471.57757643981887,503.3319457842927
470.88472749278645,460.5766868121289
514.0714714786966,638.4566099520354
508.04603117539824,590.0811583860708
478.1468825417848,549.9823252711693
460.4512454363179,476.47367051440256
584.2794944143261,577.3666386121646
563.8677964470476,541.090237285208
524.6187189122548,501.8068341811898
462.3549764618555,459.0223411552699
748.8183849762993,580.8721604175466
695.4413182313432,546.4984537831594
641.6897079914676,501.8639098226614
513.423598472593,455.6335136545164
796.163262730047,718.9489007225907
749.6397817134945,659.3076760533763
735.212910397333,580.0264405167641
713.8649404744775,478.1320341089027
534.782207705619,657.0270767254246
528.9673451985138,593.0468766367966
490.3331783758491,555.8101939642779
452.6201538001583,491.0071631263422
738.7630954340286,642.2434963380327
602.8102664915774,592.0757746535339
579.260948154166,569.2442913155617
508.1902462209763,485.50513755418774
676.8394403543999,666.5571836447525
629.3607458874646,614.6304455434081
614.3525646559199,585.908046959658
481.6278212224103,486.9652903940186
607.989452701624,600.7994423376165
597.5454879324826,555.5512337214602
527.9232006227113,526.5915091984567
448.8796852188461,474.21126601371253
780.6987926209305,589.6444035729803
642.8986551252577,545.7009188378871
535.7046846205708,514.7357874551083
498.58275004623226,470.758675630133
702.9841813969207,677.8410911686418
667.6836915769329,606.7827865048235
605.5890594509863,565.2983486080497
476.88068303052614,497.18040515732747
519.667112032019,635.8452794162714
472.6484310829827,579.0049886400878
448.2488400730608,538.7884653492457
407.65551445247735,480.8581734446642
830.1292858466161,664.3430409423166
732.266908333465,611.7621146556826
692.1433905657562,585.4751739011441
593.7696989780121,488.2594072097582
543.4020887360975,612.0589478633154
537.7181402118088,554.8108279545816
516.530324335695,514.4058041815182
461.3252547412272,478.7798245324533
747.8713425682434,674.5717566622627
603.1552420896735,603.4811751505117
595.564757016147,559.3875974512731
485.2427962802294,495.5554348610575
540.4727163589555,648.2295858289388
506.1234968597247,599.8051505093877
443.30030846637055,564.3896621851518
425.4037156178861,479.2901643696472
567.4867090590797,652.9974316553007
565.9883438292702,601.4070630026334
558.1085340311523,560.4905783266081
448.4493169352268,480.7145911571532
575.0947767245403,655.1383812780247
540.7174152913079,604.2311778755884
515.3790723388717,562.1018842592711
465.6513964501861,479.2745330808068
796.163262730047,707.6468669018861
749.6397817134945,650.952457240782
735.212910397333,558.9305418523322
713.8649404744775,460.8778530469175
543.8669080185891,620.7736931362306
524.4265770276072,580.8062127477581
521.6821745730539,523.7284766266957
455.0579206600038,463.4050699496266
528.8204891980407,591.0245866926086
510.3625384901165,554.806861181531
494.3328986406138,516.8814678851771
463.91949640449496,468.65055941647955
497.6407139430207,585.257679549861
497.45831709318554,540.10499050432
491.98994120588014,509.8471405351272
440.4613935179751,473.033502943071
601.3225399003157,663.0645746176306
570.3468238354822,596.9713996405138
550.7279569202167,559.4788618968768
519.287461081475,485.13077734623783
704.6186162201132,698.6946029818338
651.4513226105233,643.7093553926788
636.8467915059942,561.0907973643384
543.4121991432592,464.47501984215137
702.530986930159,640.8805637736976
563.8065338640872,575.1701386986099
530.0139019122432,535.3752229344232
444.08127459114854,479.62939272355675
613.3467403349949,631.9104024087842
574.3866705839907,581.0003252068977
568.2488278768235,540.1449320987509
453.97680327833547,475.3944000640522
890.6302904494659,634.5668375359019
692.9903111390408,568.273459861284
611.9395698712516,523.8165840268308
594.3445703388145,475.9491457508479
539.2630035181747,635.5706128207233
538.9591736445121,575.2884845169295
494.0468783190701,539.04375538695
453.0898359519887,480.2291535459269
544.0097046304677,623.4297452304626
525.0187914938344,574.6662125681465
521.1114652109535,544.695262489744
446.1343339094556,480.0955749784302
645.2571534489554,667.2231979425304
598.0329385295252,597.532254346799
561.5930909347676,561.0305983566742
486.5123406637388,486.660064932815
887.3754949123627,651.4417123391457
667.0744830979241,585.1506476628443
607.7772076526338,550.2816726800614
592.425483552561,484.36716809394693
575.5486722407551,621.5680372392711
563.2357159535104,560.5824878857321
552.1882003404754,514.5567944829855
480.8285145314334,472.3792141512465
615.4855524048013,672.6235299601154
588.1246044796945,620.9093405991855
498.8689134589234,554.1891151694931
458.5371911970298,468.44998972494295
560.8489159458138,589.538302755685
546.4638452902718,560.9579700368378
505.9816322727785,519.0534766938155
467.6263442790666,465.70202255754714
552.095930595623,584.0794460241858
523.1206482874868,556.5789409757059
498.4763277941449,514.58346468539
460.91392179291466,464.52898468971716
680.7479835441547,641.2891477054088
567.5579647993288,588.8722940454957
531.7119378490902,560.4634610451178
447.83671443775125,484.76686484965796
567.7781364529212,654.6138324450899
561.8271549138334,600.0508501119771
542.6117264100411,556.1768468503774
455.4330496358303,478.2298538715939
512.9833484117243,607.5551716589297
511.1288202377232,559.4548731887003
463.6488941380858,534.1689470387767
459.6820861700347,479.80490004875116
700.627275495785,629.1897960683616
595.4174258764446,577.4853321550671
533.6610553738483,551.2911595590169
467.97946618439687,483.71550415525985
753.174602017494,671.7019292508671
666.4484480610195,623.6932261590459
639.5619718641304,529.6742192704235
590.4467392385372,452.31856495601147
708.7800443095302,635.0685540572332
627.8540466640111,571.8670625746084
572.7192027726784,517.8370980247205
546.9059522732556,470.77460344479096
581.8584323561282,599.6116768505166
511.72573295896575,545.2443963501864
473.1242150542286,528.6933935441184
458.3567816809858,483.7759348245319
600.1848312627607,646.855232267305
576.1073616244063,587.4502391511869
568.9894048322717,557.010538559283
446.8909589703639,485.4185099869761
696.7534509928574,633.6348094153522
617.953970435682,585.0274226396953
586.9941937714807,539.1512281527336
520.0029818847727,472.78350335936034
575.6112770814393,590.8771115716106
567.686595595164,562.1058855455927
497.41736818055807,519.6062771170995
468.0385960630664,465.6197500265935
755.5277184310702,636.0484493906085
679.4799846748333,572.0991650603011
613.9243432197584,517.951954685771
579.8247315218983,470.941528816935
819.3001048406257,712.3190157916736
633.9965261620346,656.2899001905981
629.7871010364094,539.1161553935543
487.48787786924026,447.24922157540925
558.3184920438251,579.0137192753965
538.9330996587646,550.467269219013
495.65806695221414,511.7643624503267
458.4502207907911,465.5353762660875
520.7716623631878,616.6743532897457
491.4657762841836,572.4183323770849
459.1061029507962,534.0490530855401
432.327197044576,473.6933340928124
822.47233546907,636.1176339087162
640.0302252460112,591.8317786527929
480.5840589229429,507.2249494688087
469.66696091199265,450.65430446559213
718.8768641364126,642.5300400868028
663.635620780502,576.0735065199705
582.0955673810182,541.8361041885248
464.11249093948686,483.0331370131269
762.3073484528429,656.2114225755187
699.0935473429431,607.323482017878
661.3603080097016,523.0845988191537
611.9997376903796,454.9929801342714
741.7765600746402,617.8053060428649
710.094898827844,557.1415395237004
332.24320577171915,506.64550250395746
324.1278888269732,469.2476750329054
680.3067441056282,642.1937149435868
636.8202661301145,596.246735074598
494.8083296652253,521.1817214349612
447.2748230458219,457.4254551567051
604.5650117456447,672.7401504918215
582.2515573888973,614.9461428885145
474.1508404060144,586.1580454920279
470.36307484639593,490.8332022910215
851.2799498692817,637.0943038248984
657.5277806932569,567.0169859885336
645.3684755142648,508.09702923925494
529.5368141913551,468.79797651803085
515.2235243375959,646.9488248466528
484.0151816302753,586.8065034940104
475.31235348623653,554.6670724230843
448.526131533754,484.5750213714495
880.4209657324252,652.0478108003521
723.639895856916,588.5847067257904
722.9494731819235,554.6544551061089
632.392256729312,484.81389746477186
540.0563718886741,618.559350742403
497.6145714241552,581.2524486279261
481.29936025598886,524.0062935109447
451.71567832169274,462.7588228845934
670.0596517449959,630.4064094430864
612.7939587726802,582.4605412338027
588.7457955390164,538.9985748711265
524.9986463351058,473.5142374219263
588.6514000659456,608.8282987009786
561.7603783178113,561.1073211520019
472.966119527276,533.86495112568
439.3658505881931,478.81657690368127
797.2464124719116,648.9691222713616
626.3495502176121,587.8050847563733
590.7949413092078,557.6516246588884
468.8188247721748,486.1022787935465
577.9110993685471,626.6827979781544
568.4841471810776,572.5420178659556
558.335733396071,552.2884481521492
454.5949914887845,486.745932815453
622.3418691115698,629.2797197131965
561.8216819589815,585.1099191433033
472.2113819267588,526.1715792659301
468.41237311769976,464.1638004730209
749.5254643670708,627.3419235015564
582.9842726834017,573.8409271479112
572.2691823328425,536.4515086753075
475.371317540097,477.68579499095307
510.8983046511708,638.4941017759461
474.4800886757949,575.5119525339223
451.58803496673806,529.5922837726571
431.522039623743,475.7410619421916
603.5039701358446,626.5004694296814
586.4351074264267,572.9916265555204
472.96665959401713,536.7577351754309
418.9705038722263,478.1604965772163
568.7176027949133,588.5968957254908
549.059168386686,559.514708326587
509.63069908218574,519.0536555972996
462.3016362354688,466.39707801887215
574.83850578051,588.6056492514159
571.2346514934544,557.4722373142066
550.0238995615491,518.3605761192151
468.8073440328863,467.30816567551506
590.6684906664534,566.4045163327958
586.0675981142068,539.6111255057232
546.5309024521912,502.5965647280078
461.8743270428282,463.9877046758504
667.2196459071486,618.9762351957992
612.0925607041158,555.8352519158468
601.0785238321068,520.9365936549193
528.319509214999,477.999294950186
680.3067441056282,648.4190984274301
636.8202661301145,595.897943035159
494.8083296652253,518.7745502614443
447.2748230458219,461.73884049220203
798.7184937609263,678.6679358812218
648.7422563133529,593.3366473515382
600.0438982352738,522.9125763413712
491.39686943231214,478.91643609463983
897.7859053342904,653.1002462258036
703.6850127063283,580.5023114843913
628.7890620664117,531.328390948394
617.50121530202,477.84958838498693
831.5215709029452,644.2852301586153
702.8279199121653,596.7136956947373
627.3304389588875,558.6428711134414
620.4448021319861,483.11591089556384
868.5557318269211,654.9704134389069
691.3860249854216,580.4392768183114
624.5338006506784,528.5593617766302
601.6365774605574,477.33511931953757
752.3610982988511,704.746382928342
614.3920808456768,649.8651730935815
574.5108091644089,565.1658974761374
436.0444400351601,478.4462078475791
703.0574020296224,628.8470514872973
580.9031557113021,580.8593416791457
541.6768565091862,546.7100589694202
484.1221023256675,478.5147300472258
544.6520790404546,674.3714527517499
541.3569862876044,595.4618292583447
470.0012086866222,526.3313487384437
421.44105516161386,481.7769210669462
683.4840680000094,592.8783054101659
588.9179303042077,551.3720146537597
520.3435647859537,491.2440217123884
409.14876372677094,457.13414580256216
638.531484013179,633.9246236878271
538.2410542088205,580.1350475066591
494.1925808116165,542.1937515231059
478.8165454897073,479.5399248544555
652.678573908941,652.869595882067
629.7985921685502,605.2860392297408
622.2284063047605,571.4318298978883
473.93713311076897,487.56765523938174
777.938865544766,600.728277989168
600.621012444145,552.5058771709017
542.186274381016,517.3998492077012
465.0502083970718,466.4739460742256
585.3743432379556,596.598531287253
531.8175069306365,553.482681827682
526.2858934549797,496.7923747271111
454.6720658071067,459.401895401083
544.0097046304677,616.535072159934
525.0187914938344,569.5932458210348
521.1114652109535,536.7612306244858
446.1343339094556,473.33758406054744
842.6916860042331,664.2499085826245
796.4037391842754,591.5673672991767
699.9965012999407,545.2188211458439
618.6272937304973,482.7004042369931
837.6158926764983,652.3292271247439
763.2970831799763,598.7339930513746
644.8177243541897,519.342666052316
550.1180683783448,461.6641695675855
673.0800100355472,649.09919341983
614.0458037206637,598.8770999011067
553.8187322755293,573.9681456348567
466.21091669260466,489.7664349178644
567.4867090590797,641.4299929157131
565.9883438292702,592.9148725607043
558.1085340311523,548.4604969928924
448.4493169352268,474.7278993629745
580.214669021434,635.9630344260963
574.4152741961453,581.377791986448
563.985055817266,539.3904728348978
457.8968754331682,479.721439159275
520.9625049252976,598.081124770615
495.55159589650657,554.7414335242423
476.2101986300317,498.92026512084425
455.947918114199,460.27745742516043
856.8205559786115,668.3191231612832
783.8522772905812,594.3811334390698
713.2657186728048,543.7111407645855
625.3167938440248,482.9708240534004
719.1399891208458,640.4957791554556
696.6552261516447,590.1931959905014
691.4477200859143,521.0127055734703
508.9342663970776,463.61891593298463
753.174602017494,679.9868399306033
666.4484480610195,624.910833509146
639.5619718641304,531.5880085974071
590.4467392385372,465.4714772677446
492.34848299947487,620.6496246568217
490.1861035177276,573.8430069384812
461.0671408438447,539.7835580069487
433.9821062432427,474.29877373095565
557.1093329501916,601.1707239808683
554.9008187929567,554.3290055148685
486.57131045858114,523.1372842315665
446.1407118983799,467.90930717322647
568.7176027949133,604.0941504342161
549.059168386686,560.6593446563833
509.63069908218574,507.8029916154139
462.3016362354688,463.9326127464831
560.8489159458138,605.1898022399613
546.4638452902718,562.0489273214009
505.9816322727785,507.82817045737045
467.6263442790666,463.72647972082575
683.664875887254,602.949133387763
523.737727801765,558.989066271151
483.8237270248905,506.9527907731043
476.76037337304007,463.9704770203954
810.9142535647107,642.7592551275659
696.6767437590739,582.9579597734347
675.2113039371985,545.7332332231657
587.6273972043278,481.6515474564393
673.1743843670963,708.9309137612028
601.9279607274094,648.735756120834
498.2262426219892,535.3494615559298
375.85753466179426,464.9922653698396
574.3081158369903,676.2828362347656
562.4919756701654,604.1847108510281
545.268890057187,560.7376155442381
468.2588059440985,488.3473430953067
756.8871065276188,662.3239215406757
593.6332318004021,602.8809306274555
576.3863476427989,568.6490301299904
432.9465330789165,490.18227925353864
489.662931386531,629.6056201955718
466.9335638682227,572.4835160808567
458.8671942678071,537.3193815888237
457.65177620109154,477.57168403999646
529.8512444414915,674.1944380936022
514.5006938092062,595.5673007405194
485.17371169383694,526.6972133067304
468.92217672210353,482.05409512267664
573.7943117669732,604.2203603171761
565.8129079900003,561.2706029506384
517.0931507506743,507.6248471108222
458.7169576715217,463.9406100821963
575.0947767245403,645.2223927492205
540.7174152913079,598.5028565434823
515.3790723388717,557.2888049818102
465.6513964501861,480.1293123207817
708.7800443095302,672.4135156193552
627.8540466640111,591.8930186842192
572.7192027726784,525.9162189086086
546.9059522732556,479.6193323660249
561.3549338206711,599.6323764557477
539.5171489714845,556.0465060458122
513.5404354169157,501.56006681088115
458.7352007178072,461.0864291295002
890.6302904494659,655.422135656741
692.9903111390408,580.7171775836116
611.9395698712516,528.7180142159358
594.3445703388145,477.4049557604301
718.8566753468305,599.7479102329468
694.4020862534777,556.5223891871133
607.0455847899506,501.95641600089056
596.7817564062373,461.44524969178786
642.8187452635799,658.6510776072967
599.9880334144766,592.076578377403
566.1251270785772,535.5961471494244
457.14190669872056,483.2934672132571
491.2320484562486,629.3900314948049
471.94500360542247,559.7044126987287
459.9210087067679,517.6020029701123
431.5703119089766,471.2106081782547
642.2036243588196,652.4334290346778
602.296448424304,599.1143492755676
483.4807214393936,519.8958421212703
440.3836981097085,461.84701771804896
670.0596517449959,625.4357299327098
612.7939587726802,577.8065792403962
588.7457955390164,532.3968009757717
524.9986463351058,469.7024754912419
696.7534509928574,628.8967616608153
617.953970435682,580.6139617959966
586.9941937714807,533.1664888125168
520.0029818847727,469.7957213637792
534.782207705619,644.2590709153014
528.9673451985138,581.4415137398519
490.3331783758491,543.8911973873944
452.6201538001583,480.90723734726436
554.5416560579024,654.4352720265881
535.9902264708055,607.9883178676286
485.36127278066334,572.049462307646
452.404970385509,486.16351353415325
807.2637375769092,660.0337829295344
660.4987789000014,613.4791332994768
614.3881041443576,578.756490689693
458.0317942493817,489.9534816763207
642.842507531412,627.876945855087
579.1742076049975,579.6715460598585
544.821802333994,533.6545651645832
493.9872074384884,469.96386068554096
563.4933817289186,597.0337718218439
544.7038445041295,553.5172816987883
515.5925864416441,499.6255927443229
458.1901985568487,460.5926016645284
510.1714411665308,595.4000928747621
504.062559665145,541.174002678899
489.361788908185,519.896235109601
450.1084735005105,469.46289751619105
735.3215978263087,660.0879214920693
668.8005889025259,606.9644411883754
645.2771666538749,521.2687127880071
468.19235558327034,462.25761989439815
801.2653781072617,654.2816515753402
731.3363564023596,606.973367178032
716.0470201082765,571.9987502531034
586.8406411222211,487.53825808812536
645.2571534489554,667.1017460739747
598.0329385295252,601.2090029344159
561.5930909347676,564.6893987770167
486.5123406637388,488.95266331195967
577.7556677706319,641.1259195891707
535.2261037388306,589.5357337117622
534.5315618764889,551.2309046248967
460.4205357285212,478.76502812774027
670.0596517449959,627.2044524038506
612.7939587726802,579.6219070802033
588.7457955390164,537.2595181907184
524.9986463351058,473.1777749937235
521.0028349635531,670.738716759827
492.8694151072838,604.3786360387796
485.92581181990687,537.548841378933
477.4816921343061,491.40726148824945
667.7945674230559,675.855177936269
639.4837868158477,628.0758625548444
586.0924764432956,543.1301329319787
439.68367672864383,475.7243558449227
578.1348301689227,687.6518748987718
557.3629908126866,636.0782925981106
547.806739631287,585.1006149073329
481.1148231652136,488.71356613005497
558.2422870681537,656.3652709098119
517.8796160593799,607.9957083367826
496.91003110273726,560.6360798583097
438.34312406435185,480.22579211013885
562.0019991124186,582.631698615871
551.2614191811948,549.8068774491431
475.1495220819696,507.45318450618686
466.2965617875934,458.1381279756102
545.4034794009249,677.6931715803819
533.7014375594252,611.7433531879084
441.13860889588346,554.8381125310387
440.76046783578727,493.8359893369336
578.0479131695089,628.6253986605066
568.0746795694313,578.0276477104791
557.6167432768373,538.2994208636866
455.8510265242718,474.65439179496565
633.0855537735334,649.2987057738596
626.1386646949923,601.8001232168789
541.5995896549817,540.3440137604832
444.47380938997776,474.31567145518665
642.2036243588196,648.2445358519966
602.296448424304,601.834583416916
483.4807214393936,532.371841422901
440.3836981097085,471.67691325967775
549.406492244949,660.7781420619515
531.9554739762056,592.2539488928275
485.5843743791828,547.4840768330839
465.6973728759831,491.29185106991173
739.8655657728997,628.0829059435285
614.0837079121808,580.3048607487068
544.5777363049323,538.1851607107483
519.7895359357627,473.52721766705343
544.0097046304677,620.3851885091539
525.0187914938344,571.3563278159057
521.1114652109535,538.8478713695279
446.1343339094556,474.6036889238094
756.8871065276188,674.5728915784849
593.6332318004021,610.8932024116268
576.3863476427989,570.4970512067437
432.9465330789165,493.8809851311338
734.7944791925964,657.6056178601738
547.5685472748764,590.7773203948035
541.7917029056425,544.2063812353152
410.2175269194429,489.6999027477738
783.9978111062393,662.4410541707958
645.949655038992,598.9717146683529
616.7397475313217,553.5265554891192
477.71158091102063,490.08124681412136
552.095930595623,586.2915084682094
523.1206482874868,554.2541947163268
498.4763277941449,510.0032267064012
460.91392179291466,458.2163698520385
580.214669021434,635.561742889057
574.4152741961453,584.5433840489121
563.985055817266,543.3148017869736
457.8968754331682,479.5724344508284
585.7394020133004,650.5806118809649
550.3632709993229,589.5379884542795
517.5891078367027,549.8169343570235
448.2195600461519,486.82580675374624
594.8995052962509,592.8598840688492
592.1930207205863,556.7685845458677
533.5683744987524,514.5283665743646
464.9006875214415,461.75612596463947
567.4867090590797,648.7351274729975
565.9883438292702,596.837997210574
558.1085340311523,552.7360205057676
448.4493169352268,479.48043366795946
585.3743432379556,580.1786039844983
531.8175069306365,549.2262726547083
526.2858934549797,504.4535948974947
454.6720658071067,456.1409407955524
808.9820195810361,665.3738935058452
737.6270040010118,613.7884570918372
718.5840110078352,574.3681558228383
587.0235374380363,486.10028488706035
744.441471555693,663.0749741730457
615.8720804215559,597.7840178837488
607.6991433081654,553.609312183957
480.3563608398537,490.92861758680385
673.1033773963994,628.8935948500078
602.4516648767809,580.5303646301487
588.3551751642307,537.9429555550133
520.5575255595601,473.79499965680884
752.3610982988511,709.6219696793172
614.3920808456768,657.3246624132262
574.5108091644089,577.2937112335718
436.0444400351601,487.37197010317476
588.1142801127593,654.3723222408706
563.2008353028251,599.0255550313377
547.33924104203,544.220181053707
456.1659378459104,485.276761974743
604.5650117456447,668.0554196687709
582.2515573888973,612.8395071745529
474.1508404060144,581.133123186674
470.36307484639593,489.632053664223
846.2989795017129,579.4541247794119
519.3340435775315,549.3622357668262
476.0801284568726,504.03499840702284
472.4757093430973,455.55289134087104
831.5215709029452,649.2938548208356
702.8279199121653,600.1901232683438
627.3304389588875,560.911331841566
620.4448021319861,481.4275497165937
576.522440376285,601.150991397753
560.0415125668151,562.3054294344178
514.3630951435205,519.7517066934568
473.275337009688,464.5044028005914
590.6684906664534,569.6211817302348
586.0675981142068,537.2352670808353
546.5309024521912,496.6549763546299
461.8743270428282,454.8560522597689
543.2492470654427,612.3742812672067
513.2446557791833,574.5347341210484
494.45204633491386,523.3080081295568
454.994391472549,464.6120333430167
798.7184937609263,679.4925682793709
648.7422563133529,604.1701594721941
600.0438982352738,534.8262705380155
491.39686943231214,495.53813377601864
561.3788649431702,584.0264789953221
541.2751165108117,547.7232678535859
474.0762947000208,508.0869263987937
470.9380710949574,460.14302545083945
546.5412607481817,668.3233364300885
527.7291200234451,602.2512305378183
490.5235888006426,535.4263277559407
461.93768459841544,490.7080239312063
883.4891497336907,673.5964675914147
688.3234597943687,606.4443127171003
464.7465696015242,539.7964161479617
432.7524403852291,492.3881135613845
810.9142535647107,649.4344975205414
696.6767437590739,588.880490492065
675.2113039371985,548.9646036246266
587.6273972043278,486.41881087751347
683.664875887254,589.7946284821231
523.737727801765,555.9076072682263
483.8237270248905,513.3775316223811
476.76037337304007,460.3522960297639
623.6049869230419,633.515974760976
590.462502049809,587.1087445521333
526.0449080980346,527.3433525675364
450.2458708101062,470.07349009281546
519.667112032019,636.0080911032022
472.6484310829827,580.90528464461
448.2488400730608,536.49624227836
407.65551445247735,480.8487453587512
704.6186162201132,699.0354410425913
651.4513226105233,647.6924904376776
636.8467915059942,574.4752911419828
543.4121991432592,485.93317645933894
540.4727163589555,647.5541430999184
506.1234968597247,599.351168545499
443.30030846637055,557.6931214111129
425.4037156178861,479.4480467396529
811.4085811188739,594.5425105955823
562.1979705080112,547.9668497760232
537.9662578714598,515.6779899614638
512.4270076990571,467.2054991734163
489.662931386531,634.5887325141814
466.9335638682227,576.9330692513693
458.8671942678071,540.3081854928862
457.65177620109154,481.8893832045247
596.2905675905635,651.278014140035
551.6301017650296,599.3778944264059
532.3922616410109,564.3731613955413
469.7482625469141,482.8088597846296
696.4799391387647,610.02091570416
627.4561392058225,566.7700018509724
499.458432651188,518.0106420800529
454.8502215169645,465.7666015187026
541.0646069213947,674.8756181559841
535.491750516534,608.5954327554132
487.4922070220345,571.8857557966827
433.0962101744829,495.3105782317329
642.0375652712104,704.7921906961319
634.2051469157542,653.1281944366723
455.7816675912958,550.3162778360255
422.3969585258148,480.2507199500718
700.627275495785,629.1806050832745
595.4174258764446,576.7921217498556
533.6610553738483,545.8582631101873
467.97946618439687,479.0090394204076
897.5002953992779,699.5632189641867
689.701439370833,649.5774161428001
570.5760958417216,550.196225076197
412.1720518765279,479.21231264652516
575.6112770814393,592.8674842256315
567.686595595164,559.9747846843094
497.41736818055807,515.3619756437373
468.0385960630664,460.1475507922144
538.6835163653345,659.2405102403025
520.2622832276276,606.1315051206647
512.2306759356334,566.9022686809468
449.6579066436104,483.8626702302695
580.214669021434,638.9195841584344
574.4152741961453,576.8746753434358
563.985055817266,537.7454146596897
457.8968754331682,483.69276887451116
584.2794944143261,599.1760955261734
563.8677964470476,546.9970208263113
524.6187189122548,501.07340487847375
462.3549764618555,459.53290495968713
830.7247157185855,676.619103014778
757.700100136476,598.4012715480476
690.5728477532277,554.543157181438
600.9108578215097,493.1037890979559
682.8227759367221,740.6294051084178
654.9981918243433,675.288532373175
387.9498803965478,604.3705699442994
292.6504186034527,509.4985001794116
702.4096850860385,643.9640852984256
635.7295689687116,590.927682710562
473.0274494217064,537.5551519399099
433.1207890010415,472.0022762490785
630.3282482897991,624.6806107789556
605.5789177029181,576.1751216723655
556.1921797987364,535.0709810181887
521.7514128822139,472.38314515464646
618.8671914088792,670.5218926265137
564.1363784954237,592.8784337722199
476.1755096212767,548.5470063015653
451.7991712883813,491.1408450311676
664.6014143673349,677.7400291126794
619.3985689213596,599.5018623850365
518.9311182718285,555.7434815333597
476.479471533738,493.8950393236375
727.5555322066733,662.8041239979385
691.9425182055923,592.4174355552796
621.1149307573604,553.5086781979043
488.7959546557436,490.0117414522821
810.9142535647107,646.1239875705338
696.6767437590739,582.7802004779853
675.2113039371985,545.759401767588
587.6273972043278,485.8998911355416
695.983310594185,654.4984906445102
651.6939612965455,607.3757737302808
631.165102778726,571.4831045975719
593.8126480565809,492.09994744087805
886.9439863131249,649.135219136422
642.6408561991865,587.6804501911569
628.2031712590773,554.5375044368091
463.27141934123927,488.2716748236514
739.8655657728997,627.3895501704873
614.0837079121808,579.0469885339015
544.5777363049323,537.5193407209812
519.7895359357627,473.5209576770533
504.37827607283606,669.8142329474099
488.5474710611747,583.2488812201145
464.6056293585397,532.614447909247
417.20570848878344,487.23801795240524
890.6302904494659,664.7131761818811
692.9903111390408,586.1784532813956
611.9395698712516,540.7622948594948
594.3445703388145,485.7973256022062
590.6684906664534,589.3930704139716
586.0675981142068,537.1001602320162
546.5309024521912,489.9370821228743
461.8743270428282,453.7178839230705
562.0019991124186,600.3789402101972
551.2614191811948,547.5567427472322
475.1495220819696,501.00091062482164
466.2965617875934,460.52724209207963
558.5021808890314,604.778930896774
534.152745696776,553.2205673052073
474.11215856882217,506.23912264967765
465.01940426241794,460.33050544211375
570.1884409927653,599.1304038563529
545.9290263916728,547.0045510343939
471.57757643981887,501.81924677474234
470.88472749278645,459.57237712835854
744.441471555693,659.0411253566299
615.8720804215559,591.3038263291535
607.6991433081654,552.9198339550472
480.3563608398537,490.56419276655043
568.7176027949133,606.7035350961742
549.059168386686,554.3802787174632
509.63069908218574,508.340737786051
462.3016362354688,464.32004217466033
588.976472965822,650.2704565814881
517.7786248379507,567.7389439953861
515.2330212052162,517.7684947022088
445.31166333695944,478.12442724176327
577.7556677706319,633.0849736352225
535.2261037388306,587.258105738226
534.5315618764889,549.9519243319462
460.4205357285212,478.9175798851587
607.989452701624,601.6522219995456
597.5454879324826,553.9571155947832
527.9232006227113,516.6265861649172
448.8796852188461,463.20026307934296
633.0855537735334,654.9846182576006
626.1386646949923,601.4097169995166
541.5995896549817,548.9477396233592
444.47380938997776,479.1708904025629
842.6916860042331,671.6939926513735
796.4037391842754,596.7709739214093
699.9965012999407,555.0363551335786
618.6272937304973,492.04413267920853
748.8183849762993,605.5444336682407
695.4413182313432,553.5964239308712
641.6897079914676,504.5929870097698
513.423598472593,461.3937307537036
747.8713425682434,663.3585986993921
603.1552420896735,591.9756088784026
595.564757016147,552.1592187465708
485.2427962802294,489.8647825769913
544.6520790404546,686.9159580386338
541.3569862876044,594.2304596911051
470.0012086866222,541.7130754875254
421.44105516161386,496.3339121004573
519.36725424446,667.9876070560708
483.3465472703318,591.2758735189645
472.24069896353166,547.4963341804688
457.19397108914393,490.3991460170297
512.9833484117243,605.6395824141388
511.1288202377232,556.1723804965062
463.6488941380858,520.650543332109
459.6820861700347,466.5781010678612
543.8669080185891,631.3923172829827
524.4265770276072,579.324997698986
521.6821745730539,528.8336558515407
455.0579206600038,470.33364439289227
642.2036243588196,659.169729704773
602.296448424304,603.3641827267484
483.4807214393936,545.0119583754771
440.3836981097085,476.4200931484064
554.5416560579024,653.0420819661095
535.9902264708055,604.8756812511102
485.36127278066334,570.4511548785192
452.404970385509,493.62533055123816
582.0455968504493,623.81607218029
565.8365180204325,576.9492437187216
545.0623704781453,536.7213354361203
448.4534660173425,471.8747650632914
668.6561112534706,650.2713543714109
599.129168668199,578.8990734381794
582.1404886914792,537.4338195458765
489.0205461654842,481.00917886824385
837.6158926764983,659.173977767286
763.2970831799763,603.1374284557005
644.8177243541897,544.6536482681898
550.1180683783448,476.22985162627174
633.4884334828556,675.9638181339843
595.4181261686513,622.1879094562171
504.0702553624982,572.1258006297478
452.4407751493582,492.55971148122336
508.89640830644754,672.4484061467397
495.4781979481173,589.8675826018305
490.9775905899715,542.3597208978538
459.0731671387516,490.8706113828141
499.29478078663095,693.0861403836706
447.1465610625411,598.8833149956337
446.56582682499766,544.5727036066147
418.1407471581099,492.43601886533827
792.9176014986932,720.8122105297577
720.0630712831514,658.7953442992635
392.46014294309293,592.425982211166
289.52337896433556,504.22234119206473
637.7903223811521,618.9540067203994
577.0704512068247,571.2544866762624
482.8559793794818,534.3252567000748
433.786258147532,472.6968467403273
527.0121877424567,594.048400251506
521.0199339223939,543.7798803534042
491.99350066419214,511.8451414805054
436.9867045585649,461.0315409222746
719.623737979524,683.1732082505416
716.7012037495248,591.0045875618212
641.1897872578048,538.6511558949383
539.265173593385,495.3029093036043
529.8512444414915,686.6389680315935
514.5006938092062,593.98407160523
485.17371169383694,541.6488094562254
468.92217672210353,496.53562509207626
521.100260437306,630.1188370911125
483.7254116604983,568.2965522609118
436.54816744024527,531.2793331486715
435.4205846674595,476.12227951500546
514.0714714786966,634.4191134913619
508.04603117539824,585.7640907620085
478.1468825417848,544.5032474925014
460.4512454363179,477.6630918567701
599.9067437901979,655.8305117338987
579.622843559374,602.0536405708458
530.752631532557,549.0035285483325
446.8294265717018,478.79237008225834
492.34848299947487,620.5584703828948
490.1861035177276,572.8462379607073
461.0671408438447,536.8653400888657
433.9821062432427,474.6504154678024
522.9689765969911,680.297114567318
492.88653012164735,596.1381207745886
460.18378981307853,548.2273668479381
455.26681037314086,490.0034509656751
719.1399891208458,645.507980279774
696.6552261516447,592.1304061438433
691.4477200859143,538.6541537364405
508.9342663970776,474.1253294469401
534.782207705619,648.438920671925
528.9673451985138,583.3551251824135
490.3331783758491,545.8375414269303
452.6201538001583,485.3524398414723
652.678573908941,651.6581836292659
629.7985921685502,601.091213371121
622.2284063047605,567.7063054087182
473.93713311076897,494.17494543429103
578.0479131695089,624.5248752361493
568.0746795694313,578.3667870452858
557.6167432768373,538.2519432227318
455.8510265242718,471.6446296823875
603.5039701358446,630.2967661792678
586.4351074264267,575.1735098207845
472.96665959401713,535.5687313399075
418.9705038722263,479.78866796457424
871.8903709476441,655.7164134266508
808.6992940453625,605.2886561786539
789.1294533825247,572.9120797559231
625.6326029029589,484.38352390594633
810.9142535647107,639.9290829476224
696.6767437590739,582.2773853401501
675.2113039371985,544.8892771348326
587.6273972043278,482.69112506076
718.8768641364126,652.6124043068355
663.635620780502,585.9243520088507
582.0955673810182,544.6424230663779
464.11249093948686,488.10112333874224
792.9176014986932,706.2647336223017
720.0630712831514,654.4454023650914
392.46014294309293,581.9900936443873
289.52337896433556,493.85081963071286
552.095930595623,577.7736183482087
523.1206482874868,551.8006178162731
498.4763277941449,504.533377597486
460.91392179291466,456.323969090653
683.664875887254,580.3134659954319
523.737727801765,552.4307872461549
483.8237270248905,507.45364110708624
476.76037337304007,457.832850855738
497.6407139430207,592.3512731384345
497.45831709318554,546.8559971794667
491.98994120588014,502.2840544283982
440.4613935179751,466.41581625078436
543.2492470654427,608.2888631240429
513.2446557791833,574.4331364414677
494.45204633491386,522.0091104096372
454.994391472549,465.5121796810173
637.7903223811521,622.3344883497512
577.0704512068247,577.6451041300164
482.8559793794818,536.5039176052318
433.786258147532,472.884154515515
822.47233546907,645.2620034573458
640.0302252460112,601.5334009198198
480.5840589229429,526.8528549407002
469.66696091199265,475.2041222428149
695.983310594185,664.2923540094858
651.6939612965455,612.3264132615114
631.165102778726,573.6711645940052
593.8126480565809,485.89043071457326
561.3788649431702,577.6467941779132
541.2751165108117,547.8598946275001
474.0762947000208,502.0656527307243
470.9380710949574,457.4420732895729
584.2794944143261,576.4374266206501
563.8677964470476,548.2266459095473
524.6187189122548,501.3227847064966
462.3549764618555,456.5720066986795
544.6520790404546,644.1563333164282
541.3569862876044,578.7690359432207
470.0012086866222,531.2425263704264
421.44105516161386,487.26913246183824
741.7765600746402,638.7774295410825
710.094898827844,571.5273711258392
332.24320577171915,518.4866934659797
324.1278888269732,485.0495836462632
642.842507531412,632.0723433342562
579.1742076049975,586.9191864773044
544.821802333994,538.9123199164435
493.9872074384884,474.7307897464422
801.2653781072617,654.4059023384211
731.3363564023596,604.400399197364
716.0470201082765,571.8495250419023
586.8406411222211,483.961064327019
719.1399891208458,637.5474030684557
696.6552261516447,595.1622646289075
691.4477200859143,534.38155369623
508.9342663970776,474.27449953112534
527.0121877424567,601.8299722916364
521.0199339223939,552.7529155008239
491.99350066419214,514.6812021980911
436.9867045585649,469.2510835929865
752.3610982988511,706.8228724943988
614.3920808456768,650.8456081901859
574.5108091644089,587.2506720471096
436.0444400351601,495.80624383119
578.7229577351712,636.6965132765462
517.3271771088082,594.6508838650598
487.00860013679886,525.7012329927996
476.2509659227542,473.0986924478494
668.6561112534706,646.143059848617
599.129168668199,578.9098814625419
582.1404886914792,532.5805382771557
489.0205461654842,486.2626023212072
819.3001048406257,719.9815669103023
633.9965261620346,662.0006269636813
629.7871010364094,580.4922552570839
487.48787786924026,498.0563640974306
846.2989795017129,571.050240869405
519.3340435775315,547.3580165750051
476.0801284568726,498.31190455720264
472.4757093430973,453.8029755103935
512.9833484117243,606.6417039514655
511.1288202377232,562.6313935556125
463.6488941380858,523.0923152403345
459.6820861700347,469.00523395521145
528.3165074233303,609.1836722262082
497.3431993846251,554.6446928607621
457.7556894064108,514.2370569492809
454.0423109175739,472.6718284725029
680.3067441056282,646.9769317032482
636.8202661301145,602.4199037126391
494.8083296652253,535.9578340178876
447.2748230458219,476.7003797369659
520.5013282168767,615.6418162245792
514.6631305360726,570.9357114659259
502.05473773429605,533.0718182335918
452.5480436601496,471.5749373725858
585.7394020133004,641.7110765452602
550.3632709993229,583.5010541926381
517.5891078367027,546.0012712157826
448.2195600461519,483.23426730369914
554.5416560579024,658.3325599607058
535.9902264708055,608.1338779241962
485.36127278066334,573.3803589138606
452.404970385509,484.523477393174
515.2235243375959,648.0151473630781
484.0151816302753,588.6898730172227
475.31235348623653,552.9080430456835
448.526131533754,485.27141165795854
851.2799498692817,664.4872553256184
657.5277806932569,586.3742673986034
645.3684755142648,528.8216820071726
529.5368141913551,494.4780144336871
887.3754949123627,658.4920130065267
667.0744830979241,591.9683408207767
607.7772076526338,553.0960953581733
592.425483552561,489.8635637026424
561.3094979686601,647.5923684141169
519.1385951960168,602.2307635719635
453.84358433230335,561.2299923697016
444.42767951170913,479.9268754965
520.7716623631878,613.8926483027323
491.4657762841836,573.2123011821577
459.1061029507962,528.173753636788
432.327197044576,469.3465029461303
680.4300830922333,627.3976325199346
555.0957230304715,576.9103636308688
533.9065683608693,540.9995956800574
472.8166178532291,477.3430712573656
596.2905675905635,648.1843064976171
551.6301017650296,598.9574800324123
532.3922616410109,563.6223934895701
469.7482625469141,481.3626758635205
744.441471555693,652.9069766696372
615.8720804215559,589.5196192418867
607.6991433081654,550.4237561204746
480.3563608398537,487.68992414093753
797.2464124719116,649.4036737665915
626.3495502176121,589.7188112645746
590.7949413092078,555.0039032688295
468.8188247721748,485.6729964951935
883.9137013393809,658.2118051461131
670.2198203880475,587.1205517629045
628.251506204233,539.3677924339411
607.0226160146337,490.7616541238194
588.976472965822,617.5631738854662
517.7786248379507,559.2959420356365
515.2330212052162,509.7448098737324
445.31166333695944,477.3052207467264
613.3467403349949,631.1010874194214
574.3866705839907,585.0613278698858
568.2488278768235,537.8147541982624
453.97680327833547,474.5703334189946
701.4898062456023,619.3869357021308
617.4823858242494,562.8605535546651
602.4585156754242,520.9856100190297
485.5927582626337,476.08805399142796
523.6910141184651,620.5163117717616
515.9252531135904,575.8868981512052
474.0945959430484,537.2631941886423
437.3976525320684,472.73292592599466
474.5193247730624,594.3707180909411
456.7290686956979,549.4751854434147
450.0867751540775,506.9542064638659
437.6664699192188,466.2281312798213
623.6049869230419,638.0528490618515
590.462502049809,593.7329576117883
526.0449080980346,531.021424831392
450.2458708101062,474.5859589973658
811.4085811188739,596.0422657246858
562.1979705080112,555.7402047829095
537.9662578714598,511.3597641886586
512.4270076990571,464.67102411423974
645.2571534489554,672.8287847109629
598.0329385295252,602.8849159333573
561.5930909347676,565.8611029589275
486.5123406637388,494.71829033697236
830.7247157185855,667.376961461015
757.700100136476,594.196830833916
690.5728477532277,547.6190768614314
600.9108578215097,493.90929132603327
532.0516958753386,622.6134494381141
522.9586521871431,577.9620780947599
515.2070367424781,539.2737403761588
439.77194905873495,473.3619038589671
581.0444280615988,658.626424677148
573.2772425885129,607.7264901112989
573.2354095794708,562.7588660449437
451.3089575089877,483.34715750688105
600.1848312627607,646.3680034003231
576.1073616244063,588.4312426799601
568.9894048322717,553.7642269506562
446.8909589703639,484.41838771131125
627.5799880739429,644.266124195112
601.4296172538308,596.535312469559
472.377445675868,563.9546001355681
457.766359273481,481.0412847442904
510.1714411665308,589.8033837978278
504.062559665145,541.9783868927418
489.361788908185,505.23312427271435
450.1084735005105,458.23907430889494
868.5557318269211,641.6853298613677
691.3860249854216,575.8143038912802
624.5338006506784,533.2214909030986
601.6365774605574,477.5129194599756
883.4891497336907,657.1487138387844
688.3234597943687,587.3951825250905
464.7465696015242,548.0712863000841
432.7524403852291,489.4181667266317
574.3081158369903,661.9177768860723
562.4919756701654,594.6754764957176
545.268890057187,559.8332753787399
468.2588059440985,488.16375791850663
427.6756646341503,663.792984773058
425.6165161082352,591.1540679822668
413.64894468625374,548.3850809913289
394.66014909392055,487.1117676200368
702.530986930159,641.0730924875733
563.8065338640872,577.9544119216749
530.0139019122432,539.1428413485093
444.08127459114854,478.77436500374677
596.2905675905635,639.4339135324129
551.6301017650296,590.1734316019472
532.3922616410109,557.072157611551
469.7482625469141,480.88917623013594
815.4286371353267,634.8709061071423
656.9049422633925,572.7663763216123
605.3092397437212,532.443694927994
580.3870997222236,475.9041912460648
883.9137013393809,645.8150621792753
670.2198203880475,579.5530650065974
628.251506204233,538.0562610790087
607.0226160146337,479.3158287104935
617.8885202787397,600.6530651169176
582.2590726071375,550.7659711183962
525.2228710201773,510.28330318244315
474.0915867474108,464.5368363650477
575.5486722407551,637.1492802246113
563.2357159535104,571.7783807958917
552.1882003404754,527.9431308872793
480.8285145314334,476.4701737346022
741.7765600746402,640.012925860538
710.094898827844,572.1518935902634
332.24320577171915,525.9819592749454
324.1278888269732,477.1028344225772
543.2492470654427,626.1202464445602
513.2446557791833,579.1585424187854
494.45204633491386,528.117679968546
454.994391472549,470.10726030121054
584.2794944143261,597.7422916943585
563.8677964470476,555.3994367624028
524.6187189122548,509.0352183180148
462.3549764618555,462.08620927932907
855.1238526305019,648.3787877526206
807.3029294437728,583.4034118788118
693.630585231437,545.5543645527578
622.8585413415191,481.9623450834219
514.0714714786966,635.5564546551827
508.04603117539824,585.9226871590013
478.1468825417848,541.9116084837809
460.4512454363179,474.57656681177957
504.3539332100116,588.90032092783
498.2365942629005,542.1450716983754
460.5035078816221,505.01245266214414
453.10520090102193,457.8401448586948
539.2630035181747,634.8256917074824
538.9591736445121,575.7281820520765
494.0468783190701,539.4064858167226
453.0898359519887,478.2703787519895
604.5650117456447,647.2977716682037
582.2515573888973,596.7586627822242
474.1508404060144,572.3611898341507
470.36307484639593,488.3950860166432
497.6407139430207,598.1817782507823
497.45831709318554,547.5924864441621
491.98994120588014,505.5751462233578
440.4613935179751,462.59074451793435
687.3039250038174,672.2299256320467
636.5563789528998,613.8146002768009
616.0569467227309,547.6661756418705
440.2990519698755,478.77995495961585
652.5423789518237,632.6858467145721
598.9655803711697,584.0688046349815
579.9244365101151,553.2079298272943
466.9259554652359,479.076036013542
749.5254643670708,632.6058734801815
582.9842726834017,575.2857434295515
572.2691823328425,539.9633070198996
475.371317540097,479.6172421862478
572.3824839989642,637.6439248449947
567.2599832537726,587.7261464594988
544.9593648872828,545.9195905210115
447.5078756284887,475.6348665484561
667.2196459071486,622.016767255116
612.0925607041158,561.906220492581
601.0785238321068,519.5741036654937
528.319509214999,469.02450118557584
551.7446645653912,654.7168900838813
520.0542634927892,582.3727296847587
464.21164970724425,536.2298299670335
448.8864072957066,482.6669709742365
545.8328204491643,597.0972870462437
531.9681442041639,555.3966491037052
491.66545020688056,506.45558419066344
473.5426782384917,461.14510072329824
588.6514000659456,603.8775057169395
561.7603783178113,558.1797537751003
472.966119527276,518.1688119254748
439.3658505881931,463.65274183710653
567.7781364529212,642.8184799740139
561.8271549138334,591.8925897636218
542.6117264100411,549.6117605962472
455.4330496358303,477.12296371154304
582.0455968504493,625.9576400380508
565.8365180204325,577.3740637601236
545.0623704781453,531.9283681684187
448.4534660173425,469.2667059303744
880.4209657324252,642.6482246239818
723.639895856916,583.6303260705434
722.9494731819235,551.7935241021464
632.392256729312,482.98162279935684
520.5013282168767,610.2418101812245
514.6631305360726,564.0111225387054
502.05473773429605,527.4566201806285
452.5480436601496,467.9013753883298
487.3007546155335,642.9799639596483
452.6130496607777,578.3377214182575
450.5819555706401,538.1446811952537
420.47223918502647,480.166674828377
886.9439863131249,635.7182782688074
642.6408561991865,577.8973467696467
628.2031712590773,546.5658198069061
463.27141934123927,479.30198928788946
536.1063956409447,625.2162133366261
519.9511170293137,577.1470049281859
510.36802665068893,543.3753680789702
438.56577751330695,475.4986827554948
544.6520790404546,654.7051832036166
541.3569862876044,585.5228437722152
470.0012086866222,545.9619036310468
421.44105516161386,488.60661057768215
842.6916860042331,650.8672011053566
796.4037391842754,584.7486445753224
699.9965012999407,546.0904912762398
618.6272937304973,482.2642615815629
630.3045302125053,634.1495772138641
574.6217391240123,569.1033352312829
552.0230867177139,524.8598999933392
455.96466391493374,472.32413360611747
562.0019991124186,598.5635644990692
551.2614191811948,556.6271265697025
475.1495220819696,510.88989950406517
466.2965617875934,463.37616383417264
499.29478078663095,661.3476327335518
447.1465610625411,585.6696774762054
446.56582682499766,536.6078903266956
418.1407471581099,482.8653738346821
588.976472965822,625.2470843815398
517.7786248379507,563.0468952537675
515.2330212052162,519.1816327540436
445.31166333695944,473.44604425617047
703.845243639987,649.9828801523264
672.0142960922122,598.7468945370281
633.5596971505722,570.3514674321923
451.3859500277666,488.5124311290046
890.6302904494659,642.0934920499791
692.9903111390408,576.0656552382673
611.9395698712516,533.422699311014
594.3445703388145,477.62689347039526
718.8566753468305,601.910874598092
694.4020862534777,559.8759758315746
607.0455847899506,513.1783864733673
596.7817564062373,464.2190882269933
642.842507531412,630.9645740768983
579.1742076049975,581.4734247510347
544.821802333994,535.1958979213782
493.9872074384884,471.3620016128824
627.8152886079606,637.1795031563847
567.169174201136,575.7415507417998
547.6231064964916,539.6682815029345
483.55558564990014,484.0703828963462
637.7903223811521,618.5383379034369
577.0704512068247,571.2640903096377
482.8559793794818,531.5722186183856
433.786258147532,469.68396996870683
753.1005291822447,637.5693801379504
717.7043943276791,580.2207181354976
595.5882682549858,549.0282673022073
471.386956858488,480.85103765806326
816.8647005799231,645.8924808297315
642.6166556645695,583.7134695757727
581.5734571327612,548.3479527380882
577.9376358918604,483.58183278690086
871.8903709476441,649.8299554779067
808.6992940453625,598.7599972692282
789.1294533825247,569.4488236192731
625.6326029029589,487.8703272901182
580.214669021434,626.695297595155
574.4152741961453,574.7642418560501
563.985055817266,541.9766976533972
457.8968754331682,479.12610619229645
543.8669080185891,633.4594315131624
524.4265770276072,584.2387352440132
521.6821745730539,530.2077905072542
455.0579206600038,470.5922759891704
680.3067441056282,658.2083194719762
636.8202661301145,602.7767992907397
494.8083296652253,538.9815456530384
447.2748230458219,474.5781549879842
645.2571534489554,654.1021631197355
598.0329385295252,591.4734300057871
561.5930909347676,560.1266392274981
486.5123406637388,486.93059245162175
575.5486722407551,658.2044620539081
563.2357159535104,582.4956368998205
552.1882003404754,527.328577694576
480.8285145314334,482.71361140906345
508.89640830644754,669.4048824931693
495.4781979481173,595.043154817344
490.9775905899715,538.6022312612131
459.0731671387516,485.6925034928701
687.3039250038174,653.6171134200663
636.5563789528998,610.85578841569
616.0569467227309,534.2135221123863
440.2990519698755,470.1385754467086
846.2989795017129,578.0551954859047
519.3340435775315,553.1747831013209
476.0801284568726,504.3935873498004
472.4757093430973,457.8353929873382
668.6561112534706,655.2603267555745
599.129168668199,577.7564583192313
582.1404886914792,536.2530318338647
489.0205461654842,486.359896972677
598.641817832653,662.4042088813002
581.2496063907054,605.5647804302804
552.9567277269363,582.6843397992961
465.736931290636,493.6625304574764
739.8655657728997,624.6965902432008
614.0837079121808,578.514680880475
544.5777363049323,538.9682035219641
519.7895359357627,475.5015596679423
673.1743843670963,697.6922909857253
601.9279607274094,655.5407561408184
498.2262426219892,548.1289047905937
375.85753466179426,471.9054489633714
561.2118046750935,646.820610012956
507.2766454987986,599.5290629414194
441.9149706845173,559.0488105406715
435.3908346214956,481.956005985583
539.2630035181747,654.9092841473201
538.9591736445121,585.3115967764129
494.0468783190701,545.2994762364418
453.0898359519887,486.5192523050244
753.174602017494,669.784291828669
666.4484480610195,629.4163010168095
639.5619718641304,542.3184560943102
590.4467392385372,471.0709373582965
701.4898062456023,622.5741138365853
617.4823858242494,555.538407540708
602.4585156754242,527.7341028000706
485.5927582626337,480.76982642600257
613.3467403349949,623.3279763355735
574.3866705839907,574.6026322759737
568.2488278768235,538.584764186085
453.97680327833547,476.3388452397899
588.976472965822,640.6578182032817
517.7786248379507,572.6094447915949
515.2330212052162,515.95039634919
445.31166333695944,476.8026314049669
627.5799880739429,652.9523969248594
601.4296172538308,602.7831204667355
472.377445675868,568.3273245887892
457.766359273481,486.66806320463866
718.8768641364126,661.218349108077
663.635620780502,585.0039432312445
582.0955673810182,548.6950213262807
464.11249093948686,489.9045246648545
528.4408345778938,674.5199531011608
432.2186386578388,589.3930789613922
422.2832313764077,523.2738707185422
418.12812245621666,484.203184113225
527.0121877424567,599.954862562924
521.0199339223939,540.2564083163261
491.99350066419214,523.56384115741
436.9867045585649,477.4349420411602
617.4932649416379,648.3271377418508
568.9349099759,607.6753008680276
457.9061712796709,530.5809985842194
444.5679197466184,468.3181307572952
563.2856424916996,621.2188393486067
562.4941978411848,572.7815812092172
521.5472156952866,535.817826415816
449.70015750909374,475.36062213451913
510.1714411665308,603.3964159116882
504.062559665145,540.9773149372998
489.361788908185,523.8959660188478
450.1084735005105,478.51438665030776
734.7944791925964,661.030591524406
547.5685472748764,587.5012123897279
541.7917029056425,544.9272220645119
410.2175269194429,487.63915262837855
705.7583074221305,650.3884525544602
685.8493858869784,609.1776802166842
633.1403617562687,532.5311095380703
520.5216649000569,469.12204730285697
577.7556677706319,636.8477442747892
535.2261037388306,585.9487336731709
534.5315618764889,552.5365682016169
460.4205357285212,481.46932750110676
584.2794944143261,582.1746650293903
563.8677964470476,551.0677828154265
524.6187189122548,507.99106478329236
462.3549764618555,461.40627309136875
487.3007546155335,665.8466861287133
452.6130496607777,590.2729168760998
450.5819555706401,539.3009458623534
420.47223918502647,486.4012468648712
837.6158926764983,643.8570756340348
763.2970831799763,601.8354216342373
644.8177243541897,529.1376191898354
550.1180683783448,468.65399357525007
656.542117151021,624.5411161438586
622.4443186404698,578.202966750837
570.1847305076353,538.8139196090542
529.5240133472662,475.50638823522206
777.938865544766,599.4696486097228
600.621012444145,551.8825984635696
542.186274381016,522.6453234380583
465.0502083970718,472.0665801784071
557.1093329501916,601.6557789869477
554.9008187929567,553.2701288629643
486.57131045858114,527.6877242516919
446.1407118983799,473.95577930675006
574.5465252401535,595.8152670698548
546.786302923824,544.2098757300812
506.62031199489616,539.2868059820626
452.6627833180645,479.76379640824854
652.5423789518237,642.8581233959363
598.9655803711697,588.9525003673584
579.9244365101151,565.0918834844969
466.9259554652359,487.20791292838794
515.2235243375959,657.6828406504641
484.0151816302753,591.088733153026
475.31235348623653,557.9818960880298
448.526131533754,489.54171154889576
702.530986930159,665.3357659895252
563.8065338640872,588.513309857625
530.0139019122432,544.8215268654509
444.08127459114854,488.6582792235131
897.5002953992779,693.0769946201988
689.701439370833,649.9550859666206
570.5760958417216,543.8311694321736
412.1720518765279,470.9934432819667
574.3081158369903,693.9389972744043
562.4919756701654,609.903387610491
545.268890057187,565.9634389375315
468.2588059440985,497.43899400540903
590.8973822687532,625.2209314294535
567.0724655929229,577.0690050673022
554.8414215204972,540.0816075314993
449.46823066679326,476.57776606797273
581.5200878205168,674.6025942156642
547.0741931027135,625.7239960526733
545.1947702736596,565.9958294776757
462.64375263671224,483.00357931091594
520.5013282168767,614.6888183201855
514.6631305360726,564.1663745007335
502.05473773429605,539.1370790304345
452.5480436601496,478.2802274713026
816.8647005799231,668.9733809220502
642.6166556645695,596.4650979219863
581.5734571327612,551.5308820078692
577.9376358918604,489.2634614886759
527.6626860286387,597.5686462821423
522.1136152796408,545.9516854226327
461.8948823953812,523.8734844806964
457.9227390710761,474.3225925753561
585.3743432379556,578.8775520582492
531.8175069306365,552.8478041970127
526.2858934549797,504.88067156547953
454.6720658071067,458.421511684237
842.6916860042331,678.9972559826698
796.4037391842754,597.2799423045146
699.9965012999407,551.4175882060995
618.6272937304973,492.1957277454377
579.4580149243694,591.1026158486748
570.3064167873396,558.054855169757
509.617360517563,515.4017589113939
474.26983647895366,464.3028139406097
856.8205559786115,681.5242514892838
783.8522772905812,600.6212210600785
713.2657186728048,550.462408915192
625.3167938440248,491.5105290623097
696.4799391387647,607.5304560830924
627.4561392058225,567.39767847885
499.458432651188,517.8136621813818
454.8502215169645,466.39647721596384
574.83850578051,590.1582673578743
571.2346514934544,558.2107818653514
550.0238995615491,514.6291130441577
468.8073440328863,463.6926873427153
704.6186162201132,691.8327954987831
651.4513226105233,644.7809742485183
636.8467915059942,571.6265385160644
543.4121991432592,483.15209212250517
680.3067441056282,639.5334590884692
636.8202661301145,598.6418193178532
494.8083296652253,528.3247194532477
447.2748230458219,468.2155788035067
615.4855524048013,665.7335161220713
588.1246044796945,619.6837373745788
498.8689134589234,559.9637987392136
458.5371911970298,480.3198915114149
602.8558096941915,630.3895342827478
537.8163313736185,590.7751275122035
529.7152287926846,529.0405090481983
497.8348305978821,468.70152877294805
683.4840680000094,571.7777437386635
588.9179303042077,550.5209119811573
520.3435647859537,499.8478836982491
409.14876372677094,455.1027317697421
570.1884409927653,583.5795656058208
545.9290263916728,550.4776388426487
471.57757643981887,508.81428155830764
470.88472749278645,462.4094390809674
576.522440376285,599.4662811134862
560.0415125668151,563.5245323404616
514.3630951435205,520.5212233717891
473.275337009688,466.7120374992446
599.9067437901979,653.6745570430741
579.622843559374,600.5125910682984
530.752631532557,535.7250179730207
446.8294265717018,465.2637568179948
702.530986930159,661.0107062012096
563.8065338640872,593.8562049289027
530.0139019122432,542.8155465520682
444.08127459114854,487.31875080095034
753.174602017494,684.739614622291
666.4484480610195,627.9908906620908
639.5619718641304,539.7599323541974
590.4467392385372,457.49231612740897
576.522440376285,590.735283483387
560.0415125668151,554.0206472613928
514.3630951435205,512.8979660811672
473.275337009688,460.97306528073705
558.5021808890314,586.1933730388171
534.152745696776,548.865374057711
474.11215856882217,505.703700445998
465.01940426241794,460.52119537806624
656.542117151021,619.9064508247757
622.4443186404698,573.9320287013462
570.1847305076353,533.4313306614998
529.5240133472662,469.96942663098275
680.4300830922333,618.8810556363755
555.0957230304715,571.7770375363095
533.9065683608693,537.1339851429117
472.8166178532291,474.8146241896622
851.2799498692817,696.9215240504053
657.5277806932569,613.7402618449061
645.3684755142648,534.2631292921035
529.5368141913551,490.46721491137873
573.7649751736172,580.6698118342002
559.8733208533798,547.0900558386387
516.5917588149247,506.7206759458343
459.338777272405,458.36181672019654
808.9820195810361,634.8014057107646
737.6270040010118,592.7569824458386
718.5840110078352,557.850935002749
587.0235374380363,469.08600585134576
606.2494056772535,635.4052696663664
578.4376667409374,592.7414177643018
488.96077135219394,566.1071574282895
475.26024521387785,473.5939902858276
679.852888414925,631.6730640083274
606.0578820118811,568.5723525989586
579.9853391014994,530.4494290724004
480.8642400701781,489.12507205883793
846.2989795017129,570.0806374037071
519.3340435775315,540.6123663699161
476.0801284568726,496.3985778499892
472.4757093430973,452.4178776084893
563.2856424916996,619.9111517088071
562.4941978411848,571.6752199628189
521.5472156952866,532.9756991878339
449.70015750909374,472.96871845503034
558.2422870681537,637.4251075606272
517.8796160593799,593.3285992968546
496.91003110273726,548.2993707489303
438.34312406435185,466.00143920023663
667.7945674230559,690.12201201556
639.4837868158477,630.2299003365672
586.0924764432956,538.6770935150931
439.68367672864383,458.95308667227533
504.37827607283606,659.9947091072884
488.5474710611747,592.9271719560859
464.6056293585397,525.6728446988341
417.20570848878344,480.2925672407649
830.1292858466161,632.4814477250794
732.266908333465,589.1663956485902
692.1433905657562,558.7378203308687
593.7696989780121,472.5253593051314
619.0827958036338,566.712523852399
604.4872891406883,534.3095497098351
577.1910730047197,493.873816530896
458.9132736009928,457.1427086565314
562.1902011710922,666.7616657586799
538.0679709738802,601.0003851042778
525.095211952674,526.9879041069138
471.46041520475393,476.17678051543817
680.7479835441547,616.6702771818949
567.5579647993288,573.2531200747667
531.7119378490902,545.1036593266319
447.83671443775125,473.7886671168059
519.36725424446,663.6597105084384
483.3465472703318,597.3096786449073
472.24069896353166,541.1663984545755
457.19397108914393,484.3273696160043
510.8983046511708,665.917352497381
474.4800886757949,598.5489490389541
451.58803496673806,538.6226391359673
431.522039623743,483.6636046192231
762.3073484528429,671.1075701083695
699.0935473429431,613.6549433237986
661.3603080097016,534.0590883460724
611.9997376903796,462.3168780736379
487.3007546155335,661.76668154269
452.6130496607777,594.7250416053902
450.5819555706401,536.8736231616932
420.47223918502647,484.2693266404321
718.8566753468305,574.0683215750595
694.4020862534777,543.3844151375191
607.0455847899506,501.06962525957294
596.7817564062373,454.52854286693946
585.3743432379556,571.14657822328
531.8175069306365,540.8951440937996
526.2858934549797,497.2235361452687
454.6720658071067,453.4523032676898
673.0800100355472,632.164547794399
614.0458037206637,586.2257521000696
553.8187322755293,559.5670274438997
466.21091669260466,477.12167699893484
630.3045302125053,665.2488548623328
574.6217391240123,590.8943497897918
552.0230867177139,536.8766186855074
455.96466391493374,493.05581753095487
623.6049869230419,641.2772174673449
590.462502049809,588.928823643069
526.0449080980346,526.4523145290152
450.2458708101062,465.57550729050945
671.8581231834347,680.7282505989236
643.7564184523649,606.0650641255376
621.0629468009321,549.0891715175497
506.3518049542334,492.00121113330346
680.3067441056282,652.7560023070729
636.8202661301145,599.4988940962979
494.8083296652253,528.333823399854
447.2748230458219,462.289268256799
575.5486722407551,659.1291038916951
563.2357159535104,590.1204605007957
552.1882003404754,528.0422515881161
480.8285145314334,484.3718248324961
780.6987926209305,586.3812616563056
642.8986551252577,543.740298455135
535.7046846205708,513.1235603538834
498.58275004623226,471.8254411340915
886.0973914997287,571.4941788484687
673.5272544822762,530.4726275527863
587.5385119329312,486.93284202780393
508.1075038061588,465.339967813651
572.3824839989642,629.5956265473355
567.2599832537726,582.5814345049291
544.9593648872828,544.61381264387
447.5078756284887,472.12006837025586
617.4932649416379,663.9988251371472
568.9349099759,608.8369243983882
457.9061712796709,530.7447069783485
444.5679197466184,460.8132350867911
564.6503779062034,617.6856172439527
562.221765439404,570.3539829508954
523.365393761723,532.7393412909329
449.5332418642992,472.60980457271853
574.3081158369903,685.3132135759674
562.4919756701654,613.812862734995
545.268890057187,560.8039445696434
468.2588059440985,490.65548492053273
673.1033773963994,621.6783083644438
602.4516648767809,574.9612313858341
588.3551751642307,533.6626608292665
520.5575255595601,470.32305753554704
540.0563718886741,614.3684833032863
497.6145714241552,573.6503031312244
481.29936025598886,518.806972490733
451.71567832169274,458.0246789015858
821.9933564063326,634.273553948013
729.9181171662959,592.1411177105023
702.8692286502011,557.5755623891519
604.4447867751416,469.34431455011526
740.6119263339035,631.4132033693368
554.1582209989137,572.9507478250907
535.9343041207514,533.1583229152915
458.84806274078306,483.8172245228442
557.1093329501916,594.5336225470235
554.9008187929567,550.7849368933604
486.57131045858114,524.0781043744843
446.1407118983799,474.57887200102687
586.826733870532,618.3876870367809
558.5088216848934,573.9132981602287
534.5227198449309,534.3883975876028
461.4655668837807,469.0295140284272
570.1884409927653,576.1780170290089
545.9290263916728,541.7071224245265
471.57757643981887,502.7201350733056
470.88472749278645,459.8797730025561
871.8903709476441,634.0747777032802
808.6992940453625,591.6305165490123
789.1294533825247,558.1170290860852
625.6326029029589,470.1483249353169
816.8647005799231,657.5274795072083
642.6166556645695,595.5981476711092
581.5734571327612,544.5658728921326
577.9376358918604,482.2462307595777
887.3754949123627,657.249654278476
667.0744830979241,594.2711756307291
607.7772076526338,551.065825356636
592.425483552561,486.7070489263266
768.8995068104871,640.675200205584
609.8527150971846,599.0974138152919
570.5677359592181,561.963272643414
552.0152616569843,467.45254140786426
492.34848299947487,609.2247206174892
490.1861035177276,566.0581014724879
461.0671408438447,535.4794362059581
433.9821062432427,472.1605688291829
696.7534509928574,623.957293259778
617.953970435682,577.0929098766553
586.9941937714807,533.8566949549568
520.0029818847727,469.53717595702346
585.7394020133004,637.3059503241153
550.3632709993229,582.437368680186
517.5891078367027,543.1836858714412
448.2195600461519,480.46130349278087
890.6302904494659,667.8562817705096
692.9903111390408,596.081693522418
611.9395698712516,537.3987000373511
594.3445703388145,488.4915893812145
527.0121877424567,597.2390884518607
521.0199339223939,544.279793549164
491.99350066419214,523.3199836204528
436.9867045585649,485.03379047420765
676.8394403543999,651.4406780607244
629.3607458874646,606.9780529654176
614.3525646559199,570.1764082274696
481.6278212224103,487.26216728627645
856.8205559786115,663.5948663346979
783.8522772905812,595.9617434189234
713.2657186728048,541.558139212661
625.3167938440248,483.8674598850966
579.5766879867067,659.0307306000809
514.568213188165,597.1185848477808
503.4052784630531,546.3528611062042
479.76497042240504,484.236438393921
561.3788649431702,594.1057843170238
541.2751165108117,549.2172407013636
474.0762947000208,509.17567568878906
470.9380710949574,465.820659614677
489.662931386531,626.9269249793199
466.9335638682227,573.250283749884
458.8671942678071,537.5099087337611
457.65177620109154,483.3667108524098
703.0574020296224,626.9150577580789
580.9031557113021,580.7395061517312
541.6768565091862,546.7300004555649
484.1221023256675,482.1283002095501
606.2494056772535,652.5798054758178
578.4376667409374,609.4132691576957
488.96077135219394,578.4602624728918
475.26024521387785,492.41333966535893
588.976472965822,630.3552240732853
517.7786248379507,565.6101657598207
515.2330212052162,509.36938925250286
445.31166333695944,471.72567679182066
698.7827201066591,647.669733359265
686.5595905806545,603.7716906928987
614.797560251236,568.0170914852455
450.8886448973554,487.0161147278474
618.195107495944,654.3071865173767
588.2131356102992,595.5417409819665
514.4387101205367,529.6242872422661
456.5515428264905,463.92226786096313
615.4855524048013,672.8059664069237
588.1246044796945,618.9901958844204
498.8689134589234,554.8907126887423
458.5371911970298,471.0435032581021
680.7479835441547,630.4824110633834
567.5579647993288,584.3408893009383
531.7119378490902,553.291072075778
447.83671443775125,485.846333900198
687.3039250038174,672.8753356749738
636.5563789528998,610.8241100537547
616.0569467227309,531.4683267922186
440.2990519698755,458.81976998821267
575.6112770814393,602.8418752855389
567.686595595164,560.458108981488
497.41736818055807,515.0040177133484
468.0385960630664,463.3603271423965
551.7446645653912,663.7317089053487
520.0542634927892,588.9934127769924
464.21164970724425,520.8343447763951
448.8864072957066,475.03078543597536
672.1381166805804,657.9652911797887
655.1758286712538,595.0529034716881
435.9472710660316,514.7364101991698
421.1182565604609,453.1512012220618
578.7229577351712,651.0692421269872
517.3271771088082,590.8599055829867
487.00860013679886,517.6382988899979
476.2509659227542,456.6608593283302
756.8871065276188,655.8344464861648
593.6332318004021,602.6484017584186
576.3863476427989,563.5689340365745
432.9465330789165,490.4370921866508
563.2856424916996,628.7892202163948
562.4941978411848,576.2198933852115
521.5472156952866,534.8901012615372
449.70015750909374,475.9681320848472
577.9110993685471,616.9090499300272
568.4841471810776,568.9441244213041
558.335733396071,545.0375217260763
454.5949914887845,487.89546441638976
613.3467403349949,630.1520957586741
574.3866705839907,578.0740132235059
568.2488278768235,537.4532168906558
453.97680327833547,476.90742067040236
830.1292858466161,648.2936074037352
732.266908333465,603.5750162697047
692.1433905657562,569.5210431447782
593.7696989780121,488.79879622016955
701.4898062456023,615.8973647223944
617.4823858242494,557.0430529061168
602.4585156754242,525.1470154343374
485.5927582626337,483.8549675746821
696.4799391387647,622.762391406523
627.4561392058225,569.2851989634219
499.458432651188,517.9147230643661
454.8502215169645,465.57368367913784
534.6481660855585,584.3996325922844
518.4679246313269,539.1507619701619
487.7313165056417,498.90254166892214
476.14883685981425,462.559145685951
536.1063956409447,628.0946017298957
519.9511170293137,581.6368944475863
510.36802665068893,549.4319573103278
438.56577751330695,483.7666586407114
510.1714411665308,599.1452844122581
504.062559665145,544.7416980735841
489.361788908185,523.2802629235457
450.1084735005105,485.7716365256874
612.656186770732,675.1243936396273
569.5468887178597,612.0737711174645
563.555621855562,530.160971373165
528.9306849568111,457.43756885266146
497.6407139430207,602.0817278436767
497.45831709318554,547.1921144191031
491.98994120588014,508.5790781799686
440.4613935179751,473.4674212039216
677.5111501863419,637.5311289138069
572.2867929089758,589.8985471828241
553.126563660848,549.0538616883023
461.33128038202415,479.059909442586
880.4209657324252,649.8550613627897
723.639895856916,592.7668208441083
722.9494731819235,552.4708233687205
632.392256729312,488.2965720242355
541.0646069213947,655.1848039140767
535.491750516534,600.967875041547
487.4922070220345,565.8047651850112
433.0962101744829,493.5136846545447
747.8713425682434,654.2803498384695
603.1552420896735,589.9790778008271
595.564757016147,543.5456813894444
485.2427962802294,486.3427231464198
514.0714714786966,637.6202538155757
508.04603117539824,587.491879624226
478.1468825417848,542.9001950489218
460.4512454363179,475.95257174540365
702.530986930159,650.4931146329225
563.8065338640872,585.5875581887772
530.0139019122432,537.6525065421022
444.08127459114854,484.01351935911373
628.3419593131739,641.2533070166347
586.2749066373407,583.5498001905613
543.221784849254,518.1947064683948
446.7457013652693,459.95393609951225
578.1348301689227,676.3572388423099
557.3629908126866,629.5686506318025
547.806739631287,577.5829331107068
481.1148231652136,482.01652634616204
897.7859053342904,650.3214087069246
703.6850127063283,582.6899443526929
628.7890620664117,531.2943588217705
617.50121530202,481.8001995866574
734.7944791925964,646.8484334910343
547.5685472748764,584.4120245887208
541.7917029056425,537.9315041546388
410.2175269194429,483.5192137244686
561.3094979686601,649.5893213865205
519.1385951960168,603.4413495572772
453.84358433230335,556.7165042250323
444.42767951170913,477.81618268760565
673.792897264189,605.6242491610145
599.67926577825,553.1400215488629
579.9439977673546,525.3961518025824
481.42426099656416,482.2030606991837
617.4932649416379,668.8542588713614
568.9349099759,607.5221863922797
457.9061712796709,528.2057876072273
444.5679197466184,457.39551099461056
753.174602017494,689.8998659130455
666.4484480610195,627.5885147166235
639.5619718641304,538.0498941905371
590.4467392385372,455.63747701782887
582.0455968504493,629.7504490555233
565.8365180204325,578.1912013205537
545.0623704781453,537.3286718015876
448.4534660173425,476.57758252357735
529.8512444414915,657.4966201590887
514.5006938092062,591.927619312901
485.17371169383694,525.0047119843913
468.92217672210353,473.1291714385755
557.1093329501916,605.6621393493367
554.9008187929567,556.6781768512298
486.57131045858114,527.5380119276325
446.1407118983799,479.0001308687223
651.9904231605137,642.4048342039125
626.0263938267012,584.5000209797654
485.383247950352,515.6939239457995
465.4658220536958,457.3578318878137
783.9978111062393,648.9814534288599
645.949655038992,591.5402501472386
616.7397475313217,546.6717645467464
477.71158091102063,484.57865411256176
544.0097046304677,618.6877716078088
525.0187914938344,570.9991530987941
521.1114652109535,538.946000347212
446.1343339094556,480.7251507700246
575.0947767245403,645.8707153538073
540.7174152913079,598.9631779652543
515.3790723388717,556.8496976036065
465.6513964501861,480.61021405867956
508.89640830644754,653.112235444137
495.4781979481173,587.7087219561251
490.9775905899715,529.6297013965171
459.0731671387516,477.6940424860298
886.0973914997287,580.6251222315268
673.5272544822762,529.5136309510722
587.5385119329312,488.2140829956106
508.1075038061588,464.3090819359843
673.1033773963994,632.3155349774814
602.4516648767809,580.8536059453332
588.3551751642307,536.9272438549067
520.5575255595601,474.95098601391885
575.0947767245403,647.2778250445659
540.7174152913079,595.8368580793258
515.3790723388717,556.0812871392367
465.6513964501861,480.0125290612677
576.522440376285,611.4103737571297
560.0415125668151,563.234518737446
514.3630951435205,519.0412698692494
473.275337009688,464.0945955267221
740.6119263339035,627.5402946835893
554.1582209989137,570.5990560688163
535.9343041207514,535.3762993295983
458.84806274078306,480.69151032839244
815.4286371353267,643.9879410265452
656.9049422633925,583.6032829985677
605.3092397437212,542.8739841616398
580.3870997222236,487.2752294531616
677.5111501863419,637.8907190172476
572.2867929089758,587.2412692788753
553.126563660848,547.157957363753
461.33128038202415,476.4508374542592
588.6514000659456,605.3484045999023
561.7603783178113,556.1438589802652
472.966119527276,521.688194457986
439.3658505881931,467.2045578964546
883.9137013393809,656.0942779228618
670.2198203880475,593.4039358651805
628.251506204233,549.72337549608
607.0226160146337,492.4137450372192
575.0041270578758,608.3350497744588
563.3507622177636,561.368094198677
516.0369192880318,515.4505277019733
458.9244135246659,460.81725337957363
521.0028349635531,670.1372437481485
492.8694151072838,603.4586309101707
485.92581181990687,555.1950311850477
477.4816921343061,496.70437588250707
529.8512444414915,669.2179875109836
514.5006938092062,602.6646092779929
485.17371169383694,555.0683138666308
468.92217672210353,496.39123308413645
528.4408345778938,661.1429885297626
432.2186386578388,595.1279318910363
422.2832313764077,541.0709022273836
418.12812245621666,493.7139873824421
491.2320484562486,626.9456123293477
471.94500360542247,568.2495674166288
459.9210087067679,527.6217643483319
431.5703119089766,481.3329498561567
499.29478078663095,674.4457793258385
447.1465610625411,606.4812136051578
446.56582682499766,550.7117368822499
418.1407471581099,499.1319665228006
427.6756646341503,676.9829585285506
425.6165161082352,610.0819545719185
413.64894468625374,560.3912423933133
394.66014909392055,500.31514955539586
783.9978111062393,652.8951663471424
645.949655038992,593.0694733885267
616.7397475313217,557.131843445535
477.71158091102063,490.14651039143325
708.7800443095302,668.2590219382355
627.8540466640111,602.1219178272275
572.7192027726784,552.2296152167049
546.9059522732556,496.27430858885145
792.9176014986932,721.6277722811377
720.0630712831514,668.3216090643534
392.46014294309293,580.3566612879373
289.52337896433556,490.8897442743478
618.195107495944,649.8911140782802
588.2131356102992,600.4876527837235
514.4387101205367,535.1457844981976
456.5515428264905,472.6672313488886
744.441471555693,651.8963626167399
615.8720804215559,592.0878889287751
607.6991433081654,556.4862720612442
480.3563608398537,490.2535365118835
563.4933817289186,599.0731497591096
544.7038445041295,552.625452227298
515.5925864416441,507.0380983141195
458.1901985568487,457.8122032863453
561.3549338206711,601.8363154180247
539.5171489714845,555.2825573275281
513.5404354169157,509.0455979228449
458.7352007178072,458.61513525585747
593.160646298201,681.6575845632186
558.0347101243617,627.979964322292
539.7606634878863,583.6708291781317
444.9103924964266,491.6965430839521
544.6520790404546,669.4723711512781
541.3569862876044,602.9076553439032
470.0012086866222,554.8256145479716
421.44105516161386,496.42183245522483
510.1714411665308,593.7305116681737
504.062559665145,541.9127346095541
489.361788908185,514.9739332940928
450.1084735005105,468.7558081449334
520.7716623631878,618.1014519995798
491.4657762841836,569.16962090684
459.1061029507962,527.1799546887285
432.327197044576,468.3222581771325
577.7556677706319,635.824067435146
535.2261037388306,585.773770975629
534.5315618764889,545.1869615491693
460.4205357285212,475.90232603909396
890.6302904494659,652.3302767902184
692.9903111390408,589.7620636320999
611.9395698712516,545.2037323340071
594.3445703388145,490.7977472945382
558.3184920438251,597.6766741680422
538.9330996587646,551.0021546033062
495.65806695221414,506.66777788257406
458.4502207907911,457.9949686734659
520.9625049252976,600.3000760356723
495.55159589650657,553.9548168499612
476.2101986300317,507.16925913088556
455.947918114199,457.6587809472995
564.6503779062034,622.845656154945
562.221765439404,574.1250077616944
523.365393761723,530.2011901429196
449.5332418642992,469.8512747563858
798.7184937609263,674.3294395263944
648.7422563133529,606.4722060300606
600.0438982352738,552.8198400968038
491.39686943231214,498.91469788066485
830.1292858466161,651.8224281573947
732.266908333465,597.9191488097971
692.1433905657562,568.2264967202425
593.7696989780121,486.2368491364361
568.7176027949133,605.918624690768
549.059168386686,558.6820575562214
509.63069908218574,514.5377277028451
462.3016362354688,460.88899975207386
851.2799498692817,671.8227933826633
657.5277806932569,604.1777930309963
645.3684755142648,548.6243045222698
529.5368141913551,498.03067614602145
637.7903223811521,620.0716206209426
577.0704512068247,570.3030776067774
482.8559793794818,533.3969134771307
433.786258147532,471.4326960093027
671.8581231834347,662.3608526569734
643.7564184523649,598.9526850912421
621.0629468009321,555.9753687958412
506.3518049542334,495.4845502344599
596.2905675905635,642.5957128988756
551.6301017650296,591.0256529867369
532.3922616410109,557.5693025335613
469.7482625469141,480.75111532315435
727.5555322066733,654.226131749304
691.9425182055923,592.9854311670441
621.1149307573604,555.6067261277799
488.7959546557436,492.40996257930874
741.7765600746402,651.5449928245135
710.094898827844,587.5184542031895
332.24320577171915,537.5532454074427
324.1278888269732,489.54894108135466
718.8566753468305,601.8665411195814
694.4020862534777,555.3099688894548
607.0455847899506,509.4938955504442
596.7817564062373,458.6118873967789
546.5412607481817,668.2966466041281
527.7291200234451,601.7452511690434
490.5235888006426,553.2385116983229
461.93768459841544,495.9533805537993
505.7377145716787,726.5361118429494
497.19856329910266,672.7715338978327
444.3938252338676,576.7363876627394
426.6980255518923,491.274323008131
883.4891497336907,672.006759715252
688.3234597943687,605.1633307968767
464.7465696015242,557.1505799147228
432.7524403852291,497.58052740789356
543.8669080185891,631.7821099362758
524.4265770276072,583.7026668608532
521.6821745730539,526.7098403300134
455.0579206600038,467.3474780157131
602.8558096941915,644.3310214220821
537.8163313736185,595.5685250870786
529.7152287926846,532.5138727503326
497.8348305978821,470.5179131307329
655.3756203496673,647.2472236156909
622.5483330307354,588.331881687743
545.5066529648574,556.5937153084
483.32506375321367,489.5561475847485
606.2494056772535,656.1525799370487
578.4376667409374,602.0684495227881
488.96077135219394,575.5847736988034
475.26024521387785,488.7070498621437
569.3827592760473,658.3056468497026
528.8292663406135,595.9641447342548
464.0409262466788,554.7373297265112
446.0146275626546,492.7240640480829
664.6014143673349,666.1534567795067
619.3985689213596,602.3520592168209
518.9311182718285,559.0466339907662
476.479471533738,496.45874189350144
700.627275495785,622.6595807535583
595.4174258764446,570.4964643202978
533.6610553738483,540.7121891102122
467.97946618439687,476.0523618693959
747.8713425682434,654.3797262243612
603.1552420896735,593.0341398101006
595.564757016147,554.802965201759
485.2427962802294,492.18242981580306
489.662931386531,627.9519677234093
466.9335638682227,572.5621281017748
458.8671942678071,539.6296228827362
457.65177620109154,479.68355491379987
696.4799391387647,619.30698596013
627.4561392058225,571.8063309735244
499.458432651188,517.4020690742772
454.8502215169645,464.2772629200435
567.4867090590797,644.7349988696894
565.9883438292702,594.2899510851415
558.1085340311523,548.336440913497
448.4493169352268,477.51502903278555
886.0973914997287,577.6142982537945
673.5272544822762,526.9676724597991
587.5385119329312,479.78291006434586
508.1075038061588,462.18522019063306
677.5111501863419,631.755736041204
572.2867929089758,587.2542975563701
553.126563660848,550.5333689356399
461.33128038202415,479.2718983405119
646.3008640255122,668.0116923118394
593.678713886837,622.006629585473
506.6119749289346,565.7875834755813
471.4044169920629,481.7637918357541
883.9137013393809,672.3271390474104
670.2198203880475,591.874644722441
628.251506204233,539.2390333897745
607.0226160146337,482.4976479979593
557.1093329501916,597.6335351669514
554.9008187929567,551.265981046187
486.57131045858114,521.8769700000689
446.1407118983799,467.218003355867
563.4933817289186,581.7510753990763
544.7038445041295,548.2977153917508
515.5925864416441,502.92784389465754
458.1901985568487,463.41626327443026
718.8768641364126,656.848494613171
663.635620780502,584.0096524101535
582.0955673810182,543.8699655236456
464.11249093948686,482.68153478703357
590.6684906664534,571.0728390859049
586.0675981142068,536.583482705044
546.5309024521912,492.18010664357405
461.8743270428282,458.9826098514732
830.1292858466161,645.9579900500398
732.266908333465,598.4137829467489
692.1433905657562,570.7206093065556
593.7696989780121,491.3803406175094
683.4840680000094,574.5627321295137
588.9179303042077,545.9061488599383
520.3435647859537,496.290495742081
409.14876372677094,460.64391557909113
673.1033773963994,626.022783451895
602.4516648767809,579.922831033362
588.3551751642307,538.5368040881568
520.5575255595601,471.70049030418704
830.7247157185855,681.5725892991899
757.700100136476,600.2630233961083
690.5728477532277,547.2464178317798
600.9108578215097,486.30170398011927
676.8394403543999,648.6638758455397
629.3607458874646,602.4943081658955
614.3525646559199,572.4794893837059
481.6278212224103,491.68333973298616
695.983310594185,654.339561328637
651.6939612965455,607.5688007949269
631.165102778726,572.7775954074309
593.8126480565809,487.1798492830567
562.1902011710922,675.8451437649516
538.0679709738802,597.1238509587956
525.095211952674,529.4240517223911
471.46041520475393,488.6270148156419
822.47233546907,657.0358431018301
640.0302252460112,609.167651155165
480.5840589229429,530.2216502144076
469.66696091199265,461.5387588005126
696.4799391387647,614.4841427707371
627.4561392058225,570.7146470586482
499.458432651188,519.7895278048687
454.8502215169645,462.8778941466689
727.5555322066733,667.646724051861
691.9425182055923,592.0466023278279
621.1149307573604,548.8350146254287
488.7959546557436,485.35359451623253
723.4895969127055,649.1512791818416
647.1522013159661,602.1454017473176
615.9083787428791,541.4719249950823
573.9080736333348,469.6272824638163
522.9689765969911,688.8797060378704
492.88653012164735,599.2180531691946
460.18378981307853,538.5069628540443
455.26681037314086,482.13834360257783
492.34848299947487,616.1567423476794
490.1861035177276,570.4977932302968
461.0671408438447,539.2595825299019
433.9821062432427,475.3328317994359
546.5412607481817,676.9174320247547
527.7291200234451,597.8677324273154
490.5235888006426,530.1551841994458
461.93768459841544,488.7720559220666
552.095930595623,585.0844283939897
523.1206482874868,552.5609404541289
498.4763277941449,506.49996592427163
460.91392179291466,465.01922611186666
580.214669021434,627.7987065923442
574.4152741961453,575.8974386492118
563.985055817266,537.420264983312
457.8968754331682,483.4029394618421
810.9142535647107,643.301610192327
696.6767437590739,581.2335094865407
675.2113039371985,544.1943029336577
587.6273972043278,484.1583495797377
627.8152886079606,649.3871499844407
567.169174201136,582.9125249670103
547.6231064964916,525.5089889497413
483.55558564990014,486.5150311736002
807.2637375769092,652.612779546541
660.4987789000014,607.8094544124015
614.3881041443576,577.25341500516
458.0317942493817,494.17635854060654
598.641817832653,647.3698283614408
581.2496063907054,599.632316498695
552.9567277269363,576.8295614031796
465.736931290636,493.1165290149958
505.7377145716787,732.3422161108194
497.19856329910266,679.8255631718275
444.3938252338676,581.7994074622843
426.6980255518923,480.93169242036396
680.3067441056282,654.2520210656302
636.8202661301145,607.4843134437708
494.8083296652253,538.4266843515904
447.2748230458219,467.0087554831738
615.4855524048013,670.1675857755072
588.1246044796945,623.8720916553749
498.8689134589234,566.8065863294166
458.5371911970298,481.9598583282834
801.2653781072617,647.5661588976599
731.3363564023596,601.7889618782842
716.0470201082765,570.6495678253343
586.8406411222211,491.30961607326134
690.5706497394297,570.9959952783215
523.0915200206745,542.6201693775614
514.9557170623666,494.3340969467608
439.6166473876625,460.52176877272416
575.0041270578758,589.9306704132681
563.3507622177636,557.6496553633798
516.0369192880318,511.61156688772127
458.9244135246659,467.32631094594296
527.6626860286387,592.3230185770332
522.1136152796408,542.9464499798552
461.8948823953812,516.1069921859439
457.9227390710761,466.4887506797005
645.2571534489554,675.2874523136409
598.0329385295252,603.0329350830505
561.5930909347676,564.4016861929679
486.5123406637388,492.0388340179095
538.6835163653345,647.5516993327118
520.2622832276276,600.77330962118
512.2306759356334,567.415797842895
449.6579066436104,484.05784232925816
504.37827607283606,664.7222783651896
488.5474710611747,586.6319261100087
464.6056293585397,524.1332723819779
417.20570848878344,482.21953379674295
752.3610982988511,713.6903335418405
614.3920808456768,663.9534659115211
574.5108091644089,588.6137201122594
436.0444400351601,487.78169440487
618.8671914088792,671.068030726792
564.1363784954237,594.603076410288
476.1755096212767,542.032428011836
451.7991712883813,485.5874769551673
703.845243639987,648.613400982636
672.0142960922122,602.3399387164682
633.5596971505722,572.135965363129
451.3859500277666,492.31704762632273
753.1005291822447,651.9622335555174
717.7043943276791,586.8685768282891
595.5882682549858,553.3600664419599
471.386956858488,486.8628762980689
510.8983046511708,670.3473331475337
474.4800886757949,593.5343881554568
451.58803496673806,538.6849724606875
431.522039623743,485.0284683198013
792.9176014986932,721.146902777114
720.0630712831514,674.5763057029158
392.46014294309293,584.5391386169014
289.52337896433556,485.13593752535917
617.8885202787397,602.7180009440616
582.2590726071375,547.9996450748121
525.2228710201773,507.4764088130842
474.0915867474108,469.31923185057764
575.5486722407551,660.7281377980062
563.2357159535104,582.107873031146
552.1882003404754,524.0389380809273
480.8285145314334,478.94700249046156
819.3001048406257,737.2660625478146
633.9965261620346,683.2291620185047
629.7871010364094,583.5734660313763
487.48787786924026,481.1638324683269
671.8581231834347,680.9691951171665
643.7564184523649,598.1802568459387
621.0629468009321,546.8630127180368
506.3518049542334,484.7943089452487
623.4231553280721,624.3160181702636
569.1829565819573,575.72323111217
556.6905740776033,548.9633258774438
505.4921251375621,481.24651691175
680.7479835441547,626.7336332798764
567.5579647993288,578.6825116262096
531.7119378490902,551.2437267579922
447.83671443775125,483.10805098343076
753.174602017494,688.6163011613306
666.4484480610195,641.0212554135559
639.5619718641304,558.1988475699445
590.4467392385372,473.956297009673
673.0800100355472,644.6892523484482
614.0458037206637,592.6147740961753
553.8187322755293,568.6391714902921
466.21091669260466,492.03597977693363
520.7716623631878,611.2162817145916
491.4657762841836,567.5749789160332
459.1061029507962,528.8301627547613
432.327197044576,470.25714783775766
558.5021808890314,592.0418567974003
534.152745696776,553.7731192652916
474.11215856882217,507.57290849080096
465.01940426241794,462.62005052955595
797.2464124719116,647.3929739452047
626.3495502176121,586.6338717738431
590.7949413092078,552.0179346581278
468.8188247721748,487.8532179783618
633.7378824024624,635.6529944051781
539.8244226081974,586.9746874406187
535.1941030202516,545.001635339555
459.2618719271435,475.8640244049169
598.641817832653,655.972871236041
581.2496063907054,604.3887570081373
552.9567277269363,568.4983918101193
465.736931290636,487.7456336063125
656.1290436899292,658.5980000011957
647.2583854153044,609.5123516112965
627.4196766298201,566.4166608155824
479.0964321215763,484.43015454835415
673.9644263075822,622.7058911992056
571.4607675281819,573.6509415593558
527.8911497559075,538.4774948534858
452.4317897353498,476.82889115910007
680.3067441056282,646.1133478448752
636.8202661301145,594.2552126987331
494.8083296652253,535.7222456119233
447.2748230458219,467.6208544505356
568.7176027949133,593.7906024102754
549.059168386686,555.5348188916628
509.63069908218574,515.1220328099464
462.3016362354688,464.7774859899133
558.3184920438251,586.2497086045763
538.9330996587646,547.8128834004901
495.65806695221414,508.5148009769349
458.4502207907911,462.62777503550257
578.0479131695089,628.8369278859698
568.0746795694313,578.1064828004346
557.6167432768373,536.3903245367568
455.8510265242718,471.8020079375269
588.6514000659456,607.260384134749
561.7603783178113,558.6298473202264
472.966119527276,524.8750804108628
439.3658505881931,471.2170157180101
527.0121877424567,599.1556325433853
521.0199339223939,545.0986011683201
491.99350066419214,518.0905633074851
436.9867045585649,473.09026633399264
574.83850578051,594.19506273521
571.2346514934544,554.2800326549669
550.0238995615491,514.6798673630959
468.8073440328863,465.3159864084895
856.8205559786115,665.2504093269713
783.8522772905812,590.6050907741406
713.2657186728048,549.9149289575925
625.3167938440248,492.941542573675
538.6835163653345,652.8123748740298
520.2622832276276,601.5589190003768
512.2306759356334,559.5669971433065
449.6579066436104,480.8700795385546
821.9933564063326,654.6198085310594
729.9181171662959,604.5097673087308
702.8692286502011,564.5416584561242
604.4447867751416,485.411793502647
569.3827592760473,656.1839479759633
528.8292663406135,585.7369404349078
464.0409262466788,546.0819040031375
446.0146275626546,490.803113895392
627.9630793633385,651.8597008607749
607.493175679875,587.0732358552741
515.7313691816903,549.7604407795075
460.5975915677214,489.5467285241652
544.6520790404546,656.8040638424167
541.3569862876044,583.7479917361592
470.0012086866222,540.1858486887472
421.44105516161386,493.326103407492
796.163262730047,702.1700448297349
749.6397817134945,644.1956968887009
735.212910397333,576.0893223567537
713.8649404744775,481.6007160318499
630.3045302125053,646.9814431511905
574.6217391240123,571.6827539765253
552.0230867177139,533.899442395995
455.96466391493374,486.8029033718231
531.1618701728952,662.4409098068919
512.4795727152284,599.9487961880014
461.3750527457096,562.9271887028555
439.08770624317685,492.66428021036563
549.406492244949,651.2616973139258
531.9554739762056,582.2561537974971
485.5843743791828,545.3732584869732
465.6973728759831,488.9705342064359
529.8512444414915,656.292909047139
514.5006938092062,583.6358855153982
485.17371169383694,540.2848493775957
468.92217672210353,493.40182304405965
510.1714411665308,601.4203215412342
504.062559665145,545.3979093933427
489.361788908185,518.6269964101475
450.1084735005105,474.3652993152359
744.441471555693,652.5630132152174
615.8720804215559,586.9882634453832
607.6991433081654,549.8618224951007
480.3563608398537,489.47852596658186
579.4580149243694,595.2770089797234
570.3064167873396,554.7558333351518
509.617360517563,515.2879055571312
474.26983647895366,465.45490763578084
581.0444280615988,652.8301578397893
573.2772425885129,600.7495714957452
573.2354095794708,555.4734305518767
451.3089575089877,478.51840283551445
683.664875887254,592.5744763773047
523.737727801765,553.8855284350624
483.8237270248905,514.1995906621454
476.76037337304007,465.013214067746
719.623737979524,652.0622915836577
716.7012037495248,581.0891106998399
641.1897872578048,538.1955945465468
539.265173593385,492.3793346242711
617.8885202787397,601.6412616177594
582.2590726071375,548.4564914801543
525.2228710201773,514.8796642296276
474.0915867474108,473.56333394567577
830.1292858466161,652.692777772708
732.266908333465,601.3936044334285
692.1433905657562,563.951230566188
593.7696989780121,486.2622179332451
868.5557318269211,651.7691438665224
691.3860249854216,577.609162608664
624.5338006506784,537.9802779457926
601.6365774605574,488.7574748196072
575.0947767245403,645.5757133188429
540.7174152913079,596.4938601350253
515.3790723388717,554.1503893552459
465.6513964501861,479.46859748704696
756.8871065276188,661.3310819938091
593.6332318004021,599.1579192760657
576.3863476427989,562.6858753836403
432.9465330789165,492.52979569217524
543.8669080185891,623.2704664144005
524.4265770276072,577.3847670521683
521.6821745730539,528.078229171025
455.0579206600038,466.7730957858673
561.3094979686601,648.1618575778821
519.1385951960168,600.2364901840236
453.84358433230335,555.4441822099069
444.42767951170913,479.3427922174978
562.0019991124186,586.77603583001
551.2614191811948,548.7261044304327
475.1495220819696,509.27042125539776
466.2965617875934,463.0297292254733
637.7903223811521,621.0130901456764
577.0704512068247,572.1974102459943
482.8559793794818,535.1087894482325
433.786258147532,473.75070996636066
762.3073484528429,660.2623373134122
699.0935473429431,605.5441557277746
661.3603080097016,542.2631394078836
611.9997376903796,469.24654515508576
672.1381166805804,641.8017110092877
655.1758286712538,589.6450344080192
435.9472710660316,527.350618437199
421.1182565604609,463.4616033932348
696.7534509928574,630.3711816056378
617.953970435682,580.8299069786852
586.9941937714807,537.0381990338103
520.0029818847727,472.1265979925605
590.8973822687532,628.3945261230543
567.0724655929229,578.6114034704121
554.8414215204972,536.9175174575524
449.46823066679326,472.2470553313543
630.3282482897991,624.9230512433261
605.5789177029181,575.9969123390701
556.1921797987364,534.514058861631
521.7514128822139,471.8570565783692
641.3195689295559,681.1688551408455
575.4967663617504,625.0973366605932
502.51975971203007,554.1648396168792
438.0595759547538,472.0849135599468
792.9176014986932,704.9591805323286
720.0630712831514,649.1944747381656
392.46014294309293,573.4588270856115
289.52337896433556,478.1341120392185
670.0596517449959,626.9480666292943
612.7939587726802,578.1456098847191
588.7457955390164,535.5873022165334
524.9986463351058,471.761361715546
623.6049869230419,636.4600667369195
590.462502049809,585.0554432549202
526.0449080980346,531.3791730818524
450.2458708101062,467.156902905237
652.678573908941,652.334233341041
629.7985921685502,601.8642273196317
622.2284063047605,563.0933080822787
473.93713311076897,485.5481141433125
702.530986930159,652.140071384848
563.8065338640872,581.4448181592336
530.0139019122432,543.410304950377
444.08127459114854,488.96204144248003
780.6987926209305,594.3285151855729
642.8986551252577,547.4585803873897
535.7046846205708,513.5148000129058
498.58275004623226,467.09588588933485
810.2016234377421,648.0766920581318
743.825298279839,596.5581846934085
656.114776468272,537.5762680451513
605.537227430502,468.1892240415715
628.3419593131739,629.2208873951877
586.2749066373407,579.7186403412777
543.221784849254,525.6557712284178
446.7457013652693,464.6737988614712
603.5039701358446,635.7283124982981
586.4351074264267,575.463622217744
472.96665959401713,538.7478910772177
418.9705038722263,484.8939661047389
677.5111501863419,636.4244458176942
572.2867929089758,587.8143500377704
553.126563660848,546.5584821535527
461.33128038202415,476.7873595843416
546.5412607481817,661.3700927663327
527.7291200234451,579.8635376563712
490.5235888006426,519.176016697515
461.93768459841544,467.31818710174826
897.7859053342904,651.5109189099078
703.6850127063283,579.6616037002209
628.7890620664117,532.2084123865843
617.50121530202,475.94467894384076
696.7534509928574,635.7409774690901
617.953970435682,585.3772032748195
586.9941937714807,538.3522382008858
520.0029818847727,472.9086710940943
883.4891497336907,665.5373687943933
688.3234597943687,583.9488381740864
464.7465696015242,523.6036144206352
432.7524403852291,468.56655798507575
637.7903223811521,622.4872433640235
577.0704512068247,575.0892922817759
482.8559793794818,539.803793653539
433.786258147532,477.7415568839739
816.8647005799231,655.5005802641541
642.6166556645695,587.6115140077375
581.5734571327612,543.3807967177096
577.9376358918604,478.4627015260355
704.6186162201132,706.4302297195693
651.4513226105233,644.3730465463271
636.8467915059942,566.5074795957289
543.4121991432592,467.81801993012624
719.1399891208458,650.1936599759589
696.6552261516447,594.7333648038298
691.4477200859143,528.2180429365027
508.9342663970776,462.8604804862884
748.8183849762993,601.2518040028045
695.4413182313432,555.118914748532
641.6897079914676,505.3123994030052
513.423598472593,461.694926594266
593.160646298201,686.6225171896388
558.0347101243617,633.3904346835665
539.7606634878863,584.0929835742411
444.9103924964266,482.7605835074169
739.8655657728997,632.2748858908259
614.0837079121808,582.9564505899091
544.5777363049323,538.4155926530334
519.7895359357627,473.7737310663924
719.623737979524,657.928334915999
716.7012037495248,578.0697252794497
641.1897872578048,518.8145317731401
539.265173593385,467.28374427495487
579.5766879867067,662.4167301527212
514.568213188165,592.6721650643487
503.4052784630531,546.632936164739
479.76497042240504,478.81384981058113
562.1902011710922,660.4622959232756
538.0679709738802,579.0993551944625
525.095211952674,518.4979944619707
471.46041520475393,467.1344302930894
755.5277184310702,666.2511827878624
679.4799846748333,584.068908769482
613.9243432197584,523.9685351836634
579.8247315218983,469.7615128170311
880.4209657324252,652.6227367317338
723.639895856916,590.4684695072339
722.9494731819235,553.7582398646745
632.392256729312,483.2385201548113
627.9630793633385,651.8618070377385
607.493175679875,587.5923256626222
515.7313691816903,547.1497329040951
460.5975915677214,480.2580688801277
783.9978111062393,652.0229921025223
645.949655038992,587.8532069114252
616.7397475313217,546.8553058085735
477.71158091102063,479.8463951197295
512.9833484117243,606.3281216584642
511.1288202377232,559.1322857273364
463.6488941380858,529.56732458617
459.6820861700347,477.90443926260343
815.4286371353267,644.9005133271532
656.9049422633925,576.3076713262099
605.3092397437212,531.8785999709897
580.3870997222236,476.4311420705068
855.1238526305019,660.4089816622654
807.3029294437728,589.4790447484097
693.630585231437,544.2510399188601
622.8585413415191,479.47330603009686
613.3467403349949,630.413395917247
574.3866705839907,581.7806802862104
568.2488278768235,539.5908495554734
453.97680327833547,475.3313929732324
796.163262730047,719.2832946491068
749.6397817134945,653.5810192652814
735.212910397333,567.1429377936137
713.8649404744775,465.0584521858188
627.8152886079606,641.5643388947615
567.169174201136,570.0917290823345
547.6231064964916,518.5685272871666
483.55558564990014,468.75771753921043
499.29478078663095,674.8244587699315
447.1465610625411,586.7373446860119
446.56582682499766,521.0925641381205
418.1407471581099,468.6297373441868
837.6158926764983,665.3872717475833
763.2970831799763,605.3180083601833
644.8177243541897,528.1422914881206
550.1180683783448,459.4008366848287
588.6514000659456,607.3672350471619
561.7603783178113,560.8781361641982
472.966119527276,529.7495591170383
439.3658505881931,477.20200849757646
672.1381166805804,659.2135254627376
655.1758286712538,598.1786507894179
435.9472710660316,515.092634384519
421.1182565604609,453.99622279117153
577.7556677706319,640.651421405231
535.2261037388306,592.2063034617485
534.5315618764889,552.4164812407093
460.4205357285212,479.16458921093505
558.5021808890314,602.7680693989664
534.152745696776,555.2666754497395
474.11215856882217,508.2812299842732
465.01940426241794,464.57106589579803
520.5013282168767,614.3315596597334
514.6631305360726,567.9616478719544
502.05473773429605,538.4276194387947
452.5480436601496,479.72767441949486
727.3940799567282,727.8503834325787
687.1031573287178,654.7797226291666
658.7577673398848,543.7381101776477
592.5923008331594,450.54084670295896
510.8983046511708,657.5112127347195
474.4800886757949,583.8366672933183
451.58803496673806,533.0109197370041
431.522039623743,474.4124263879445
523.6910141184651,620.2704410652852
515.9252531135904,573.4810528469399
474.0945959430484,541.1976620669373
437.3976525320684,479.15005853899976
645.2571534489554,666.5156917718286
598.0329385295252,600.7814459019695
561.5930909347676,562.2928275183967
486.5123406637388,485.43005765944145
677.5111501863419,639.9560070504367
572.2867929089758,591.0606573876711
553.126563660848,550.0400308816163
461.33128038202415,477.54900138011186
673.9644263075822,623.1263969050161
571.4607675281819,575.218505675645
527.8911497559075,543.0935482364725
452.4317897353498,479.65068274337307
831.5215709029452,643.8669936060509
702.8279199121653,594.0328609450021
627.3304389588875,556.7880095245284
620.4448021319861,480.3551382518458
540.0563718886741,632.2503496599993
497.6145714241552,581.0990210724686
481.29936025598886,522.2038968398535
451.71567832169274,463.2978652035916
633.0855537735334,660.9846092557062
626.1386646949923,604.1260865063671
541.5995896549817,537.1722512682963
444.47380938997776,465.1732205903794
830.7247157185855,666.5428630983359
757.700100136476,591.7611642632652
690.5728477532277,541.9150843594443
600.9108578215097,477.69460608234937
642.842507531412,634.7961569236708
579.1742076049975,584.7494786315158
544.821802333994,538.9004322227933
493.9872074384884,473.5438352274973
698.7827201066591,652.2024800698962
686.5595905806545,602.8793801366913
614.797560251236,568.8747343568749
450.8886448973554,484.5931050117529
623.4231553280721,630.1326822516505
569.1829565819573,582.1808704040568
556.6905740776033,552.8107339296765
505.4921251375621,483.2610024713947
734.7944791925964,648.592022828547
547.5685472748764,581.5162503404142
541.7917029056425,538.6824905693662
410.2175269194429,478.22653769254026
615.4855524048013,677.3220098833764
588.1246044796945,620.5919503596672
498.8689134589234,556.2601699136112
458.5371911970298,470.35920457056767
652.678573908941,653.3815329638637
629.7985921685502,603.5592324735512
622.2284063047605,568.6344267199124
473.93713311076897,484.26230224932584
673.792897264189,604.3383575616789
599.67926577825,553.8790572943884
579.9439977673546,526.2694109385133
481.42426099656416,478.87237948083714
671.8581231834347,665.2713940963939
643.7564184523649,590.9149331338602
621.0629468009321,542.6503817215774
506.3518049542334,478.80020962355707
600.1848312627607,643.7199718524863
576.1073616244063,586.8230260134816
568.9894048322717,553.8238458899872
446.8909589703639,483.68751938993546
868.5557318269211,652.9160541070489
691.3860249854216,579.0348277091106
624.5338006506784,529.4165986975974
601.6365774605574,474.74191248194467
544.0097046304677,619.2523930494668
525.0187914938344,572.5225421274848
521.1114652109535,539.9439806010189
446.1343339094556,478.74393966143435
529.9384469988903,641.285753081033
526.1780121526813,589.6288344573608
463.9538871989624,531.7878100947481
451.7062290751185,466.0859602281659
893.5361726985616,660.2228515515095
830.246972179423,589.8319600304471
736.5681012530437,542.3995482655902
732.6659703498235,477.1858116811659
868.5557318269211,659.5841806602028
691.3860249854216,586.1137463511315
624.5338006506784,534.2942807400881
601.6365774605574,480.7645127686287
532.0516958753386,622.7547744361087
522.9586521871431,573.7961004661454
515.2070367424781,542.2981720921948
439.77194905873495,477.5142827416337
537.15336537158,641.3737593132141
490.2480245716277,573.2851337391968
452.46005007544727,535.0484414057004
445.389627165038,478.91300319613055
489.662931386531,632.3841258990656
466.9335638682227,573.8983263553706
458.8671942678071,539.4649568071122
457.65177620109154,478.54404217094134
575.6112770814393,607.2687237154819
567.686595595164,557.2499241237249
497.41736818055807,513.4847684355279
468.0385960630664,464.09480653906024
637.7903223811521,623.3275383591722
577.0704512068247,572.8850261604638
482.8559793794818,540.0243634601129
433.786258147532,476.8411577243227
552.095930595623,604.9839951684892
523.1206482874868,553.0245369704415
498.4763277941449,508.86023732119656
460.91392179291466,462.26328496521114
749.5254643670708,639.5082657043533
582.9842726834017,579.4391594395655
572.2691823328425,536.6727635551919
475.371317540097,478.0634965456582
797.2464124719116,641.1762711090661
626.3495502176121,587.853084352218
590.7949413092078,555.5869637822326
468.8188247721748,485.26493511569697
510.1714411665308,618.4733926856796
504.062559665145,551.3916524555463
489.361788908185,526.5525163737791
450.1084735005105,473.47024072002364
652.678573908941,634.6197033904456
629.7985921685502,597.5292417985377
622.2284063047605,567.1268921933585
473.93713311076897,487.0534746320738
897.5002953992779,685.9437401805029
689.701439370833,640.7367859183923
570.5760958417216,545.4425904690695
412.1720518765279,482.8787420350616
783.9978111062393,647.8084849244912
645.949655038992,590.000691273574
616.7397475313217,548.964195118436
477.71158091102063,483.6036904666008
546.5412607481817,661.4109198262562
527.7291200234451,589.0391784473351
490.5235888006426,525.8786927742334
461.93768459841544,476.9596122979747
680.4300830922333,629.4278727805789
555.0957230304715,576.376920461389
533.9065683608693,543.1710048281204
472.8166178532291,479.00436458181525
780.6987926209305,611.5959545017969
642.8986551252577,551.1415547727939
535.7046846205708,517.2453940779452
498.58275004623226,467.83896117435177
667.7945674230559,668.9297967251151
639.4837868158477,622.0353846200605
586.0924764432956,540.1352223959647
439.68367672864383,479.63281036964116
755.5277184310702,668.283564776544
679.4799846748333,592.9194776851259
613.9243432197584,530.5027939550203
579.8247315218983,480.00649564721397
638.531484013179,629.0116572519729
538.2410542088205,576.7662944633057
494.1925808116165,542.0203472230588
478.8165454897073,478.3332524796573
708.7800443095302,667.3188746187366
627.8540466640111,592.3185938739642
572.7192027726784,530.0267832135826
546.9059522732556,479.66848152308523
604.5650117456447,634.7986046535574
582.2515573888973,599.9134838752417
474.1508404060144,576.2091985273664
470.36307484639593,490.62473994269106
575.0041270578758,606.8811874196329
563.3507622177636,557.0890412223303
516.0369192880318,512.9584972799444
458.9244135246659,463.80052123697584
618.195107495944,645.7363182201751
588.2131356102992,594.2036694435828
514.4387101205367,533.7712448973664
456.5515428264905,475.9856979662292
871.8903709476441,635.5744178700875
808.6992940453625,599.462868208809
789.1294533825247,568.7725460308844
625.6326029029589,487.6732280158857
521.100260437306,635.1689790960684
483.7254116604983,570.9042225599396
436.54816744024527,535.5837833682128
435.4205846674595,478.0518328464017
543.2492470654427,621.7191541924143
513.2446557791833,572.3447681727631
494.45204633491386,522.2618229616961
454.994391472549,468.8599376935311
594.8995052962509,608.7367813978078
592.1930207205863,555.7345612278215
533.5683744987524,513.7845972206181
464.9006875214415,464.8392283334196
508.89640830644754,657.5168210377087
495.4781979481173,587.9238778166637
490.9775905899715,533.2784072617235
459.0731671387516,479.47104699537016
837.6158926764983,651.660165824822
763.2970831799763,600.2120911730412
644.8177243541897,531.7783167891656
550.1180683783448,475.5421121355853
673.0800100355472,634.9831918714882
614.0458037206637,593.8138068879531
553.8187322755293,569.114945371247
466.21091669260466,488.6205533506978
515.2235243375959,641.8748999840614
484.0151816302753,587.6909986274393
475.31235348623653,553.1542123674278
448.526131533754,484.4006665437067
534.6481660855585,600.5856088906773
518.4679246313269,540.3804033312939
487.7313165056417,498.4769184812032
476.14883685981425,458.8597600838027
615.4855524048013,651.8110765039369
588.1246044796945,612.4305613089011
498.8689134589234,557.1964642162736
458.5371911970298,484.45610318908217
578.0479131695089,630.943660836569
568.0746795694313,579.895267624086
557.6167432768373,541.2394557151388
455.8510265242718,478.0602577289884
768.8995068104871,638.8567213341412
609.8527150971846,606.7774714804484
570.5677359592181,573.4987222577851
552.0152616569843,489.2725928145347
642.842507531412,630.9298299333565
579.1742076049975,581.2475160629151
544.821802333994,539.773243226312
493.9872074384884,477.1727279473417
756.8871065276188,647.6425409093866
593.6332318004021,598.7367457675464
576.3863476427989,564.9293783371425
432.9465330789165,488.9960983955692
656.542117151021,628.9813641234911
622.4443186404698,579.4596368343063
570.1847305076353,539.1589610703568
529.5240133472662,476.7372655170274
590.6684906664534,599.6078033668297
586.0675981142068,540.7640765726466
546.5309024521912,498.0695511961236
461.8743270428282,458.38493495871535
584.2794944143261,604.9013234088953
563.8677964470476,549.4373700442152
524.6187189122548,507.41751019576867
462.3549764618555,462.2325879562132
696.7534509928574,631.3065796023528
617.953970435682,581.8110294913827
586.9941937714807,539.3255464123972
520.0029818847727,476.97308007775075
752.3610982988511,675.7303645390579
614.3920808456768,641.9159133590026
574.5108091644089,569.8380583398474
436.0444400351601,490.7140246794233
579.4580149243694,608.5387072343558
570.3064167873396,555.4167533402641
509.617360517563,514.0372699772443
474.26983647895366,464.95751127899763
630.3045302125053,658.4737214507201
574.6217391240123,581.7127083201818
552.0230867177139,532.7951619534199
455.96466391493374,480.6265182681314
642.2036243588196,651.3841283805275
602.296448424304,600.3698436312626
483.4807214393936,532.1684576519552
440.3836981097085,475.6172169618482
543.4020887360975,628.8954382107178
537.7181402118088,556.8784350258376
516.530324335695,514.9325050151962
461.3252547412272,469.97107887759825
590.5546471605375,637.7407418467019
567.3980884969088,588.1902522336449
476.6345897264673,554.2727299228468
473.0020120341411,483.79387803538333
627.5799880739429,631.8326520613629
601.4296172538308,593.1742171343734
472.377445675868,560.6041051103318
457.766359273481,484.27869839041733
586.826733870532,628.0426054985625
558.5088216848934,579.993524307807
534.5227198449309,540.8381978822949
461.4655668837807,477.1335435212557
687.3039250038174,657.2088076404781
636.5563789528998,607.7102013985566
616.0569467227309,536.2983527395381
440.2990519698755,477.5658509783861
696.4799391387647,625.8914518089202
627.4561392058225,570.1597230911656
499.458432651188,520.623460824835
454.8502215169645,469.5668146092159
627.9630793633385,648.2005610356739
607.493175679875,589.8709824570036
515.7313691816903,549.2473597194513
460.5975915677214,483.8447679736838
613.3467403349949,629.3951993138039
574.3866705839907,578.4815255093115
568.2488278768235,540.1738456834817
453.97680327833547,477.4588160485477
558.3184920438251,603.6517489510154
538.9330996587646,548.8652942638917
495.65806695221414,506.4156528154211
458.4502207907911,461.59062853087397
623.4231553280721,629.4535874116563
569.1829565819573,579.2716263318597
556.6905740776033,550.625188453776
505.4921251375621,479.63894371543046
871.8903709476441,646.463773286015
808.6992940453625,601.3309945650819
789.1294533825247,570.8083040047483
625.6326029029589,484.03165530547585
543.2492470654427,623.7785748803873
513.2446557791833,576.7090192934994
494.45204633491386,521.245334720503
454.994391472549,465.18990285116274
638.531484013179,631.2609713117066
538.2410542088205,577.5322652180233
494.1925808116165,543.4149000021274
478.8165454897073,478.4139210875385
574.83850578051,604.29059254246
571.2346514934544,556.8427971192925
550.0238995615491,513.1791447133263
468.8073440328863,463.0723080685082
677.5111501863419,636.1370854237605
572.2867929089758,588.5142192669911
553.126563660848,548.5335635651535
461.33128038202415,476.69410439816545
815.4286371353267,652.2307468128662
656.9049422633925,583.328545142707
605.3092397437212,534.5289372655008
580.3870997222236,482.7764768160837
600.1848312627607,643.7759482848279
576.1073616244063,587.0242041304363
568.9894048322717,554.6097465896149
446.8909589703639,484.451762468261
752.3610982988511,699.7394353677097
614.3920808456768,653.1324912227184
574.5108091644089,570.3958204167762
436.0444400351601,481.4320759844827
768.8995068104871,652.5785724942135
609.8527150971846,609.695855653536
570.5677359592181,576.364296495917
552.0152616569843,484.62082889869396
562.0019991124186,598.5811365074553
551.2614191811948,551.5253617222708
475.1495220819696,507.19562559433353
466.2965617875934,460.56886642292625
673.0800100355472,643.1316391036792
614.0458037206637,593.7952567003824
553.8187322755293,570.3834012528664
466.21091669260466,486.720755660211
640.4729645162131,664.3618733185941
588.9786047760023,611.6397357778839
488.90101114773086,528.2838571631174
445.0100773578821,469.3816226603356
581.5200878205168,673.0627733116795
547.0741931027135,625.687530283108
545.1947702736596,562.1794026608786
462.64375263671224,480.1225148368767
630.3045302125053,657.6084038306582
574.6217391240123,582.7549142236126
552.0230867177139,528.8866026215572
455.96466391493374,483.82219564281974
563.2856424916996,630.7789916613486
562.4941978411848,578.7813691867718
521.5472156952866,532.1738292068295
449.70015750909374,472.84937420095343
687.3039250038174,669.013060175175
636.5563789528998,616.8277116355857
616.0569467227309,532.4016615119098
440.2990519698755,470.514664370398
561.3094979686601,645.0947213871949
519.1385951960168,600.397994098765
453.84358433230335,557.813335171408
444.42767951170913,478.2156948861457
492.34848299947487,624.408091142921
490.1861035177276,574.5205470288455
461.0671408438447,539.9165188650563
433.9821062432427,475.16405853036434
590.6684906664534,591.4497091059675
586.0675981142068,542.2938582662813
546.5309024521912,496.81691639875135
461.8743270428282,457.8932641188598
540.0563718886741,630.122546039749
497.6145714241552,582.758455523616
481.29936025598886,523.2373597362921
451.71567832169274,465.8553016072954
698.7827201066591,643.6648978982312
686.5595905806545,598.3572169100861
614.797560251236,569.5055836250564
450.8886448973554,483.73849356936614
575.6112770814393,605.284741588526
567.686595595164,560.0953605022729
497.41736818055807,514.6157213032596
468.0385960630664,462.18410272533066
558.5021808890314,607.6207285800157
534.152745696776,557.9204699597786
474.11215856882217,508.6330783617141
465.01940426241794,462.4180658021039
749.5254643670708,641.5520183485024
582.9842726834017,581.0297799933065
572.2691823328425,539.216054895664
475.371317540097,480.07969898049515
562.1902011710922,664.4016118224727
538.0679709738802,592.8956010887775
525.095211952674,532.542473252111
471.46041520475393,482.256891586841
577.4424206616455,605.658945895128
560.8128116474442,560.7366992115328
516.3654195668769,514.5608914057374
459.4562916962709,461.9658970040378
534.782207705619,646.8449075324214
528.9673451985138,584.1843897338376
490.3331783758491,544.9448186750732
452.6201538001583,483.76846923434795
575.5486722407551,655.4803648048155
563.2357159535104,582.5956436147654
552.1882003404754,525.4124382223429
480.8285145314334,480.9604756201412
702.9841813969207,661.3168381492541
667.6836915769329,594.6495924962996
605.5890594509863,551.6395444494082
476.88068303052614,488.27112065866504
602.6943258880774,638.0658863944642
572.8205117183716,585.978282397689
555.0587327575885,533.6184848847382
454.3658736081916,473.0731655364705
703.0574020296224,627.8215583593338
580.9031557113021,578.531779890438
541.6768565091862,546.5769452902509
484.1221023256675,477.3496211282159
837.6158926764983,660.9819460572621
763.2970831799763,608.4319235654314
644.8177243541897,527.3868098893217
550.1180683783448,469.0923145188003
887.3754949123627,656.4453125121203
667.0744830979241,592.4224158048333
607.7772076526338,552.6935286048097
592.425483552561,487.3727855279079
520.9625049252976,599.6223251227183
495.55159589650657,553.1677230839002
476.2101986300317,505.96988947053126
455.947918114199,459.60139778207326
528.4408345778938,671.9201022090052
432.2186386578388,591.3092660805715
422.2832313764077,521.8728843297985
418.12812245621666,483.19357871707683
558.2422870681537,648.3086760065823
517.8796160593799,602.6410916928769
496.91003110273726,556.9967947135858
438.34312406435185,478.31747358790506
897.5002953992779,708.3017499022399
689.701439370833,655.6224092180598
570.5760958417216,542.7831328738054
412.1720518765279,472.7688681636462
613.3467403349949,631.6767834927849
574.3866705839907,580.2116979687323
568.2488278768235,534.7778542604832
453.97680327833547,473.5896268908201
753.174602017494,682.5173723968226
666.4484480610195,632.7424323872498
639.5619718641304,540.7481763382225
590.4467392385372,471.6781402012372
514.0714714786966,636.9287811889507
508.04603117539824,587.9038602610162
478.1468825417848,541.8261319823741
460.4512454363179,474.6651555678899
696.4799391387647,625.7502993689842
627.4561392058225,573.6895293155728
499.458432651188,515.7311447389181
454.8502215169645,465.9808927116924
578.1348301689227,666.9749300043736
557.3629908126866,624.5227896011891
547.806739631287,580.3100397528527
481.1148231652136,485.1645523808604
541.0646069213947,656.2013842286743
535.491750516534,598.5891689162789
487.4922070220345,568.5733748278107
433.0962101744829,490.2714844367479
486.0421852066818,634.8260226677497
465.63583505789865,572.5153018737818
463.087972029255,533.380844279829
462.9537746466754,479.3209738583236
512.9833484117243,613.0515363889292
511.1288202377232,559.0349115625672
463.6488941380858,526.3606940203749
459.6820861700347,472.6118699403126
573.7649751736172,604.9611573459721
559.8733208533798,557.1978656215715
516.5917588149247,513.6149584796043
459.338777272405,463.4270674991979
810.9142535647107,642.3877980177247
696.6767437590739,583.1028719003027
675.2113039371985,546.6321895101803
587.6273972043278,482.61836112618727
641.3195689295559,688.9885871405011
575.4967663617504,638.5389512614794
502.51975971203007,542.0162517532976
438.0595759547538,472.2481854235661
543.8669080185891,632.4737862454801
524.4265770276072,583.5308223134272
521.6821745730539,523.1703495226247
455.0579206600038,466.72332908517035
627.9630793633385,653.0213584151095
607.493175679875,591.2655484810064
515.7313691816903,550.7707455123779
460.5975915677214,485.22372779431805
683.664875887254,602.5686175651787
523.737727801765,556.107822610374
483.8237270248905,512.8800922633118
476.76037337304007,462.3968401602239
603.5039701358446,640.0826516382681
586.4351074264267,579.7507812203846
472.96665959401713,538.9170181411524
418.9705038722263,479.942653313155
883.4891497336907,668.4136273102717
688.3234597943687,597.0945225896955
464.7465696015242,537.2425607937447
432.7524403852291,483.94378888686583
763.6971532386463,651.5760908743497
614.438065200578,589.6521998433274
602.8261380349064,542.2002716635162
485.63359502806384,488.54661811315486
585.7394020133004,637.8466861832202
550.3632709993229,586.1816800032221
517.5891078367027,546.3521519654637
448.2195600461519,485.66802393715716
807.2637375769092,657.4113392802609
660.4987789000014,614.4742337045114
614.3881041443576,577.6591044055027
458.0317942493817,485.88572013116374
567.4867090590797,640.0825502305856
565.9883438292702,592.8289204335092
558.1085340311523,545.0441250886868
448.4493169352268,474.7403582656922
671.8581231834347,665.9453617091625
643.7564184523649,597.4897327355436
621.0629468009321,542.6416085473402
506.3518049542334,489.8221830418259
822.47233546907,649.3822413681949
640.0302252460112,593.0807834625255
480.5840589229429,510.3664795482052
469.66696091199265,454.0371798968748
568.7176027949133,589.0152522690527
549.059168386686,556.1047796338045
509.63069908218574,513.445944663441
462.3016362354688,461.9576517276866
735.3215978263087,662.3215086289115
668.8005889025259,607.1004004475898
645.2771666538749,526.7193545109112
468.19235558327034,458.17758339793056
594.8995052962509,589.8744784493069
592.1930207205863,555.144961312484
533.5683744987524,512.70686336409
464.9006875214415,463.2340193520997
574.3081158369903,678.3865571272696
562.4919756701654,611.6581664457722
545.268890057187,560.4332228221364
468.2588059440985,494.15705817117066
680.7479835441547,625.5148365713762
567.5579647993288,583.8837925710367
531.7119378490902,551.7381182578183
447.83671443775125,482.2268529565803
627.5799880739429,644.8283924644066
601.4296172538308,602.7357319992234
472.377445675868,565.6873463690764
457.766359273481,483.1862865517063
564.6503779062034,614.5181922724397
562.221765439404,570.7644822114158
523.365393761723,527.1938896557048
449.5332418642992,470.86535143404444
630.3045302125053,643.7252254206555
574.6217391240123,577.3416873461639
552.0230867177139,524.3066403899501
455.96466391493374,485.2293477128441
561.3549338206711,584.3222735747585
539.5171489714845,551.1690619661522
513.5404354169157,507.023916624859
458.7352007178072,459.7786075638553
740.6119263339035,622.8791535359517
554.1582209989137,569.8274034817323
535.9343041207514,529.0176700139884
458.84806274078306,482.53553103507517
579.5766879867067,663.9577029080691
514.568213188165,602.7363671314079
503.4052784630531,552.2646259284716
479.76497042240504,489.11672634320627
777.938865544766,589.5713089322672
600.621012444145,549.9295642649657
542.186274381016,514.7365360807539
465.0502083970718,470.88604679453874
748.8183849762993,587.4201013550612
695.4413182313432,554.1641604726751
641.6897079914676,507.18293436129284
513.423598472593,458.1436198397399
821.9933564063326,652.0625416977045
729.9181171662959,608.8872586873779
702.8692286502011,571.4443065487694
604.4447867751416,484.399522943948
521.0028349635531,669.743523866327
492.8694151072838,603.156303392826
485.92581181990687,539.4493801129208
477.4816921343061,485.3350282280241
552.095930595623,585.5093432390629
523.1206482874868,552.983707140333
498.4763277941449,508.87546484863265
460.91392179291466,459.7836717764296
679.852888414925,614.5167227988624
606.0578820118811,559.3870936683547
579.9853391014994,518.9608544002693
480.8642400701781,481.93037085010974
633.0855537735334,650.4879340342657
626.1386646949923,598.744048745393
541.5995896549817,532.4115545561292
444.47380938997776,464.90029114065464
528.3165074233303,589.2229680784959
497.3431993846251,541.7412909259451
457.7556894064108,511.58032099890164
454.0423109175739,479.7359548395777
590.8529383009242,647.4186629747336
589.4404294373809,597.3093429192642
564.4612246536981,530.4101372219143
449.47111275655215,463.03581093628054
887.3754949123627,652.6577201198213
667.0744830979241,594.3328290823052
607.7772076526338,551.042913698682
592.425483552561,489.91022365057313
600.1848312627607,640.3139457582784
576.1073616244063,590.4168756839524
568.9894048322717,553.720305093877
446.8909589703639,487.3336699122914
499.29478078663095,679.4116425574016
447.1465610625411,600.6237354975426
446.56582682499766,528.4772269548519
418.1407471581099,486.50317197849904
573.7943117669732,588.8367966792606
565.8129079900003,556.5589752133434
517.0931507506743,513.7559819052597
458.7169576715217,461.5030253091956
780.6987926209305,581.5762454821668
642.8986551252577,543.1252566301021
535.7046846205708,507.70615798110316
498.58275004623226,468.50769222857457
549.406492244949,648.7501315515289
531.9554739762056,588.877564988165
485.5843743791828,542.5439058505328
465.6973728759831,487.7852783986484
851.2799498692817,676.1297860418011
657.5277806932569,598.2059642405223
645.3684755142648,526.6009175470491
529.5368141913551,485.790454873573
584.2794944143261,580.5302566555761
563.8677964470476,546.9770656176962
524.6187189122548,505.08099532016945
462.3549764618555,461.03166093203794
543.8669080185891,621.2342533435068
524.4265770276072,577.4323487001609
521.6821745730539,520.1061827148415
455.0579206600038,461.95749297694493
747.8713425682434,655.5384244740875
603.1552420896735,593.466077324058
595.564757016147,545.3075159451884
485.2427962802294,489.09058383294257
615.4855524048013,670.3236096236652
588.1246044796945,618.5249401963965
498.8689134589234,555.0223162043931
458.5371911970298,471.47252450391125
567.7781364529212,638.8267365639394
561.8271549138334,592.5759264391949
542.6117264100411,547.5920100450942
455.4330496358303,476.14231065443715
520.9625049252976,582.1050353402909
495.55159589650657,549.6155237248364
476.2101986300317,505.0730372751316
455.947918114199,458.7290421580978
528.8204891980407,587.6126791331274
510.3625384901165,550.6315850917592
494.3328986406138,508.4335602292853
463.91949640449496,463.752630392824
613.3467403349949,617.6694134626498
574.3866705839907,573.3280118962732
568.2488278768235,529.4311854973873
453.97680327833547,471.5122909036291
718.8768641364126,644.8904519852524
663.635620780502,585.7367267784558
582.0955673810182,541.77171759581
464.11249093948686,488.1630814536328
529.9384469988903,630.6702970550746
526.1780121526813,587.3816983852834
463.9538871989624,531.2367711347515
451.7062290751185,464.74249085109534
545.4034794009249,671.0573170005258
533.7014375594252,609.2856214870942
441.13860889588346,554.9772301730044
440.76046783578727,488.8940877409401
593.160646298201,682.6431915192813
558.0347101243617,632.3978980367865
539.7606634878863,582.4459549808985
444.9103924964266,483.7400508706182
580.214669021434,626.3108834922032
574.4152741961453,582.0251431391212
563.985055817266,543.0604172287284
457.8968754331682,480.2230855977388
762.3073484528429,666.2255069032808
699.0935473429431,608.3333231108021
661.3603080097016,527.0696370712478
611.9997376903796,459.5718103612022
696.7534509928574,624.2362881888915
617.953970435682,579.4163398034432
586.9941937714807,531.566829812682
520.0029818847727,470.37348269217193
703.0574020296224,621.0396927612619
580.9031557113021,580.1040981013675
541.6768565091862,545.3400476922666
484.1221023256675,478.93773438551267
883.4891497336907,672.1654717703705
688.3234597943687,605.0941156545842
464.7465696015242,541.4786281586613
432.7524403852291,486.1099609933544
796.163262730047,715.5252216300398
749.6397817134945,653.1075393150429
735.212910397333,568.5630633365088
713.8649404744775,469.93544046742295
618.195107495944,644.0381733304281
588.2131356102992,591.7506027614667
514.4387101205367,524.2803113076702
456.5515428264905,462.83586061692864
883.9137013393809,657.7144181611617
670.2198203880475,591.2977639314587
628.251506204233,536.40251921175
607.0226160146337,487.1346162173781
581.5200878205168,678.9363180596378
547.0741931027135,625.0303458216164
545.1947702736596,560.3744965694026
462.64375263671224,473.3288422261308
531.1618701728952,677.5453598688839
512.4795727152284,613.8559284535709
461.3750527457096,576.9149100480226
439.08770624317685,493.39735928769545
561.3094979686601,658.3350496803321
519.1385951960168,608.8456777027806
453.84358433230335,561.5818094749548
444.42767951170913,475.2324904173266
740.6119263339035,635.0229792533863
554.1582209989137,572.9420243689152
535.9343041207514,537.0994182540951
458.84806274078306,484.7944990017841
602.8558096941915,641.4635882435803
537.8163313736185,590.6096950343921
529.7152287926846,526.6793843329812
497.8348305978821,460.17024571600876
544.6520790404546,687.0701424283641
541.3569862876044,602.6457875997518
470.0012086866222,544.8483994618043
421.44105516161386,494.32749276498043
527.0121877424567,591.0693460248604
521.0199339223939,542.6889474230828
491.99350066419214,519.8486293162503
436.9867045585649,477.59150852173684
762.3073484528429,668.9075336172036
699.0935473429431,611.7609829626257
661.3603080097016,533.0502804761009
611.9997376903796,457.24770831484295
519.36725424446,671.5930538909787
483.3465472703318,597.3532755050409
472.24069896353166,551.135542263015
457.19397108914393,491.4292513555422
842.6916860042331,677.693959798879
796.4037391842754,602.4862996960384
699.9965012999407,558.1388472957323
618.6272937304973,493.1902940632563
499.29478078663095,692.9918708006256
447.1465610625411,601.9676912634116
446.56582682499766,541.3323891116848
418.1407471581099,493.76885951697557
573.7943117669732,599.1545267994798
565.8129079900003,556.483095501551
517.0931507506743,509.43705939435
458.7169576715217,463.0997296132587
427.6756646341503,696.5879606702846
425.6165161082352,610.4853223639893
413.64894468625374,554.6411943884297
394.66014909392055,495.56328509292644
581.5200878205168,686.6364222958168
547.0741931027135,631.2626464143333
545.1947702736596,567.7443293403624
462.64375263671224,470.60278007671434
748.8183849762993,596.0905660528401
695.4413182313432,553.7782705883941
641.6897079914676,502.917975176404
513.423598472593,459.314047537086
543.8669080185891,627.5643943268656
524.4265770276072,579.5721367198148
521.6821745730539,521.6460675446266
455.0579206600038,461.0104400391144
615.4855524048013,678.2007598274375
588.1246044796945,623.9761198371046
498.8689134589234,560.9676794713107
458.5371911970298,469.26444656061807
708.7800443095302,685.4072739067522
627.8540466640111,600.6717929500002
572.7192027726784,543.9839318472984
546.9059522732556,493.2333334512464
597.6288824623451,669.9536629892995
578.7374391778417,597.3503296926926
566.7147893330357,548.0090872082775
448.7439600642569,491.32422506412536
563.4933817289186,590.2282138742283
544.7038445041295,547.9642765199926
515.5925864416441,501.06846764065847
458.1901985568487,460.99463173777525
544.0097046304677,618.1221888792727
525.0187914938344,572.0606053776827
521.1114652109535,537.9500288208119
446.1343339094556,474.3849956073584
579.5766879867067,679.3105193018613
514.568213188165,606.6154483609989
503.4052784630531,561.7504144625717
479.76497042240504,493.0887817881921
578.1348301689227,692.0712511125781
557.3629908126866,639.0698867040262
547.806739631287,587.8297518288884
481.1148231652136,480.14522319078327
576.522440376285,606.6453192782687
560.0415125668151,561.480555802204
514.3630951435205,516.0141923777845
473.275337009688,465.61310726011004
796.163262730047,721.783276031001
749.6397817134945,659.5616934463195
735.212910397333,576.8137295729206
713.8649404744775,467.1482068763087
586.826733870532,630.1617972989376
558.5088216848934,582.8711505227709
534.5227198449309,539.0132155235061
461.4655668837807,470.34239670717267
540.4727163589555,649.5629052542014
506.1234968597247,600.8695339604338
443.30030846637055,558.0900822039878
425.4037156178861,476.1309927147684
641.3195689295559,696.8492085786879
575.4967663617504,635.6736174527549
502.51975971203007,545.3803106807043
438.0595759547538,456.74968094532016
630.3282482897991,625.1303122911843
605.5789177029181,577.9101215154121
556.1921797987364,534.309641338264
521.7514128822139,469.2776338880205
637.7903223811521,620.4781687829626
577.0704512068247,574.0625688231867
482.8559793794818,537.5772384964379
433.786258147532,473.1440673633026
623.6049869230419,638.9741798155337
590.462502049809,587.2997370885356
526.0449080980346,523.3181605708908
450.2458708101062,459.342316463863
567.4867090590797,647.8685371879654
565.9883438292702,598.5440859676243
558.1085340311523,552.1732950146213
448.4493169352268,471.8955724828495
677.5111501863419,641.0949946244505
572.2867929089758,593.153401505076
553.126563660848,551.0880624056513
461.33128038202415,474.22008274278306
890.6302904494659,665.9605407084555
692.9903111390408,589.4996991174844
611.9395698712516,542.2892863438547
594.3445703388145,490.12313468897366
593.160646298201,693.853540552509
558.0347101243617,640.7206594002873
539.7606634878863,591.0751240615426
444.9103924964266,480.5515874822261
520.5013282168767,613.2530502752085
514.6631305360726,567.2638408411821
502.05473773429605,536.0145441380052
452.5480436601496,475.41273533391194
627.8152886079606,662.5489407401508
567.169174201136,588.6298882256322
547.6231064964916,537.8734517897841
483.55558564990014,489.7963228256348
563.2856424916996,622.4528334095169
562.4941978411848,575.6376315947583
521.5472156952866,532.5658616841403
449.70015750909374,468.2027346321693
664.6014143673349,683.432422191005
619.3985689213596,605.6231529788698
518.9311182718285,558.1621706913354
476.479471533738,493.81159105765386
696.4799391387647,613.4027799727611
627.4561392058225,566.3453924703309
499.458432651188,513.4134622930844
454.8502215169645,460.6611794593642
590.6684906664534,576.606427834252
586.0675981142068,534.9846830230285
546.5309024521912,490.32229623921586
461.8743270428282,459.57204928514585
604.5650117456447,665.5635430827327
582.2515573888973,615.709540504822
474.1508404060144,585.1618367424453
470.36307484639593,487.99547564139993
821.9933564063326,666.0450977564246
729.9181171662959,615.2952413711074
702.8692286502011,576.7281759890296
604.4447867751416,483.4539963487697
822.47233546907,650.5551231781564
640.0302252460112,595.0273365392833
480.5840589229429,514.8224814001918
469.66696091199265,452.09015409825287
543.2492470654427,620.0550404197189
513.2446557791833,573.9869144682866
494.45204633491386,518.8663393730512
454.994391472549,461.43188795917354
575.5486722407551,659.8092119818476
563.2357159535104,582.8319526539171
552.1882003404754,532.9733738392832
480.8285145314334,488.3987780166439
575.0041270578758,601.3161426463342
563.3507622177636,558.5748989385429
516.0369192880318,509.96635604058486
458.9244135246659,462.32346628299933
640.4729645162131,660.7572238578736
588.9786047760023,604.9424589159441
488.90101114773086,529.1440721070587
445.0100773578821,457.13706726304565
704.6186162201132,709.3136437902593
651.4513226105233,650.2189006378876
636.8467915059942,574.9950741714308
543.4121991432592,468.782320310721
646.3008640255122,676.1917251635625
593.678713886837,622.3480604659486
506.6119749289346,560.2098910051789
471.4044169920629,469.357823922007
868.5557318269211,665.3982354357792
691.3860249854216,589.1376127505073
624.5338006506784,542.0465780424234
601.6365774605574,490.01565591481653
612.656186770732,669.8520796851906
569.5468887178597,612.4762716785091
563.555621855562,532.6402114394123
528.9306849568111,456.7809819720765
581.0444280615988,656.9824024081271
573.2772425885129,607.1552187454053
573.2354095794708,560.5957016606035
451.3089575089877,473.8064464133798
792.9176014986932,729.0882846108442
720.0630712831514,665.5989123911611
392.46014294309293,569.4048748097205
289.52337896433556,460.5169666189762
627.9630793633385,666.1218819705628
607.493175679875,599.2776768089303
515.7313691816903,559.0966261141848
460.5975915677214,490.8088777773287
739.8655657728997,625.9593636268555
614.0837079121808,580.6466190746023
544.5777363049323,538.2080105221742
519.7895359357627,472.639557927743
627.9630793633385,659.2213480158158
607.493175679875,591.7145623843866
515.7313691816903,551.6023779747466
460.5975915677214,487.98456488572197
680.4300830922333,629.0492381039792
555.0957230304715,576.5469930278689
533.9065683608693,540.5574081206623
472.8166178532291,478.90430066341855
768.8995068104871,661.7486164338287
609.8527150971846,616.1776561710344
570.5677359592181,579.0230515905184
552.0152616569843,490.66392071290517
570.1884409927653,578.0314446059218
545.9290263916728,545.1878963404333
471.57757643981887,498.11721591955836
470.88472749278645,454.71174780563575
664.6014143673349,682.7525578349591
619.3985689213596,599.5021848918836
518.9311182718285,553.3007143055034
476.479471533738,492.7911477924087
670.0596517449959,625.2473984315753
612.7939587726802,580.0368765840128
588.7457955390164,537.249935532498
524.9986463351058,472.1944740442188
581.8584323561282,598.9225132147968
511.72573295896575,544.6444654841777
473.1242150542286,517.9888887236035
458.3567816809858,469.785326403533
519.36725424446,666.9665377079108
483.3465472703318,590.6589259067597
472.24069896353166,544.251791538161
457.19397108914393,487.57028788511303
718.8566753468305,577.2962896512043
694.4020862534777,548.9217395789826
607.0455847899506,498.10736993538677
596.7817564062373,453.30089396035953
545.8328204491643,571.7503508189446
531.9681442041639,543.2234182526656
491.66545020688056,491.49211514749743
473.5426782384917,450.51609518675565
619.0827958036338,566.0805318473718
604.4872891406883,536.5436412914444
577.1910730047197,486.7738559078443
458.9132736009928,449.0476195475369
529.8512444414915,669.2060901296019
514.5006938092062,591.3248930927867
485.17371169383694,531.0062075555979
468.92217672210353,484.5130079595827
893.5361726985616,669.3587354133763
830.246972179423,596.0342026931369
736.5681012530437,549.8642543212011
732.6659703498235,489.1942584038375
597.6288824623451,648.4995977227926
578.7374391778417,585.3577603019631
566.7147893330357,532.6786850725532
448.7439600642569,480.98996491156026
851.2799498692817,689.8416845513444
657.5277806932569,594.2659562490919
645.3684755142648,533.9818269465709
529.5368141913551,488.777847472142
830.7247157185855,681.7854662934227
757.700100136476,598.322075532883
690.5728477532277,552.1373001171213
600.9108578215097,492.34714070270235
537.15336537158,638.7344747724956
490.2480245716277,569.7367316934211
452.46005007544727,533.1783908807715
445.389627165038,480.40881809476673
807.2637375769092,658.2954507239481
660.4987789000014,612.340499656125
614.3881041443576,577.5752082539556
458.0317942493817,490.7041268179087
516.0381466550244,613.4807676811288
509.065278383735,566.8509989191275
491.4364620089221,534.6543492412821
461.5479810490431,473.7666044051918
486.0421852066818,632.279818021506
465.63583505789865,569.8871533803899
463.087972029255,532.4925894128951
462.9537746466754,478.3678833500998
588.1142801127593,645.5403555537057
563.2008353028251,585.5368515769056
547.33924104203,533.5331407221191
456.1659378459104,480.60383981857393
708.7800443095302,677.5152506736023
627.8540466640111,592.8253665053259
572.7192027726784,535.0748848058602
546.9059522732556,486.8914627716479
534.6481660855585,564.5883192825925
518.4679246313269,533.5721543698542
487.7313165056417,485.3572489654767
476.14883685981425,449.2828787649792
727.3940799567282,721.0268394226612
687.1031573287178,660.2100470786817
658.7577673398848,570.5840146757769
592.5923008331594,483.8087324400201
738.7630954340286,631.8590501026297
602.8102664915774,585.1515025755622
579.260948154166,556.0777626858928
508.1902462209763,482.38759264274097
561.3549338206711,578.3292698428862
539.5171489714845,549.03878606214
513.5404354169157,498.334450005414
458.7352007178072,453.5185497609893
677.5111501863419,634.4111346527621
572.2867929089758,589.7529522374618
553.126563660848,550.2188893896209
461.33128038202415,478.0715454548494
499.29478078663095,693.6007664892103
447.1465610625411,596.8677408409613
446.56582682499766,536.6381269345101
418.1407471581099,490.1072456559381
886.0973914997287,567.0562677807684
673.5272544822762,523.0430165981005
587.5385119329312,473.55070825840994
508.1075038061588,450.862306049073
744.441471555693,660.545805643418
615.8720804215559,591.7912854044786
607.6991433081654,552.6234606385236
480.3563608398537,488.55022427470095
585.7394020133004,646.1129825880649
550.3632709993229,583.9938269693869
517.5891078367027,547.3187244020613
448.2195600461519,484.4278667724979
645.2571534489554,679.8130759862604
598.0329385295252,605.4172187562085
561.5930909347676,569.5914254757794
486.5123406637388,496.8162066435251
567.4867090590797,647.5015555818408
565.9883438292702,597.7692923889165
558.1085340311523,556.2166475085735
448.4493169352268,480.56152826800684
698.7827201066591,649.776248925956
686.5595905806545,603.4380119450602
614.797560251236,569.7850932415789
450.8886448973554,487.9328356739029
673.0800100355472,651.0882111417254
614.0458037206637,598.6960603329088
553.8187322755293,570.8576910061158
466.21091669260466,490.8537628928482
897.5002953992779,717.4063086860701
689.701439370833,655.479976778756
570.5760958417216,566.4433289397456
412.1720518765279,482.37615579258284
627.8152886079606,641.7690590595017
567.169174201136,577.4721732518991
547.6231064964916,522.4106690440327
483.55558564990014,477.3008432717874
508.89640830644754,664.9955388670811
495.4781979481173,588.2990465291332
490.9775905899715,536.2242719119499
459.0731671387516,485.02691002325093
702.530986930159,663.7633382390736
563.8065338640872,587.4628874447712
530.0139019122432,545.1214134194245
444.08127459114854,487.45958240996833
543.2492470654427,609.348898955099
513.2446557791833,573.2277392064268
494.45204633491386,519.0762010800086
454.994391472549,462.2505203995457
700.627275495785,621.2730550663293
595.4174258764446,573.1410397185502
533.6610553738483,541.8015861684545
467.97946618439687,477.4437200328175
515.2235243375959,651.7239225539956
484.0151816302753,589.5031564443959
475.31235348623653,554.3581642701198
448.526131533754,487.2774857281005
641.3195689295559,693.9421625494815
575.4967663617504,638.4361761065802
502.51975971203007,559.6282953596752
438.0595759547538,479.42772972086954
612.656186770732,670.2365124889507
569.5468887178597,616.4387835492989
563.555621855562,545.5073705430523
528.9306849568111,474.0384244213404
822.47233546907,652.1302807241683
640.0302252460112,600.895814701178
480.5840589229429,528.0701483823599
469.66696091199265,466.19911281994814
702.9841813969207,671.2831547105386
667.6836915769329,594.8533307894266
605.5890594509863,556.8273557032413
476.88068303052614,492.17190756090577
821.9933564063326,653.6487724341436
729.9181171662959,607.233575502905
702.8692286502011,571.8135337560042
604.4447867751416,488.4285508019009
633.7378824024624,633.8884924588604
539.8244226081974,589.0836366138292
535.1941030202516,548.4174586042784
459.2618719271435,477.15030906243527
604.5650117456447,655.3490045753657
582.2515573888973,606.9735105809585
474.1508404060144,579.4106351560351
470.36307484639593,492.57318750163415
623.6049869230419,639.9606936490462
590.462502049809,590.8395393090608
526.0449080980346,532.0804249922122
450.2458708101062,468.9070872629718
679.852888414925,630.534352432894
606.0578820118811,561.2390800870099
579.9853391014994,525.9715727150891
480.8642400701781,477.36007396041765
842.6916860042331,678.6504466849799
796.4037391842754,596.9935394056755
699.9965012999407,553.9704671910619
618.6272937304973,492.4469603542934
575.5486722407551,656.3302827913501
563.2357159535104,577.6990012753748
552.1882003404754,526.0942428564306
480.8285145314334,481.0323487648304
593.160646298201,683.6786862875692
558.0347101243617,631.8960737779609
539.7606634878863,584.1554560782031
444.9103924964266,482.712502970252
588.1142801127593,661.3097204587596
563.2008353028251,586.3689322892064
547.33924104203,529.3632170219684
456.1659378459104,467.16348205389806
541.0646069213947,669.7704076989783
535.491750516534,603.4092306841669
487.4922070220345,570.8957859705208
433.0962101744829,488.6065293465014
521.0028349635531,673.6670039270429
492.8694151072838,590.6750935854935
485.92581181990687,517.0748027985384
477.4816921343061,467.1595669875616
810.9142535647107,645.3158745660752
696.6767437590739,582.549608603452
675.2113039371985,544.8861765684225
587.6273972043278,478.82138812558026
819.3001048406257,700.4883871022968
633.9965261620346,656.0616523832202
629.7871010364094,539.3364307448464
487.48787786924026,457.61232472295364
537.15336537158,628.8915751197537
490.2480245716277,567.6705395911217
452.46005007544727,530.5167269121736
445.389627165038,478.87276175329197
871.8903709476441,661.2958463341032
808.6992940453625,606.6412834460771
789.1294533825247,572.9062499716827
625.6326029029589,481.14110511968136
753.1005291822447,654.1350603955548
717.7043943276791,590.0380461992613
595.5882682549858,555.6898413571568
471.386956858488,484.2486525754409
515.2235243375959,652.5697332550538
484.0151816302753,589.3613790991024
475.31235348623653,553.2728560337627
448.526131533754,481.65194959802193
755.5277184310702,670.6404129437876
679.4799846748333,590.4653067340118
613.9243432197584,518.8775831953596
579.8247315218983,471.58961544551715
684.8335589144109,661.3410798508729
639.2340997346352,591.3501328754168
540.7862787971517,543.4014615216842
463.993622474613,482.6099294239576
574.5465252401535,589.3889946454707
546.786302923824,547.8466090327944
506.62031199489616,544.9554408271175
452.6627833180645,481.58985065188
529.8512444414915,673.029017455651
514.5006938092062,590.0501342699093
485.17371169383694,517.1384744941853
468.92217672210353,466.8711029842251
880.4209657324252,659.9584034355676
723.639895856916,593.5942018206126
722.9494731819235,554.5438370864094
632.392256729312,483.1737370771685
575.5486722407551,646.320237619487
563.2357159535104,574.5168630211487
552.1882003404754,514.39987474332
480.8285145314334,471.43060391601006
574.3081158369903,683.1160672919736
562.4919756701654,608.7768400906117
545.268890057187,558.0131407581575
468.2588059440985,486.9880772071866
718.8566753468305,584.0132093627141
694.4020862534777,544.8089125879811
607.0455847899506,501.11865981466036
596.7817564062373,452.9397424633006
819.7561852527456,631.6064102691272
744.2625911368712,593.6162762844937
647.8911553488601,517.2048620229401
552.4887088495086,458.0774857234391
883.9137013393809,658.3034904700261
670.2198203880475,586.8780535404036
628.251506204233,531.7363847891933
607.0226160146337,478.91451686911955
719.1399891208458,623.7182648560283
696.6552261516447,585.0115931394905
691.4477200859143,519.6824082029871
508.9342663970776,459.7936304314026
601.3225399003157,674.1651213904672
570.3468238354822,603.8721667834293
550.7279569202167,560.303896157937
519.287461081475,484.66247698225453
705.7583074221305,639.6492047355399
685.8493858869784,601.0482284059564
633.1403617562687,519.3972977446371
520.5216649000569,457.5579218703954
612.656186770732,642.65805716542
569.5468887178597,604.0882249299465
563.555621855562,519.2034424965495
528.9306849568111,457.57226739009064
562.0019991124186,582.0180038193499
551.2614191811948,541.8508110867956
475.1495220819696,499.9386518930631
466.2965617875934,453.3438055686519
719.623737979524,669.2838198611829
716.7012037495248,587.0377005580784
641.1897872578048,515.0018545147707
539.265173593385,465.499674908737
723.4895969127055,629.5591968657304
647.1522013159661,589.75683461923
615.9083787428791,525.008744591343
573.9080736333348,462.6726991389123
623.4231553280721,630.9536027988452
569.1829565819573,580.0975462052135
556.6905740776033,554.3467211957098
505.4921251375621,479.5414640063003
558.5021808890314,585.1854158361809
534.152745696776,546.7729443506488
474.11215856882217,502.87374766944987
465.01940426241794,456.4770165167606
810.2016234377421,632.047002474808
743.825298279839,593.6629812295109
656.114776468272,518.5766141639413
605.537227430502,458.0758666150709
508.89640830644754,661.4219828195324
495.4781979481173,586.3147223658541
490.9775905899715,524.7765132605002
459.0731671387516,472.4233691324074
655.3756203496673,655.0472671286005
622.5483330307354,590.0210394781776
545.5066529648574,554.3889998306628
483.32506375321367,484.77139251073936
543.4020887360975,604.7293833304881
537.7181402118088,547.5175743182782
516.530324335695,507.38411171088296
461.3252547412272,468.6597810381835
575.6112770814393,592.2509959250899
567.686595595164,551.7817671817895
497.41736818055807,507.3083498049446
468.0385960630664,454.37368725881066
617.8885202787397,599.3951142063582
582.2590726071375,545.404799704448
525.2228710201773,508.19152697750843
474.0915867474108,465.532949732852
486.0421852066818,627.8493120200906
465.63583505789865,568.3016068769662
463.087972029255,531.6206465776486
462.9537746466754,476.40244769907036
673.1743843670963,685.829713683828
601.9279607274094,644.239978239358
498.2262426219892,527.2905528088837
375.85753466179426,453.3874798740673
623.6049869230419,618.7262596630769
590.462502049809,581.1772962696666
526.0449080980346,516.6473873722003
450.2458708101062,460.73372954081805
628.3419593131739,610.9258253186592
586.2749066373407,574.8429419321828
543.221784849254,508.5698345117407
446.7457013652693,457.0111473651853
856.8205559786115,670.2102896568807
783.8522772905812,596.411704117502
713.2657186728048,539.9771355453672
625.3167938440248,480.3158195159632
573.7649751736172,590.5231908600734
559.8733208533798,548.77122803222
516.5917588149247,507.589714083749
459.338777272405,456.9334232737875
622.3418691115698,617.2588518162455
561.8216819589815,578.2827088854065
472.2113819267588,520.436742725954
468.41237311769976,461.5678406605816
540.4727163589555,642.276899446724
506.1234968597247,593.6363794272678
443.30030846637055,554.5512890514661
425.4037156178861,474.19812583053874
798.7184937609263,675.0255359434908
648.7422563133529,592.3375887648623
600.0438982352738,514.8173852791055
491.39686943231214,471.42332458484
890.6302904494659,653.0912122954815
692.9903111390408,581.8704988667173
611.9395698712516,525.5857958301065
594.3445703388145,476.8247248372673
575.0947767245403,645.1415565207182
540.7174152913079,596.7754765860692
515.3790723388717,557.6023440657161
465.6513964501861,475.5839331879815
768.8995068104871,670.0016901873291
609.8527150971846,615.7572644675727
570.5677359592181,577.5968365418348
552.0152616569843,480.5265337633865
744.441471555693,658.0904830596049
615.8720804215559,590.992626105378
607.6991433081654,547.7920852445777
480.3563608398537,480.8062113541754
598.641817832653,662.8791969172805
581.2496063907054,607.5378957106128
552.9567277269363,582.6620113395533
465.736931290636,487.01993204781553
577.7556677706319,630.1037178629066
535.2261037388306,586.187983381144
534.5315618764889,550.9232589004808
460.4205357285212,476.7548406655989
734.7944791925964,651.2891974485934
547.5685472748764,583.8351831391753
541.7917029056425,536.9268659381075
410.2175269194429,478.6519183851819
427.6756646341503,680.7262582613415
425.6165161082352,600.1123412039393
413.64894468625374,529.6615473379218
394.66014909392055,476.62202499039194
576.522440376285,597.4090842736539
560.0415125668151,555.4695318030191
514.3630951435205,513.639311890799
473.275337009688,459.8116255505231
811.4085811188739,585.8404759212507
562.1979705080112,544.3091561271835
537.9662578714598,515.3481699514068
512.4270076990571,467.69471169209845
819.7561852527456,660.0720988965006
744.2625911368712,602.4648970560044
647.8911553488601,529.5799506427179
552.4887088495086,464.749751144281
748.8183849762993,590.2213242510232
695.4413182313432,554.594123694225
641.6897079914676,506.87473351056354
513.423598472593,457.4891286316523
519.667112032019,633.8854349984224
472.6484310829827,575.9034255341686
448.2488400730608,535.347384106401
407.65551445247735,479.0320597891137
535.1522375163458,603.9895506053691
532.4600786561209,551.5363454158793
458.2712163936379,523.229687695516
447.3815885391874,476.0725492187015
615.4855524048013,669.3013523610384
588.1246044796945,617.8415857068877
498.8689134589234,555.9465503442732
458.5371911970298,469.42564828730656
427.6756646341503,694.3753641938285
425.6165161082352,605.8690037880817
413.64894468625374,547.0063817615884
394.66014909392055,493.7310936711493
753.1005291822447,655.2650832010893
717.7043943276791,590.5146736058603
595.5882682549858,556.4169512516365
471.386956858488,487.8589141682193
560.8489159458138,591.6000329861392
546.4638452902718,556.680238878251
505.9816322727785,512.1770464825506
467.6263442790666,459.1758346665173
572.3824839989642,640.4464126206625
567.2599832537726,589.8664804160042
544.9593648872828,548.5209395224196
447.5078756284887,474.28050580556857
570.1884409927653,588.8308524881758
545.9290263916728,548.3467250870199
471.57757643981887,507.2683501437795
470.88472749278645,462.61951516861126
718.8768641364126,661.4068071902799
663.635620780502,586.9956385532536
582.0955673810182,548.2370512449943
464.11249093948686,490.80341351098537
599.9067437901979,658.7519859599042
579.622843559374,602.3087952662569
530.752631532557,537.0058715345388
446.8294265717018,467.83951398118097
590.8973822687532,631.562526720972
567.0724655929229,579.6667744696986
554.8414215204972,537.6751284483815
449.46823066679326,472.98429223023174
656.542117151021,630.1825100854852
622.4443186404698,579.7542198044142
570.1847305076353,536.27708294698
529.5240133472662,471.56448798589423
702.9841813969207,671.5429006298127
667.6836915769329,595.7676138477761
605.5890594509863,554.9278357249863
476.88068303052614,492.1750899250639
623.4231553280721,629.1746889050349
569.1829565819573,580.1434722513885
556.6905740776033,550.3107863165419
505.4921251375621,478.13137002639365
584.2794944143261,587.0904257146492
563.8677964470476,548.2887438524051
524.6187189122548,506.26774749692686
462.3549764618555,461.19961098283403
561.3788649431702,587.978479835933
541.2751165108117,547.6906535220243
474.0762947000208,507.5142073151704
470.9380710949574,462.9147179810556
744.441471555693,660.6571985755891
615.8720804215559,592.7613043186711
607.6991433081654,552.5270799397028
480.3563608398537,487.45622191369625
585.3743432379556,584.0732615268079
531.8175069306365,548.7469999159453
526.2858934549797,502.9937348165802
454.6720658071067,457.4356693861306
783.9978111062393,658.5951504865848
645.949655038992,593.0889424352702
616.7397475313217,551.9235690215585
477.71158091102063,485.814494725864
695.983310594185,656.0919983407138
651.6939612965455,607.7626816733036
631.165102778726,566.910606670629
593.8126480565809,476.34773983508967
856.8205559786115,681.2465288165315
783.8522772905812,600.325368778788
713.2657186728048,550.8597876289512
625.3167938440248,492.26637714795055
670.0596517449959,629.6213400829228
612.7939587726802,579.3685530001345
588.7457955390164,535.5221426797161
524.9986463351058,471.2371294510582
652.5423789518237,636.0754548918057
598.9655803711697,588.7668876216637
579.9244365101151,558.9792518055453
466.9259554652359,478.3079386729472
607.989452701624,605.725053285803
597.5454879324826,555.4637626511848
527.9232006227113,523.2233965213787
448.8796852188461,473.25733436004117
680.7479835441547,630.5140382257863
567.5579647993288,582.7353258533375
531.7119378490902,552.2384477700726
447.83671443775125,477.65036888924664
596.2905675905635,640.630966079241
551.6301017650296,594.1678170850686
532.3922616410109,560.0544054548475
469.7482625469141,476.4849267613309
893.5361726985616,669.3633194785654
830.246972179423,597.677176696357
736.5681012530437,550.3943323647746
732.6659703498235,487.6619094414505
741.7765600746402,666.6952784777784
710.094898827844,582.4655987400465
332.24320577171915,525.6849924594792
324.1278888269732,488.4188784199015
630.3045302125053,667.9389161111152
574.6217391240123,581.4923222847332
552.0230867177139,535.228421397387
455.96466391493374,493.4719417086268
687.3039250038174,671.3590555585083
636.5563789528998,611.8298488510269
616.0569467227309,534.5542245584762
440.2990519698755,465.23334499586514
543.2492470654427,616.0105571675442
513.2446557791833,573.6077586600959
494.45204633491386,520.7737072742908
454.994391472549,461.6812936795537
851.2799498692817,694.9271949541987
657.5277806932569,598.4186669546873
645.3684755142648,534.1654968932717
529.5368141913551,494.71089005897915
627.5799880739429,640.5363201212936
601.4296172538308,597.4911601243119
472.377445675868,561.05816248644
457.766359273481,474.83006026823375
564.6503779062034,627.7784627318978
562.221765439404,575.3980929600708
523.365393761723,534.2080021606548
449.5332418642992,472.91532398397806
499.29478078663095,698.2049200815885
447.1465610625411,600.8019519695526
446.56582682499766,536.1401189044998
418.1407471581099,495.41126739776513
664.6014143673349,683.5449213507598
619.3985689213596,601.1115639664554
518.9311182718285,551.2848607773124
476.479471533738,493.07722575032335
537.15336537158,644.5554226407124
490.2480245716277,572.4315197960418
452.46005007544727,535.8444616677476
445.389627165038,487.96155984983534
638.531484013179,630.3163392860173
538.2410542088205,578.4998030365462
494.1925808116165,543.0026993546417
478.8165454897073,477.65119836133874
504.37827607283606,663.492950176881
488.5474710611747,585.1075954483393
464.6056293585397,529.8190898195425
417.20570848878344,486.3533562225848
680.3067441056282,656.5417196719953
636.8202661301145,599.8048466472102
494.8083296652253,528.629433429072
447.2748230458219,464.67115173563246
808.9820195810361,648.8195984658907
737.6270040010118,605.066628234926
718.5840110078352,568.1700376378158
587.0235374380363,475.8602259515622
846.2989795017129,583.1133218269193
519.3340435775315,548.7307516257296
476.0801284568726,502.41312866962477
472.4757093430973,456.61766829212627
528.4408345778938,683.4840670048343
432.2186386578388,589.8064468813201
422.2832313764077,528.4093728399323
418.12812245621666,492.87488436262305
815.4286371353267,659.4331390471588
656.9049422633925,583.0477810726555
605.3092397437212,538.5588949910654
580.3870997222236,488.86625223928434
642.2036243588196,661.6517064323917
602.296448424304,603.5024072687597
483.4807214393936,530.1124248913645
440.3836981097085,464.97053882500927
807.2637375769092,651.4199003752399
660.4987789000014,608.9388273287205
614.3881041443576,572.7927493105115
458.0317942493817,476.1574250492257
667.2196459071486,649.5977794338705
612.0925607041158,571.4488863707023
601.0785238321068,530.3605131892314
528.319509214999,489.3192600255628
581.5200878205168,678.131305130458
547.0741931027135,624.4852719391282
545.1947702736596,561.8007818571632
462.64375263671224,471.27857877615537
529.9384469988903,632.2499982968795
526.1780121526813,587.7022248042477
463.9538871989624,532.1643558733355
451.7062290751185,463.8207573754776
561.3094979686601,644.4277467539629
519.1385951960168,600.8920058866829
453.84358433230335,555.7015437554123
444.42767951170913,470.68648640867326
796.163262730047,709.1808982380185
749.6397817134945,651.2504249713144
735.212910397333,568.8164895069382
713.8649404744775,468.44474067191635
579.5766879867067,672.0385261623799
514.568213188165,599.8045508116974
503.4052784630531,553.7670771010298
479.76497042240504,488.7742115080822
603.5039701358446,643.6228999284758
586.4351074264267,581.5583464135491
472.96665959401713,539.2442129686965
418.9705038722263,479.463815156415
645.2571534489554,674.3604696569034
598.0329385295252,606.5018509120092
561.5930909347676,569.651915638969
486.5123406637388,498.9995686504399
602.6943258880774,621.7789021780777
572.8205117183716,578.6998858246081
555.0587327575885,534.6859713423119
454.3658736081916,476.6776839904442
562.1902011710922,689.3321812401122
538.0679709738802,604.3679642965832
525.095211952674,541.8796883306593
471.46041520475393,485.3975573926456
747.8713425682434,663.9232656760438
603.1552420896735,594.8230492736551
595.564757016147,549.4635933974432
485.2427962802294,490.5957133153729
868.5557318269211,664.0540664126645
691.3860249854216,590.3983758244832
624.5338006506784,534.7407376938287
601.6365774605574,485.2528513743666
536.1063956409447,619.7002180283192
519.9511170293137,575.2987770337554
510.36802665068893,546.869071237227
438.56577751330695,479.2331899783694
734.7944791925964,655.5702809374005
547.5685472748764,588.5743792916179
541.7917029056425,542.4442480084377
410.2175269194429,485.68115185184763
633.0855537735334,651.9780451817463
626.1386646949923,602.9085336276289
541.5995896549817,548.1917646364345
444.47380938997776,483.5634845518464
582.0455968504493,614.035828794615
565.8365180204325,572.4430795265451
545.0623704781453,533.3259862526968
448.4534660173425,474.73253505377187
544.8264278932212,641.0016675215023
504.4586353696602,593.5353314735652
476.1808843449634,538.1982331177294
455.654678272116,479.65452971432495
529.8512444414915,691.1390280677414
514.5006938092062,606.2366435113257
485.17371169383694,545.1306046618827
468.92217672210353,486.66869414398883
637.7903223811521,608.2115120760936
577.0704512068247,566.3975608602601
482.8559793794818,532.3847551543063
433.786258147532,472.9490154570034
545.4034794009249,687.2346378948447
533.7014375594252,610.4206413349548
441.13860889588346,561.8363891264289
440.76046783578727,493.6839599185204
886.0973914997287,577.5975216079489
673.5272544822762,527.2496046659434
587.5385119329312,474.64981120053295
508.1075038061588,443.22560710681853
752.3610982988511,721.9865888354494
614.3920808456768,661.0803175145778
574.5108091644089,603.4942100253517
436.0444400351601,512.2481716065812
604.5650117456447,649.9873815529688
582.2515573888973,601.3556129985158
474.1508404060144,583.6893185809663
470.36307484639593,496.6897990216986
606.2494056772535,653.0362540332931
578.4376667409374,604.2724507328594
488.96077135219394,586.6363032840683
475.26024521387785,497.98785305893966
600.1848312627607,643.9514539473645
576.1073616244063,587.0515444688058
568.9894048322717,555.1366933081146
446.8909589703639,487.1890032943221
499.29478078663095,699.2718691472128
447.1465610625411,609.7182729898441
446.56582682499766,537.9680488670438
418.1407471581099,491.8657877077599
543.6220750365958,637.0466348701617
523.5444258059472,591.0843153141897
513.3031714656393,567.0632142887081
439.8737608685761,488.82705066137714
676.8394403543999,652.5170052302062
629.3607458874646,603.1533595696158
614.3525646559199,579.4952527084422
481.6278212224103,494.48643156990914
687.3039250038174,668.7213531554693
636.5563789528998,615.9865698759223
616.0569467227309,550.4049040115324
440.2990519698755,486.6159134310917
617.8885202787397,598.9170879568927
582.2590726071375,547.9300007923376
525.2228710201773,503.09741372304177
474.0915867474108,459.7653886278751
886.9439863131249,646.9485550218534
642.6408561991865,586.8392509585996
628.2031712590773,553.2445994942117
463.27141934123927,489.51812141962006
574.3081158369903,688.5189962810498
562.4919756701654,613.7923959282032
545.268890057187,569.4759525331199
468.2588059440985,501.92047057557284
574.5465252401535,567.4087184259902
546.786302923824,535.4634190599315
506.62031199489616,516.3530541714847
452.6627833180645,463.7239477462864
534.6481660855585,568.8209953553463
518.4679246313269,531.9278721479193
487.7313165056417,485.2173434533258
476.14883685981425,445.27862740638494
810.9142535647107,642.4381128878256
696.6767437590739,583.2911548973717
675.2113039371985,546.3129757368474
587.6273972043278,483.53321171554427
696.7534509928574,622.4247199034504
617.953970435682,578.8035635001934
586.9941937714807,537.0651114344056
520.0029818847727,476.24551393875686
528.8204891980407,587.0233338331749
510.3625384901165,547.9873052278775
494.3328986406138,504.0372503269512
463.91949640449496,456.55877350940887
585.7394020133004,642.9836815577715
550.3632709993229,583.9537047221418
517.5891078367027,547.1626041246905
448.2195600461519,484.19464622918815
690.5706497394297,573.8774968152103
523.0915200206745,538.8810952249014
514.9557170623666,491.4161529307107
439.6166473876625,445.12900756597594
797.2464124719116,645.8505820465649
626.3495502176121,588.0518904358183
590.7949413092078,556.0150689777557
468.8188247721748,488.3554354190839
680.7479835441547,624.715290505259
567.5579647993288,578.4392905602384
531.7119378490902,551.962547496753
447.83671443775125,481.7749134915299
656.542117151021,617.9953264353783
622.4443186404698,575.4056994211569
570.1847305076353,535.3942937488206
529.5240133472662,475.08894416762564
640.4729645162131,660.805334225449
588.9786047760023,609.5068315851466
488.90101114773086,543.9457708969926
445.0100773578821,483.39262612979024
673.0800100355472,645.6186179751573
614.0458037206637,594.2649626024868
553.8187322755293,573.3393544247256
466.21091669260466,493.0154269772379
703.0574020296224,620.925361815218
580.9031557113021,575.2165493829941
541.6768565091862,545.2939408978401
484.1221023256675,477.9935876834513
572.3824839989642,629.7262446123228
567.2599832537726,585.9032456440303
544.9593648872828,550.8412415225293
447.5078756284887,482.96086953023365
558.2422870681537,650.0430062711274
517.8796160593799,602.4627151006503
496.91003110273726,566.8564745230236
438.34312406435185,489.0856113631761
642.842507531412,620.9854219015186
579.1742076049975,577.6745547584815
544.821802333994,536.6643737060596
493.9872074384884,476.1494474007095
821.9933564063326,653.3216489585074
729.9181171662959,603.7552581822301
702.8692286502011,579.0268709731658
604.4447867751416,493.99709707374075
893.5361726985616,674.4103802425797
830.246972179423,602.088822519117
736.5681012530437,554.9019925360742
732.6659703498235,491.10316189176564
584.2794944143261,581.4338919430311
563.8677964470476,543.4744569521936
524.6187189122548,498.9955698120831
462.3549764618555,451.76778458423314
701.4898062456023,606.3028937670017
617.4823858242494,553.5799541185092
602.4585156754242,512.5037241605227
485.5927582626337,469.32774509893727
671.8581231834347,676.4945588630554
643.7564184523649,601.4268019723902
621.0629468009321,549.258396337553
506.3518049542334,493.64229362102014
540.0563718886741,621.7140910195704
497.6145714241552,578.6498556460037
481.29936025598886,528.1399316363878
451.71567832169274,469.03415207670565
529.9384469988903,632.4643866093363
526.1780121526813,587.6593197562477
463.9538871989624,540.2430352281638
451.7062290751185,475.22869697138816
508.89640830644754,674.0569932778902
495.4781979481173,597.4297261294975
490.9775905899715,541.8922347588107
459.0731671387516,485.9658957390304
527.0121877424567,577.0657833480136
521.0199339223939,535.0835568350917
491.99350066419214,501.63858088968504
436.9867045585649,461.0016536321853
642.2036243588196,656.4726502429864
602.296448424304,606.1312366154525
483.4807214393936,542.2799657472893
440.3836981097085,481.9661437837806
673.792897264189,591.7644348264405
599.67926577825,546.3884834404033
579.9439977673546,510.4240917903354
481.42426099656416,464.5308012151778
504.37827607283606,670.1336528140839
488.5474710611747,591.6164704213785
464.6056293585397,530.4759135726925
417.20570848878344,480.8508373779872
